Wells Manager iniciado.

============================================================
03/10/2026 - 06:37:04
OPERAÇÃO: DESCOMPILAR RPYC → RPY
============================================================
=== Wells Extractor — RPYC → RPY ===
Arquivos encontrados: 9
[RPYC] C:\Users\user\Desktop\RenPy\____MINHAS FERRAMENTAS RENPY\PACOTE WELLS MANAGER CORRIGIDO\bosta\Nephilim-0.6.8-pc\game\after_load.rpyc
    Decompiling C:\Users\user\Desktop\RenPy\____MINHAS FERRAMENTAS RENPY\PACOTE WELLS MANAGER CORRIGIDO\bosta\Nephilim-0.6.8-pc\game\after_load.rpyc to after_load.rpy ...
[OK] C:\Users\user\Desktop\RenPy\____MINHAS FERRAMENTAS RENPY\PACOTE WELLS MANAGER CORRIGIDO\bosta\Nephilim-0.6.8-pc\game\after_load.rpy
[RPYC] C:\Users\user\Desktop\RenPy\____MINHAS FERRAMENTAS RENPY\PACOTE WELLS MANAGER CORRIGIDO\bosta\Nephilim-0.6.8-pc\game\characters.rpyc
    Decompiling C:\Users\user\Desktop\RenPy\____MINHAS FERRAMENTAS RENPY\PACOTE WELLS MANAGER CORRIGIDO\bosta\Nephilim-0.6.8-pc\game\characters.rpyc to characters.rpy ...
[OK] C:\Users\user\Desktop\RenPy\____MINHAS FERRAMENTAS RENPY\PACOTE WELLS MANAGER CORRIGIDO\bosta\Nephilim-0.6.8-pc\game\characters.rpy
[RPYC] C:\Users\user\Desktop\RenPy\____MINHAS FERRAMENTAS RENPY\PACOTE WELLS MANAGER CORRIGIDO\bosta\Nephilim-0.6.8-pc\game\gui.rpyc
    Decompiling C:\Users\user\Desktop\RenPy\____MINHAS FERRAMENTAS RENPY\PACOTE WELLS MANAGER CORRIGIDO\bosta\Nephilim-0.6.8-pc\game\gui.rpyc to gui.rpy ...
[OK] C:\Users\user\Desktop\RenPy\____MINHAS FERRAMENTAS RENPY\PACOTE WELLS MANAGER CORRIGIDO\bosta\Nephilim-0.6.8-pc\game\gui.rpy
[RPYC] C:\Users\user\Desktop\RenPy\____MINHAS FERRAMENTAS RENPY\PACOTE WELLS MANAGER CORRIGIDO\bosta\Nephilim-0.6.8-pc\game\music.rpyc
    Decompiling C:\Users\user\Desktop\RenPy\____MINHAS FERRAMENTAS RENPY\PACOTE WELLS MANAGER CORRIGIDO\bosta\Nephilim-0.6.8-pc\game\music.rpyc to music.rpy ...
[OK] C:\Users\user\Desktop\RenPy\____MINHAS FERRAMENTAS RENPY\PACOTE WELLS MANAGER CORRIGIDO\bosta\Nephilim-0.6.8-pc\game\music.rpy
[RPYC] C:\Users\user\Desktop\RenPy\____MINHAS FERRAMENTAS RENPY\PACOTE WELLS MANAGER CORRIGIDO\bosta\Nephilim-0.6.8-pc\game\options.rpyc
    Decompiling C:\Users\user\Desktop\RenPy\____MINHAS FERRAMENTAS RENPY\PACOTE WELLS MANAGER CORRIGIDO\bosta\Nephilim-0.6.8-pc\game\options.rpyc to options.rpy ...
[OK] C:\Users\user\Desktop\RenPy\____MINHAS FERRAMENTAS RENPY\PACOTE WELLS MANAGER CORRIGIDO\bosta\Nephilim-0.6.8-pc\game\options.rpy
[RPYC] C:\Users\user\Desktop\RenPy\____MINHAS FERRAMENTAS RENPY\PACOTE WELLS MANAGER CORRIGIDO\bosta\Nephilim-0.6.8-pc\game\save.rpyc
    Decompiling C:\Users\user\Desktop\RenPy\____MINHAS FERRAMENTAS RENPY\PACOTE WELLS MANAGER CORRIGIDO\bosta\Nephilim-0.6.8-pc\game\save.rpyc to save.rpy ...
    Warning: analysis found signs that this .rpyc file was generated by ren'py 
    version 7 or below, while this unrpyc version targets ren'py 
    version 8. Decompilation will still be attempted, but errors or incorrect 
    decompilation might occur.
[OK] C:\Users\user\Desktop\RenPy\____MINHAS FERRAMENTAS RENPY\PACOTE WELLS MANAGER CORRIGIDO\bosta\Nephilim-0.6.8-pc\game\save.rpy
[RPYC] C:\Users\user\Desktop\RenPy\____MINHAS FERRAMENTAS RENPY\PACOTE WELLS MANAGER CORRIGIDO\bosta\Nephilim-0.6.8-pc\game\screens.rpyc
    Decompiling C:\Users\user\Desktop\RenPy\____MINHAS FERRAMENTAS RENPY\PACOTE WELLS MANAGER CORRIGIDO\bosta\Nephilim-0.6.8-pc\game\screens.rpyc to screens.rpy ...
    Warning: analysis found signs that this .rpyc file was generated by ren'py 
    version 7 or below, while this unrpyc version targets ren'py 
    version 8. Decompilation will still be attempted, but errors or incorrect 
    decompilation might occur.
[OK] C:\Users\user\Desktop\RenPy\____MINHAS FERRAMENTAS RENPY\PACOTE WELLS MANAGER CORRIGIDO\bosta\Nephilim-0.6.8-pc\game\screens.rpy
[RPYC] C:\Users\user\Desktop\RenPy\____MINHAS FERRAMENTAS RENPY\PACOTE WELLS MANAGER CORRIGIDO\bosta\Nephilim-0.6.8-pc\game\script.rpyc
    Decompiling C:\Users\user\Desktop\RenPy\____MINHAS FERRAMENTAS RENPY\PACOTE WELLS MANAGER CORRIGIDO\bosta\Nephilim-0.6.8-pc\game\script.rpyc to script.rpy ...
[OK] C:\Users\user\Desktop\RenPy\____MINHAS FERRAMENTAS RENPY\PACOTE WELLS MANAGER CORRIGIDO\bosta\Nephilim-0.6.8-pc\game\script.rpy
[RPYC] C:\Users\user\Desktop\RenPy\____MINHAS FERRAMENTAS RENPY\PACOTE WELLS MANAGER CORRIGIDO\bosta\Nephilim-0.6.8-pc\game\variables.rpyc
    Decompiling C:\Users\user\Desktop\RenPy\____MINHAS FERRAMENTAS RENPY\PACOTE WELLS MANAGER CORRIGIDO\bosta\Nephilim-0.6.8-pc\game\variables.rpyc to variables.rpy ...
[OK] C:\Users\user\Desktop\RenPy\____MINHAS FERRAMENTAS RENPY\PACOTE WELLS MANAGER CORRIGIDO\bosta\Nephilim-0.6.8-pc\game\variables.rpy

DECOMPILAÇÃO COMPLETA!: 9, ignorados: 0, erros: 0

============================================================
03/10/2026 - 06:43:26
OPERAÇÃO: DESCOMPILAR RPYC → RPY
============================================================
=== Wells Extractor — RPYC → RPY ===
Arquivos encontrados: 250
[RPYC] C:\Users\user\Desktop\RenPy\____MINHAS FERRAMENTAS RENPY\PACOTE WELLS MANAGER CORRIGIDO\bosta\Nephilim-0.6.8-pc\game\after_load.rpyc
    Decompiling C:\Users\user\Desktop\RenPy\____MINHAS FERRAMENTAS RENPY\PACOTE WELLS MANAGER CORRIGIDO\bosta\Nephilim-0.6.8-pc\game\after_load.rpyc to after_load.rpy ...
[OK] C:\Users\user\Desktop\RenPy\____MINHAS FERRAMENTAS RENPY\PACOTE WELLS MANAGER CORRIGIDO\bosta\Nephilim-0.6.8-pc\game\after_load.rpy
[RPYC] C:\Users\user\Desktop\RenPy\____MINHAS FERRAMENTAS RENPY\PACOTE WELLS MANAGER CORRIGIDO\bosta\Nephilim-0.6.8-pc\game\characters.rpyc
    Decompiling C:\Users\user\Desktop\RenPy\____MINHAS FERRAMENTAS RENPY\PACOTE WELLS MANAGER CORRIGIDO\bosta\Nephilim-0.6.8-pc\game\characters.rpyc to characters.rpy ...
[OK] C:\Users\user\Desktop\RenPy\____MINHAS FERRAMENTAS RENPY\PACOTE WELLS MANAGER CORRIGIDO\bosta\Nephilim-0.6.8-pc\game\characters.rpy
[RPYC] C:\Users\user\Desktop\RenPy\____MINHAS FERRAMENTAS RENPY\PACOTE WELLS MANAGER CORRIGIDO\bosta\Nephilim-0.6.8-pc\game\gui.rpyc
    Decompiling C:\Users\user\Desktop\RenPy\____MINHAS FERRAMENTAS RENPY\PACOTE WELLS MANAGER CORRIGIDO\bosta\Nephilim-0.6.8-pc\game\gui.rpyc to gui.rpy ...
[OK] C:\Users\user\Desktop\RenPy\____MINHAS FERRAMENTAS RENPY\PACOTE WELLS MANAGER CORRIGIDO\bosta\Nephilim-0.6.8-pc\game\gui.rpy
[RPYC] C:\Users\user\Desktop\RenPy\____MINHAS FERRAMENTAS RENPY\PACOTE WELLS MANAGER CORRIGIDO\bosta\Nephilim-0.6.8-pc\game\music.rpyc
    Decompiling C:\Users\user\Desktop\RenPy\____MINHAS FERRAMENTAS RENPY\PACOTE WELLS MANAGER CORRIGIDO\bosta\Nephilim-0.6.8-pc\game\music.rpyc to music.rpy ...
[OK] C:\Users\user\Desktop\RenPy\____MINHAS FERRAMENTAS RENPY\PACOTE WELLS MANAGER CORRIGIDO\bosta\Nephilim-0.6.8-pc\game\music.rpy
[RPYC] C:\Users\user\Desktop\RenPy\____MINHAS FERRAMENTAS RENPY\PACOTE WELLS MANAGER CORRIGIDO\bosta\Nephilim-0.6.8-pc\game\options.rpyc
    Decompiling C:\Users\user\Desktop\RenPy\____MINHAS FERRAMENTAS RENPY\PACOTE WELLS MANAGER CORRIGIDO\bosta\Nephilim-0.6.8-pc\game\options.rpyc to options.rpy ...
[OK] C:\Users\user\Desktop\RenPy\____MINHAS FERRAMENTAS RENPY\PACOTE WELLS MANAGER CORRIGIDO\bosta\Nephilim-0.6.8-pc\game\options.rpy
[RPYC] C:\Users\user\Desktop\RenPy\____MINHAS FERRAMENTAS RENPY\PACOTE WELLS MANAGER CORRIGIDO\bosta\Nephilim-0.6.8-pc\game\save.rpyc
    Decompiling C:\Users\user\Desktop\RenPy\____MINHAS FERRAMENTAS RENPY\PACOTE WELLS MANAGER CORRIGIDO\bosta\Nephilim-0.6.8-pc\game\save.rpyc to save.rpy ...
    Warning: analysis found signs that this .rpyc file was generated by ren'py 
    version 7 or below, while this unrpyc version targets ren'py 
    version 8. Decompilation will still be attempted, but errors or incorrect 
    decompilation might occur.
[OK] C:\Users\user\Desktop\RenPy\____MINHAS FERRAMENTAS RENPY\PACOTE WELLS MANAGER CORRIGIDO\bosta\Nephilim-0.6.8-pc\game\save.rpy
[RPYC] C:\Users\user\Desktop\RenPy\____MINHAS FERRAMENTAS RENPY\PACOTE WELLS MANAGER CORRIGIDO\bosta\Nephilim-0.6.8-pc\game\screens.rpyc
    Decompiling C:\Users\user\Desktop\RenPy\____MINHAS FERRAMENTAS RENPY\PACOTE WELLS MANAGER CORRIGIDO\bosta\Nephilim-0.6.8-pc\game\screens.rpyc to screens.rpy ...
    Warning: analysis found signs that this .rpyc file was generated by ren'py 
    version 7 or below, while this unrpyc version targets ren'py 
    version 8. Decompilation will still be attempted, but errors or incorrect 
    decompilation might occur.
[OK] C:\Users\user\Desktop\RenPy\____MINHAS FERRAMENTAS RENPY\PACOTE WELLS MANAGER CORRIGIDO\bosta\Nephilim-0.6.8-pc\game\screens.rpy
[RPYC] C:\Users\user\Desktop\RenPy\____MINHAS FERRAMENTAS RENPY\PACOTE WELLS MANAGER CORRIGIDO\bosta\Nephilim-0.6.8-pc\game\script.rpyc
    Decompiling C:\Users\user\Desktop\RenPy\____MINHAS FERRAMENTAS RENPY\PACOTE WELLS MANAGER CORRIGIDO\bosta\Nephilim-0.6.8-pc\game\script.rpyc to script.rpy ...
[OK] C:\Users\user\Desktop\RenPy\____MINHAS FERRAMENTAS RENPY\PACOTE WELLS MANAGER CORRIGIDO\bosta\Nephilim-0.6.8-pc\game\script.rpy
[RPYC] C:\Users\user\Desktop\RenPy\____MINHAS FERRAMENTAS RENPY\PACOTE WELLS MANAGER CORRIGIDO\bosta\Nephilim-0.6.8-pc\game\variables.rpyc
    Decompiling C:\Users\user\Desktop\RenPy\____MINHAS FERRAMENTAS RENPY\PACOTE WELLS MANAGER CORRIGIDO\bosta\Nephilim-0.6.8-pc\game\variables.rpyc to variables.rpy ...
[OK] C:\Users\user\Desktop\RenPy\____MINHAS FERRAMENTAS RENPY\PACOTE WELLS MANAGER CORRIGIDO\bosta\Nephilim-0.6.8-pc\game\variables.rpy
[RPYC] C:\Users\user\Desktop\RenPy\____MINHAS FERRAMENTAS RENPY\PACOTE WELLS MANAGER CORRIGIDO\bosta\Nephilim-0.6.8-pc\game\wells\wells_choices.rpyc
    Decompiling C:\Users\user\Desktop\RenPy\____MINHAS FERRAMENTAS RENPY\PACOTE WELLS MANAGER CORRIGIDO\bosta\Nephilim-0.6.8-pc\game\wells\wells_choices.rpyc to wells_choices.rpy ...
    Warning: analysis found signs that this .rpyc file was generated by ren'py 
    version 7 or below, while this unrpyc version targets ren'py 
    version 8. Decompilation will still be attempted, but errors or incorrect 
    decompilation might occur.
[OK] C:\Users\user\Desktop\RenPy\____MINHAS FERRAMENTAS RENPY\PACOTE WELLS MANAGER CORRIGIDO\bosta\Nephilim-0.6.8-pc\game\wells\wells_choices.rpy
[RPYC] C:\Users\user\Desktop\RenPy\____MINHAS FERRAMENTAS RENPY\PACOTE WELLS MANAGER CORRIGIDO\bosta\Nephilim-0.6.8-pc\game\wells\wells_menu.rpyc
    Decompiling C:\Users\user\Desktop\RenPy\____MINHAS FERRAMENTAS RENPY\PACOTE WELLS MANAGER CORRIGIDO\bosta\Nephilim-0.6.8-pc\game\wells\wells_menu.rpyc to wells_menu.rpy ...
    Warning: analysis found signs that this .rpyc file was generated by ren'py 
    version 7 or below, while this unrpyc version targets ren'py 
    version 8. Decompilation will still be attempted, but errors or incorrect 
    decompilation might occur.
[OK] C:\Users\user\Desktop\RenPy\____MINHAS FERRAMENTAS RENPY\PACOTE WELLS MANAGER CORRIGIDO\bosta\Nephilim-0.6.8-pc\game\wells\wells_menu.rpy
[RPYC] C:\Users\user\Desktop\RenPy\____MINHAS FERRAMENTAS RENPY\PACOTE WELLS MANAGER CORRIGIDO\bosta\Nephilim-0.6.8-pc\game\wells\wells_performance.rpyc
    Decompiling C:\Users\user\Desktop\RenPy\____MINHAS FERRAMENTAS RENPY\PACOTE WELLS MANAGER CORRIGIDO\bosta\Nephilim-0.6.8-pc\game\wells\wells_performance.rpyc to wells_performance.rpy ...
    Warning: analysis found signs that this .rpyc file was generated by ren'py 
    version 7 or below, while this unrpyc version targets ren'py 
    version 8. Decompilation will still be attempted, but errors or incorrect 
    decompilation might occur.
[OK] C:\Users\user\Desktop\RenPy\____MINHAS FERRAMENTAS RENPY\PACOTE WELLS MANAGER CORRIGIDO\bosta\Nephilim-0.6.8-pc\game\wells\wells_performance.rpy
[RPYC] C:\Users\user\Desktop\RenPy\____MINHAS FERRAMENTAS RENPY\PACOTE WELLS MANAGER CORRIGIDO\bosta\Nephilim-0.6.8-pc\game\wells\wells_quickmenu.rpyc
    Decompiling C:\Users\user\Desktop\RenPy\____MINHAS FERRAMENTAS RENPY\PACOTE WELLS MANAGER CORRIGIDO\bosta\Nephilim-0.6.8-pc\game\wells\wells_quickmenu.rpyc to wells_quickmenu.rpy ...
    Warning: analysis found signs that this .rpyc file was generated by ren'py 
    version 7 or below, while this unrpyc version targets ren'py 
    version 8. Decompilation will still be attempted, but errors or incorrect 
    decompilation might occur.
[OK] C:\Users\user\Desktop\RenPy\____MINHAS FERRAMENTAS RENPY\PACOTE WELLS MANAGER CORRIGIDO\bosta\Nephilim-0.6.8-pc\game\wells\wells_quickmenu.rpy
[RPYC] C:\Users\user\Desktop\RenPy\____MINHAS FERRAMENTAS RENPY\PACOTE WELLS MANAGER CORRIGIDO\bosta\Nephilim-0.6.8-pc\game\wells\wells_saveload.rpyc
    Decompiling C:\Users\user\Desktop\RenPy\____MINHAS FERRAMENTAS RENPY\PACOTE WELLS MANAGER CORRIGIDO\bosta\Nephilim-0.6.8-pc\game\wells\wells_saveload.rpyc to wells_saveload.rpy ...
    Warning: analysis found signs that this .rpyc file was generated by ren'py 
    version 7 or below, while this unrpyc version targets ren'py 
    version 8. Decompilation will still be attempted, but errors or incorrect 
    decompilation might occur.
[OK] C:\Users\user\Desktop\RenPy\____MINHAS FERRAMENTAS RENPY\PACOTE WELLS MANAGER CORRIGIDO\bosta\Nephilim-0.6.8-pc\game\wells\wells_saveload.rpy
[RPYC] C:\Users\user\Desktop\RenPy\____MINHAS FERRAMENTAS RENPY\PACOTE WELLS MANAGER CORRIGIDO\bosta\Nephilim-0.6.8-pc\game\wells\wells_screens.rpyc
    Decompiling C:\Users\user\Desktop\RenPy\____MINHAS FERRAMENTAS RENPY\PACOTE WELLS MANAGER CORRIGIDO\bosta\Nephilim-0.6.8-pc\game\wells\wells_screens.rpyc to wells_screens.rpy ...
    Warning: analysis found signs that this .rpyc file was generated by ren'py 
    version 7 or below, while this unrpyc version targets ren'py 
    version 8. Decompilation will still be attempted, but errors or incorrect 
    decompilation might occur.
[OK] C:\Users\user\Desktop\RenPy\____MINHAS FERRAMENTAS RENPY\PACOTE WELLS MANAGER CORRIGIDO\bosta\Nephilim-0.6.8-pc\game\wells\wells_screens.rpy
[RPYC] C:\Users\user\Desktop\RenPy\____MINHAS FERRAMENTAS RENPY\PACOTE WELLS MANAGER CORRIGIDO\bosta\Nephilim-0.6.8-pc\game\wells\wells_screen_control.rpyc
    Decompiling C:\Users\user\Desktop\RenPy\____MINHAS FERRAMENTAS RENPY\PACOTE WELLS MANAGER CORRIGIDO\bosta\Nephilim-0.6.8-pc\game\wells\wells_screen_control.rpyc to wells_screen_control.rpy ...
    Warning: analysis found signs that this .rpyc file was generated by ren'py 
    version 7 or below, while this unrpyc version targets ren'py 
    version 8. Decompilation will still be attempted, but errors or incorrect 
    decompilation might occur.
[OK] C:\Users\user\Desktop\RenPy\____MINHAS FERRAMENTAS RENPY\PACOTE WELLS MANAGER CORRIGIDO\bosta\Nephilim-0.6.8-pc\game\wells\wells_screen_control.rpy
[RPYC] C:\Users\user\Desktop\RenPy\____MINHAS FERRAMENTAS RENPY\PACOTE WELLS MANAGER CORRIGIDO\bosta\Nephilim-0.6.8-pc\game\wells\wells_settings.rpyc
    Decompiling C:\Users\user\Desktop\RenPy\____MINHAS FERRAMENTAS RENPY\PACOTE WELLS MANAGER CORRIGIDO\bosta\Nephilim-0.6.8-pc\game\wells\wells_settings.rpyc to wells_settings.rpy ...
[OK] C:\Users\user\Desktop\RenPy\____MINHAS FERRAMENTAS RENPY\PACOTE WELLS MANAGER CORRIGIDO\bosta\Nephilim-0.6.8-pc\game\wells\wells_settings.rpy
[RPYC] C:\Users\user\Desktop\RenPy\____MINHAS FERRAMENTAS RENPY\PACOTE WELLS MANAGER CORRIGIDO\bosta\Nephilim-0.6.8-pc\game\wells\wells_styles.rpyc
    Decompiling C:\Users\user\Desktop\RenPy\____MINHAS FERRAMENTAS RENPY\PACOTE WELLS MANAGER CORRIGIDO\bosta\Nephilim-0.6.8-pc\game\wells\wells_styles.rpyc to wells_styles.rpy ...
    Warning: analysis found signs that this .rpyc file was generated by ren'py 
    version 7 or below, while this unrpyc version targets ren'py 
    version 8. Decompilation will still be attempted, but errors or incorrect 
    decompilation might occur.
[OK] C:\Users\user\Desktop\RenPy\____MINHAS FERRAMENTAS RENPY\PACOTE WELLS MANAGER CORRIGIDO\bosta\Nephilim-0.6.8-pc\game\wells\wells_styles.rpy
[RPYC] C:\Users\user\Desktop\RenPy\____MINHAS FERRAMENTAS RENPY\PACOTE WELLS MANAGER CORRIGIDO\bosta\Nephilim-0.6.8-pc\game\wells\wells_translate_selector.rpyc
    Decompiling C:\Users\user\Desktop\RenPy\____MINHAS FERRAMENTAS RENPY\PACOTE WELLS MANAGER CORRIGIDO\bosta\Nephilim-0.6.8-pc\game\wells\wells_translate_selector.rpyc to wells_translate_selector.rpy ...
    Warning: analysis found signs that this .rpyc file was generated by ren'py 
    version 7 or below, while this unrpyc version targets ren'py 
    version 8. Decompilation will still be attempted, but errors or incorrect 
    decompilation might occur.
[OK] C:\Users\user\Desktop\RenPy\____MINHAS FERRAMENTAS RENPY\PACOTE WELLS MANAGER CORRIGIDO\bosta\Nephilim-0.6.8-pc\game\wells\wells_translate_selector.rpy
[RPYC] C:\Users\user\Desktop\RenPy\____MINHAS FERRAMENTAS RENPY\PACOTE WELLS MANAGER CORRIGIDO\bosta\Nephilim-0.6.8-pc\game\wells\wells_Walkthrough.rpyc
    Decompiling C:\Users\user\Desktop\RenPy\____MINHAS FERRAMENTAS RENPY\PACOTE WELLS MANAGER CORRIGIDO\bosta\Nephilim-0.6.8-pc\game\wells\wells_Walkthrough.rpyc to wells_Walkthrough.rpy ...
[OK] C:\Users\user\Desktop\RenPy\____MINHAS FERRAMENTAS RENPY\PACOTE WELLS MANAGER CORRIGIDO\bosta\Nephilim-0.6.8-pc\game\wells\wells_Walkthrough.rpy
[RPYC] C:\Users\user\Desktop\RenPy\____MINHAS FERRAMENTAS RENPY\PACOTE WELLS MANAGER CORRIGIDO\bosta\Nephilim-0.6.8-pc\game\wells\wells_wt_screen.rpyc
    Decompiling C:\Users\user\Desktop\RenPy\____MINHAS FERRAMENTAS RENPY\PACOTE WELLS MANAGER CORRIGIDO\bosta\Nephilim-0.6.8-pc\game\wells\wells_wt_screen.rpyc to wells_wt_screen.rpy ...
    Warning: analysis found signs that this .rpyc file was generated by ren'py 
    version 7 or below, while this unrpyc version targets ren'py 
    version 8. Decompilation will still be attempted, but errors or incorrect 
    decompilation might occur.
[OK] C:\Users\user\Desktop\RenPy\____MINHAS FERRAMENTAS RENPY\PACOTE WELLS MANAGER CORRIGIDO\bosta\Nephilim-0.6.8-pc\game\wells\wells_wt_screen.rpy
[RPYC] C:\Users\user\Desktop\RenPy\____MINHAS FERRAMENTAS RENPY\PACOTE WELLS MANAGER CORRIGIDO\bosta\Nephilim-0.6.8-pc\game\wells\_wells_intro.rpyc
    Decompiling C:\Users\user\Desktop\RenPy\____MINHAS FERRAMENTAS RENPY\PACOTE WELLS MANAGER CORRIGIDO\bosta\Nephilim-0.6.8-pc\game\wells\_wells_intro.rpyc to _wells_intro.rpy ...
    Warning: analysis found signs that this .rpyc file was generated by ren'py 
    version 7 or below, while this unrpyc version targets ren'py 
    version 8. Decompilation will still be attempted, but errors or incorrect 
    decompilation might occur.
[OK] C:\Users\user\Desktop\RenPy\____MINHAS FERRAMENTAS RENPY\PACOTE WELLS MANAGER CORRIGIDO\bosta\Nephilim-0.6.8-pc\game\wells\_wells_intro.rpy
[RPYC] C:\Users\user\Desktop\RenPy\____MINHAS FERRAMENTAS RENPY\PACOTE WELLS MANAGER CORRIGIDO\bosta\Nephilim-0.6.8-pc\game\chapters\chapter6\ch6sc1.rpyc
    Decompiling C:\Users\user\Desktop\RenPy\____MINHAS FERRAMENTAS RENPY\PACOTE WELLS MANAGER CORRIGIDO\bosta\Nephilim-0.6.8-pc\game\chapters\chapter6\ch6sc1.rpyc to ch6sc1.rpy ...
    Warning: analysis found signs that this .rpyc file was generated by ren'py 
    version 7 or below, while this unrpyc version targets ren'py 
    version 8. Decompilation will still be attempted, but errors or incorrect 
    decompilation might occur.
[OK] C:\Users\user\Desktop\RenPy\____MINHAS FERRAMENTAS RENPY\PACOTE WELLS MANAGER CORRIGIDO\bosta\Nephilim-0.6.8-pc\game\chapters\chapter6\ch6sc1.rpy
[RPYC] C:\Users\user\Desktop\RenPy\____MINHAS FERRAMENTAS RENPY\PACOTE WELLS MANAGER CORRIGIDO\bosta\Nephilim-0.6.8-pc\game\chapters\chapter6\ch6sc10.rpyc
    Decompiling C:\Users\user\Desktop\RenPy\____MINHAS FERRAMENTAS RENPY\PACOTE WELLS MANAGER CORRIGIDO\bosta\Nephilim-0.6.8-pc\game\chapters\chapter6\ch6sc10.rpyc to ch6sc10.rpy ...
    Warning: analysis found signs that this .rpyc file was generated by ren'py 
    version 7 or below, while this unrpyc version targets ren'py 
    version 8. Decompilation will still be attempted, but errors or incorrect 
    decompilation might occur.
[OK] C:\Users\user\Desktop\RenPy\____MINHAS FERRAMENTAS RENPY\PACOTE WELLS MANAGER CORRIGIDO\bosta\Nephilim-0.6.8-pc\game\chapters\chapter6\ch6sc10.rpy
[RPYC] C:\Users\user\Desktop\RenPy\____MINHAS FERRAMENTAS RENPY\PACOTE WELLS MANAGER CORRIGIDO\bosta\Nephilim-0.6.8-pc\game\chapters\chapter6\ch6sc2.rpyc
    Decompiling C:\Users\user\Desktop\RenPy\____MINHAS FERRAMENTAS RENPY\PACOTE WELLS MANAGER CORRIGIDO\bosta\Nephilim-0.6.8-pc\game\chapters\chapter6\ch6sc2.rpyc to ch6sc2.rpy ...
    Warning: analysis found signs that this .rpyc file was generated by ren'py 
    version 7 or below, while this unrpyc version targets ren'py 
    version 8. Decompilation will still be attempted, but errors or incorrect 
    decompilation might occur.
[OK] C:\Users\user\Desktop\RenPy\____MINHAS FERRAMENTAS RENPY\PACOTE WELLS MANAGER CORRIGIDO\bosta\Nephilim-0.6.8-pc\game\chapters\chapter6\ch6sc2.rpy
[RPYC] C:\Users\user\Desktop\RenPy\____MINHAS FERRAMENTAS RENPY\PACOTE WELLS MANAGER CORRIGIDO\bosta\Nephilim-0.6.8-pc\game\chapters\chapter6\ch6sc3.rpyc
    Decompiling C:\Users\user\Desktop\RenPy\____MINHAS FERRAMENTAS RENPY\PACOTE WELLS MANAGER CORRIGIDO\bosta\Nephilim-0.6.8-pc\game\chapters\chapter6\ch6sc3.rpyc to ch6sc3.rpy ...
    Warning: analysis found signs that this .rpyc file was generated by ren'py 
    version 7 or below, while this unrpyc version targets ren'py 
    version 8. Decompilation will still be attempted, but errors or incorrect 
    decompilation might occur.
[OK] C:\Users\user\Desktop\RenPy\____MINHAS FERRAMENTAS RENPY\PACOTE WELLS MANAGER CORRIGIDO\bosta\Nephilim-0.6.8-pc\game\chapters\chapter6\ch6sc3.rpy
[RPYC] C:\Users\user\Desktop\RenPy\____MINHAS FERRAMENTAS RENPY\PACOTE WELLS MANAGER CORRIGIDO\bosta\Nephilim-0.6.8-pc\game\chapters\chapter6\ch6sc4.rpyc
    Decompiling C:\Users\user\Desktop\RenPy\____MINHAS FERRAMENTAS RENPY\PACOTE WELLS MANAGER CORRIGIDO\bosta\Nephilim-0.6.8-pc\game\chapters\chapter6\ch6sc4.rpyc to ch6sc4.rpy ...
    Warning: analysis found signs that this .rpyc file was generated by ren'py 
    version 7 or below, while this unrpyc version targets ren'py 
    version 8. Decompilation will still be attempted, but errors or incorrect 
    decompilation might occur.
[OK] C:\Users\user\Desktop\RenPy\____MINHAS FERRAMENTAS RENPY\PACOTE WELLS MANAGER CORRIGIDO\bosta\Nephilim-0.6.8-pc\game\chapters\chapter6\ch6sc4.rpy
[RPYC] C:\Users\user\Desktop\RenPy\____MINHAS FERRAMENTAS RENPY\PACOTE WELLS MANAGER CORRIGIDO\bosta\Nephilim-0.6.8-pc\game\chapters\chapter6\ch6sc5.rpyc
    Decompiling C:\Users\user\Desktop\RenPy\____MINHAS FERRAMENTAS RENPY\PACOTE WELLS MANAGER CORRIGIDO\bosta\Nephilim-0.6.8-pc\game\chapters\chapter6\ch6sc5.rpyc to ch6sc5.rpy ...
    Warning: analysis found signs that this .rpyc file was generated by ren'py 
    version 7 or below, while this unrpyc version targets ren'py 
    version 8. Decompilation will still be attempted, but errors or incorrect 
    decompilation might occur.
[OK] C:\Users\user\Desktop\RenPy\____MINHAS FERRAMENTAS RENPY\PACOTE WELLS MANAGER CORRIGIDO\bosta\Nephilim-0.6.8-pc\game\chapters\chapter6\ch6sc5.rpy
[RPYC] C:\Users\user\Desktop\RenPy\____MINHAS FERRAMENTAS RENPY\PACOTE WELLS MANAGER CORRIGIDO\bosta\Nephilim-0.6.8-pc\game\chapters\chapter6\ch6sc6.rpyc
    Decompiling C:\Users\user\Desktop\RenPy\____MINHAS FERRAMENTAS RENPY\PACOTE WELLS MANAGER CORRIGIDO\bosta\Nephilim-0.6.8-pc\game\chapters\chapter6\ch6sc6.rpyc to ch6sc6.rpy ...
    Warning: analysis found signs that this .rpyc file was generated by ren'py 
    version 7 or below, while this unrpyc version targets ren'py 
    version 8. Decompilation will still be attempted, but errors or incorrect 
    decompilation might occur.
[OK] C:\Users\user\Desktop\RenPy\____MINHAS FERRAMENTAS RENPY\PACOTE WELLS MANAGER CORRIGIDO\bosta\Nephilim-0.6.8-pc\game\chapters\chapter6\ch6sc6.rpy
[RPYC] C:\Users\user\Desktop\RenPy\____MINHAS FERRAMENTAS RENPY\PACOTE WELLS MANAGER CORRIGIDO\bosta\Nephilim-0.6.8-pc\game\chapters\chapter6\ch6sc7.rpyc
    Decompiling C:\Users\user\Desktop\RenPy\____MINHAS FERRAMENTAS RENPY\PACOTE WELLS MANAGER CORRIGIDO\bosta\Nephilim-0.6.8-pc\game\chapters\chapter6\ch6sc7.rpyc to ch6sc7.rpy ...
    Warning: analysis found signs that this .rpyc file was generated by ren'py 
    version 7 or below, while this unrpyc version targets ren'py 
    version 8. Decompilation will still be attempted, but errors or incorrect 
    decompilation might occur.
[OK] C:\Users\user\Desktop\RenPy\____MINHAS FERRAMENTAS RENPY\PACOTE WELLS MANAGER CORRIGIDO\bosta\Nephilim-0.6.8-pc\game\chapters\chapter6\ch6sc7.rpy
[RPYC] C:\Users\user\Desktop\RenPy\____MINHAS FERRAMENTAS RENPY\PACOTE WELLS MANAGER CORRIGIDO\bosta\Nephilim-0.6.8-pc\game\chapters\chapter6\ch6sc8.rpyc
    Decompiling C:\Users\user\Desktop\RenPy\____MINHAS FERRAMENTAS RENPY\PACOTE WELLS MANAGER CORRIGIDO\bosta\Nephilim-0.6.8-pc\game\chapters\chapter6\ch6sc8.rpyc to ch6sc8.rpy ...
    Warning: analysis found signs that this .rpyc file was generated by ren'py 
    version 7 or below, while this unrpyc version targets ren'py 
    version 8. Decompilation will still be attempted, but errors or incorrect 
    decompilation might occur.
[OK] C:\Users\user\Desktop\RenPy\____MINHAS FERRAMENTAS RENPY\PACOTE WELLS MANAGER CORRIGIDO\bosta\Nephilim-0.6.8-pc\game\chapters\chapter6\ch6sc8.rpy
[RPYC] C:\Users\user\Desktop\RenPy\____MINHAS FERRAMENTAS RENPY\PACOTE WELLS MANAGER CORRIGIDO\bosta\Nephilim-0.6.8-pc\game\chapters\chapter6\ch6sc9.rpyc
    Decompiling C:\Users\user\Desktop\RenPy\____MINHAS FERRAMENTAS RENPY\PACOTE WELLS MANAGER CORRIGIDO\bosta\Nephilim-0.6.8-pc\game\chapters\chapter6\ch6sc9.rpyc to ch6sc9.rpy ...
    Warning: analysis found signs that this .rpyc file was generated by ren'py 
    version 7 or below, while this unrpyc version targets ren'py 
    version 8. Decompilation will still be attempted, but errors or incorrect 
    decompilation might occur.
[OK] C:\Users\user\Desktop\RenPy\____MINHAS FERRAMENTAS RENPY\PACOTE WELLS MANAGER CORRIGIDO\bosta\Nephilim-0.6.8-pc\game\chapters\chapter6\ch6sc9.rpy
[RPYC] C:\Users\user\Desktop\RenPy\____MINHAS FERRAMENTAS RENPY\PACOTE WELLS MANAGER CORRIGIDO\bosta\Nephilim-0.6.8-pc\game\chapters\chapter7\ch7sc1.rpyc
    Decompiling C:\Users\user\Desktop\RenPy\____MINHAS FERRAMENTAS RENPY\PACOTE WELLS MANAGER CORRIGIDO\bosta\Nephilim-0.6.8-pc\game\chapters\chapter7\ch7sc1.rpyc to ch7sc1.rpy ...
    Warning: analysis found signs that this .rpyc file was generated by ren'py 
    version 7 or below, while this unrpyc version targets ren'py 
    version 8. Decompilation will still be attempted, but errors or incorrect 
    decompilation might occur.
[OK] C:\Users\user\Desktop\RenPy\____MINHAS FERRAMENTAS RENPY\PACOTE WELLS MANAGER CORRIGIDO\bosta\Nephilim-0.6.8-pc\game\chapters\chapter7\ch7sc1.rpy
[RPYC] C:\Users\user\Desktop\RenPy\____MINHAS FERRAMENTAS RENPY\PACOTE WELLS MANAGER CORRIGIDO\bosta\Nephilim-0.6.8-pc\game\chapters\chapter7\ch7sc2.rpyc
    Decompiling C:\Users\user\Desktop\RenPy\____MINHAS FERRAMENTAS RENPY\PACOTE WELLS MANAGER CORRIGIDO\bosta\Nephilim-0.6.8-pc\game\chapters\chapter7\ch7sc2.rpyc to ch7sc2.rpy ...
    Warning: analysis found signs that this .rpyc file was generated by ren'py 
    version 7 or below, while this unrpyc version targets ren'py 
    version 8. Decompilation will still be attempted, but errors or incorrect 
    decompilation might occur.
[OK] C:\Users\user\Desktop\RenPy\____MINHAS FERRAMENTAS RENPY\PACOTE WELLS MANAGER CORRIGIDO\bosta\Nephilim-0.6.8-pc\game\chapters\chapter7\ch7sc2.rpy
[RPYC] C:\Users\user\Desktop\RenPy\____MINHAS FERRAMENTAS RENPY\PACOTE WELLS MANAGER CORRIGIDO\bosta\Nephilim-0.6.8-pc\game\chapters\chapter7\ch7sc3.rpyc
    Decompiling C:\Users\user\Desktop\RenPy\____MINHAS FERRAMENTAS RENPY\PACOTE WELLS MANAGER CORRIGIDO\bosta\Nephilim-0.6.8-pc\game\chapters\chapter7\ch7sc3.rpyc to ch7sc3.rpy ...
    Warning: analysis found signs that this .rpyc file was generated by ren'py 
    version 7 or below, while this unrpyc version targets ren'py 
    version 8. Decompilation will still be attempted, but errors or incorrect 
    decompilation might occur.
[OK] C:\Users\user\Desktop\RenPy\____MINHAS FERRAMENTAS RENPY\PACOTE WELLS MANAGER CORRIGIDO\bosta\Nephilim-0.6.8-pc\game\chapters\chapter7\ch7sc3.rpy
[RPYC] C:\Users\user\Desktop\RenPy\____MINHAS FERRAMENTAS RENPY\PACOTE WELLS MANAGER CORRIGIDO\bosta\Nephilim-0.6.8-pc\game\chapters\chapter7\ch7sc4.rpyc
    Decompiling C:\Users\user\Desktop\RenPy\____MINHAS FERRAMENTAS RENPY\PACOTE WELLS MANAGER CORRIGIDO\bosta\Nephilim-0.6.8-pc\game\chapters\chapter7\ch7sc4.rpyc to ch7sc4.rpy ...
    Warning: analysis found signs that this .rpyc file was generated by ren'py 
    version 7 or below, while this unrpyc version targets ren'py 
    version 8. Decompilation will still be attempted, but errors or incorrect 
    decompilation might occur.
[OK] C:\Users\user\Desktop\RenPy\____MINHAS FERRAMENTAS RENPY\PACOTE WELLS MANAGER CORRIGIDO\bosta\Nephilim-0.6.8-pc\game\chapters\chapter7\ch7sc4.rpy
[RPYC] C:\Users\user\Desktop\RenPy\____MINHAS FERRAMENTAS RENPY\PACOTE WELLS MANAGER CORRIGIDO\bosta\Nephilim-0.6.8-pc\game\chapters\chapter7\ch7sc5.rpyc
    Decompiling C:\Users\user\Desktop\RenPy\____MINHAS FERRAMENTAS RENPY\PACOTE WELLS MANAGER CORRIGIDO\bosta\Nephilim-0.6.8-pc\game\chapters\chapter7\ch7sc5.rpyc to ch7sc5.rpy ...
    Warning: analysis found signs that this .rpyc file was generated by ren'py 
    version 7 or below, while this unrpyc version targets ren'py 
    version 8. Decompilation will still be attempted, but errors or incorrect 
    decompilation might occur.
[OK] C:\Users\user\Desktop\RenPy\____MINHAS FERRAMENTAS RENPY\PACOTE WELLS MANAGER CORRIGIDO\bosta\Nephilim-0.6.8-pc\game\chapters\chapter7\ch7sc5.rpy
[RPYC] C:\Users\user\Desktop\RenPy\____MINHAS FERRAMENTAS RENPY\PACOTE WELLS MANAGER CORRIGIDO\bosta\Nephilim-0.6.8-pc\game\chapters\chapter7\ch7sc6.rpyc
    Decompiling C:\Users\user\Desktop\RenPy\____MINHAS FERRAMENTAS RENPY\PACOTE WELLS MANAGER CORRIGIDO\bosta\Nephilim-0.6.8-pc\game\chapters\chapter7\ch7sc6.rpyc to ch7sc6.rpy ...
    Warning: analysis found signs that this .rpyc file was generated by ren'py 
    version 7 or below, while this unrpyc version targets ren'py 
    version 8. Decompilation will still be attempted, but errors or incorrect 
    decompilation might occur.
[OK] C:\Users\user\Desktop\RenPy\____MINHAS FERRAMENTAS RENPY\PACOTE WELLS MANAGER CORRIGIDO\bosta\Nephilim-0.6.8-pc\game\chapters\chapter7\ch7sc6.rpy
[RPYC] C:\Users\user\Desktop\RenPy\____MINHAS FERRAMENTAS RENPY\PACOTE WELLS MANAGER CORRIGIDO\bosta\Nephilim-0.6.8-pc\game\chapters\chapter7\ch7sc7.rpyc
    Decompiling C:\Users\user\Desktop\RenPy\____MINHAS FERRAMENTAS RENPY\PACOTE WELLS MANAGER CORRIGIDO\bosta\Nephilim-0.6.8-pc\game\chapters\chapter7\ch7sc7.rpyc to ch7sc7.rpy ...
    Warning: analysis found signs that this .rpyc file was generated by ren'py 
    version 7 or below, while this unrpyc version targets ren'py 
    version 8. Decompilation will still be attempted, but errors or incorrect 
    decompilation might occur.
[OK] C:\Users\user\Desktop\RenPy\____MINHAS FERRAMENTAS RENPY\PACOTE WELLS MANAGER CORRIGIDO\bosta\Nephilim-0.6.8-pc\game\chapters\chapter7\ch7sc7.rpy
[RPYC] C:\Users\user\Desktop\RenPy\____MINHAS FERRAMENTAS RENPY\PACOTE WELLS MANAGER CORRIGIDO\bosta\Nephilim-0.6.8-pc\game\chapters\chapter7\ch7sc8.rpyc
    Decompiling C:\Users\user\Desktop\RenPy\____MINHAS FERRAMENTAS RENPY\PACOTE WELLS MANAGER CORRIGIDO\bosta\Nephilim-0.6.8-pc\game\chapters\chapter7\ch7sc8.rpyc to ch7sc8.rpy ...
    Warning: analysis found signs that this .rpyc file was generated by ren'py 
    version 7 or below, while this unrpyc version targets ren'py 
    version 8. Decompilation will still be attempted, but errors or incorrect 
    decompilation might occur.
[OK] C:\Users\user\Desktop\RenPy\____MINHAS FERRAMENTAS RENPY\PACOTE WELLS MANAGER CORRIGIDO\bosta\Nephilim-0.6.8-pc\game\chapters\chapter7\ch7sc8.rpy
[RPYC] C:\Users\user\Desktop\RenPy\____MINHAS FERRAMENTAS RENPY\PACOTE WELLS MANAGER CORRIGIDO\bosta\Nephilim-0.6.8-pc\game\chapters\chapter7\ch7sc9.rpyc
    Decompiling C:\Users\user\Desktop\RenPy\____MINHAS FERRAMENTAS RENPY\PACOTE WELLS MANAGER CORRIGIDO\bosta\Nephilim-0.6.8-pc\game\chapters\chapter7\ch7sc9.rpyc to ch7sc9.rpy ...
    Warning: analysis found signs that this .rpyc file was generated by ren'py 
    version 7 or below, while this unrpyc version targets ren'py 
    version 8. Decompilation will still be attempted, but errors or incorrect 
    decompilation might occur.
[OK] C:\Users\user\Desktop\RenPy\____MINHAS FERRAMENTAS RENPY\PACOTE WELLS MANAGER CORRIGIDO\bosta\Nephilim-0.6.8-pc\game\chapters\chapter7\ch7sc9.rpy
[RPYC] C:\Users\user\Desktop\RenPy\____MINHAS FERRAMENTAS RENPY\PACOTE WELLS MANAGER CORRIGIDO\bosta\Nephilim-0.6.8-pc\game\chapters\chapter1\script\ch1sc1.rpyc
    Decompiling C:\Users\user\Desktop\RenPy\____MINHAS FERRAMENTAS RENPY\PACOTE WELLS MANAGER CORRIGIDO\bosta\Nephilim-0.6.8-pc\game\chapters\chapter1\script\ch1sc1.rpyc to ch1sc1.rpy ...
    Warning: analysis found signs that this .rpyc file was generated by ren'py 
    version 7 or below, while this unrpyc version targets ren'py 
    version 8. Decompilation will still be attempted, but errors or incorrect 
    decompilation might occur.
[OK] C:\Users\user\Desktop\RenPy\____MINHAS FERRAMENTAS RENPY\PACOTE WELLS MANAGER CORRIGIDO\bosta\Nephilim-0.6.8-pc\game\chapters\chapter1\script\ch1sc1.rpy
[RPYC] C:\Users\user\Desktop\RenPy\____MINHAS FERRAMENTAS RENPY\PACOTE WELLS MANAGER CORRIGIDO\bosta\Nephilim-0.6.8-pc\game\chapters\chapter1\script\ch1sc2.rpyc
    Decompiling C:\Users\user\Desktop\RenPy\____MINHAS FERRAMENTAS RENPY\PACOTE WELLS MANAGER CORRIGIDO\bosta\Nephilim-0.6.8-pc\game\chapters\chapter1\script\ch1sc2.rpyc to ch1sc2.rpy ...
    Warning: analysis found signs that this .rpyc file was generated by ren'py 
    version 7 or below, while this unrpyc version targets ren'py 
    version 8. Decompilation will still be attempted, but errors or incorrect 
    decompilation might occur.
[OK] C:\Users\user\Desktop\RenPy\____MINHAS FERRAMENTAS RENPY\PACOTE WELLS MANAGER CORRIGIDO\bosta\Nephilim-0.6.8-pc\game\chapters\chapter1\script\ch1sc2.rpy
[RPYC] C:\Users\user\Desktop\RenPy\____MINHAS FERRAMENTAS RENPY\PACOTE WELLS MANAGER CORRIGIDO\bosta\Nephilim-0.6.8-pc\game\chapters\chapter1\script\ch1sc3.rpyc
    Decompiling C:\Users\user\Desktop\RenPy\____MINHAS FERRAMENTAS RENPY\PACOTE WELLS MANAGER CORRIGIDO\bosta\Nephilim-0.6.8-pc\game\chapters\chapter1\script\ch1sc3.rpyc to ch1sc3.rpy ...
[OK] C:\Users\user\Desktop\RenPy\____MINHAS FERRAMENTAS RENPY\PACOTE WELLS MANAGER CORRIGIDO\bosta\Nephilim-0.6.8-pc\game\chapters\chapter1\script\ch1sc3.rpy
[RPYC] C:\Users\user\Desktop\RenPy\____MINHAS FERRAMENTAS RENPY\PACOTE WELLS MANAGER CORRIGIDO\bosta\Nephilim-0.6.8-pc\game\chapters\chapter1\script\ch1sc4.rpyc
    Decompiling C:\Users\user\Desktop\RenPy\____MINHAS FERRAMENTAS RENPY\PACOTE WELLS MANAGER CORRIGIDO\bosta\Nephilim-0.6.8-pc\game\chapters\chapter1\script\ch1sc4.rpyc to ch1sc4.rpy ...
    Warning: analysis found signs that this .rpyc file was generated by ren'py 
    version 7 or below, while this unrpyc version targets ren'py 
    version 8. Decompilation will still be attempted, but errors or incorrect 
    decompilation might occur.
[OK] C:\Users\user\Desktop\RenPy\____MINHAS FERRAMENTAS RENPY\PACOTE WELLS MANAGER CORRIGIDO\bosta\Nephilim-0.6.8-pc\game\chapters\chapter1\script\ch1sc4.rpy
[RPYC] C:\Users\user\Desktop\RenPy\____MINHAS FERRAMENTAS RENPY\PACOTE WELLS MANAGER CORRIGIDO\bosta\Nephilim-0.6.8-pc\game\chapters\chapter1\script\ch1sc5.rpyc
    Decompiling C:\Users\user\Desktop\RenPy\____MINHAS FERRAMENTAS RENPY\PACOTE WELLS MANAGER CORRIGIDO\bosta\Nephilim-0.6.8-pc\game\chapters\chapter1\script\ch1sc5.rpyc to ch1sc5.rpy ...
    Warning: analysis found signs that this .rpyc file was generated by ren'py 
    version 7 or below, while this unrpyc version targets ren'py 
    version 8. Decompilation will still be attempted, but errors or incorrect 
    decompilation might occur.
[OK] C:\Users\user\Desktop\RenPy\____MINHAS FERRAMENTAS RENPY\PACOTE WELLS MANAGER CORRIGIDO\bosta\Nephilim-0.6.8-pc\game\chapters\chapter1\script\ch1sc5.rpy
[RPYC] C:\Users\user\Desktop\RenPy\____MINHAS FERRAMENTAS RENPY\PACOTE WELLS MANAGER CORRIGIDO\bosta\Nephilim-0.6.8-pc\game\chapters\chapter1\script\ch1sc6.rpyc
    Decompiling C:\Users\user\Desktop\RenPy\____MINHAS FERRAMENTAS RENPY\PACOTE WELLS MANAGER CORRIGIDO\bosta\Nephilim-0.6.8-pc\game\chapters\chapter1\script\ch1sc6.rpyc to ch1sc6.rpy ...
    Warning: analysis found signs that this .rpyc file was generated by ren'py 
    version 7 or below, while this unrpyc version targets ren'py 
    version 8. Decompilation will still be attempted, but errors or incorrect 
    decompilation might occur.
[OK] C:\Users\user\Desktop\RenPy\____MINHAS FERRAMENTAS RENPY\PACOTE WELLS MANAGER CORRIGIDO\bosta\Nephilim-0.6.8-pc\game\chapters\chapter1\script\ch1sc6.rpy
[RPYC] C:\Users\user\Desktop\RenPy\____MINHAS FERRAMENTAS RENPY\PACOTE WELLS MANAGER CORRIGIDO\bosta\Nephilim-0.6.8-pc\game\chapters\chapter1\script\ch1sc7.rpyc
    Decompiling C:\Users\user\Desktop\RenPy\____MINHAS FERRAMENTAS RENPY\PACOTE WELLS MANAGER CORRIGIDO\bosta\Nephilim-0.6.8-pc\game\chapters\chapter1\script\ch1sc7.rpyc to ch1sc7.rpy ...
    Warning: analysis found signs that this .rpyc file was generated by ren'py 
    version 7 or below, while this unrpyc version targets ren'py 
    version 8. Decompilation will still be attempted, but errors or incorrect 
    decompilation might occur.
[OK] C:\Users\user\Desktop\RenPy\____MINHAS FERRAMENTAS RENPY\PACOTE WELLS MANAGER CORRIGIDO\bosta\Nephilim-0.6.8-pc\game\chapters\chapter1\script\ch1sc7.rpy
[RPYC] C:\Users\user\Desktop\RenPy\____MINHAS FERRAMENTAS RENPY\PACOTE WELLS MANAGER CORRIGIDO\bosta\Nephilim-0.6.8-pc\game\chapters\chapter1\script\ch1sc8.rpyc
    Decompiling C:\Users\user\Desktop\RenPy\____MINHAS FERRAMENTAS RENPY\PACOTE WELLS MANAGER CORRIGIDO\bosta\Nephilim-0.6.8-pc\game\chapters\chapter1\script\ch1sc8.rpyc to ch1sc8.rpy ...
    Warning: analysis found signs that this .rpyc file was generated by ren'py 
    version 7 or below, while this unrpyc version targets ren'py 
    version 8. Decompilation will still be attempted, but errors or incorrect 
    decompilation might occur.
[OK] C:\Users\user\Desktop\RenPy\____MINHAS FERRAMENTAS RENPY\PACOTE WELLS MANAGER CORRIGIDO\bosta\Nephilim-0.6.8-pc\game\chapters\chapter1\script\ch1sc8.rpy
[RPYC] C:\Users\user\Desktop\RenPy\____MINHAS FERRAMENTAS RENPY\PACOTE WELLS MANAGER CORRIGIDO\bosta\Nephilim-0.6.8-pc\game\chapters\chapter1_5\script\ch2sc1.rpyc
    Decompiling C:\Users\user\Desktop\RenPy\____MINHAS FERRAMENTAS RENPY\PACOTE WELLS MANAGER CORRIGIDO\bosta\Nephilim-0.6.8-pc\game\chapters\chapter1_5\script\ch2sc1.rpyc to ch2sc1.rpy ...
    Warning: analysis found signs that this .rpyc file was generated by ren'py 
    version 7 or below, while this unrpyc version targets ren'py 
    version 8. Decompilation will still be attempted, but errors or incorrect 
    decompilation might occur.
[OK] C:\Users\user\Desktop\RenPy\____MINHAS FERRAMENTAS RENPY\PACOTE WELLS MANAGER CORRIGIDO\bosta\Nephilim-0.6.8-pc\game\chapters\chapter1_5\script\ch2sc1.rpy
[RPYC] C:\Users\user\Desktop\RenPy\____MINHAS FERRAMENTAS RENPY\PACOTE WELLS MANAGER CORRIGIDO\bosta\Nephilim-0.6.8-pc\game\chapters\chapter1_5\script\ch2sc2.rpyc
    Decompiling C:\Users\user\Desktop\RenPy\____MINHAS FERRAMENTAS RENPY\PACOTE WELLS MANAGER CORRIGIDO\bosta\Nephilim-0.6.8-pc\game\chapters\chapter1_5\script\ch2sc2.rpyc to ch2sc2.rpy ...
    Warning: analysis found signs that this .rpyc file was generated by ren'py 
    version 7 or below, while this unrpyc version targets ren'py 
    version 8. Decompilation will still be attempted, but errors or incorrect 
    decompilation might occur.
[OK] C:\Users\user\Desktop\RenPy\____MINHAS FERRAMENTAS RENPY\PACOTE WELLS MANAGER CORRIGIDO\bosta\Nephilim-0.6.8-pc\game\chapters\chapter1_5\script\ch2sc2.rpy
[RPYC] C:\Users\user\Desktop\RenPy\____MINHAS FERRAMENTAS RENPY\PACOTE WELLS MANAGER CORRIGIDO\bosta\Nephilim-0.6.8-pc\game\chapters\chapter2\script\ch2sc10.rpyc
    Decompiling C:\Users\user\Desktop\RenPy\____MINHAS FERRAMENTAS RENPY\PACOTE WELLS MANAGER CORRIGIDO\bosta\Nephilim-0.6.8-pc\game\chapters\chapter2\script\ch2sc10.rpyc to ch2sc10.rpy ...
    Warning: analysis found signs that this .rpyc file was generated by ren'py 
    version 7 or below, while this unrpyc version targets ren'py 
    version 8. Decompilation will still be attempted, but errors or incorrect 
    decompilation might occur.
[OK] C:\Users\user\Desktop\RenPy\____MINHAS FERRAMENTAS RENPY\PACOTE WELLS MANAGER CORRIGIDO\bosta\Nephilim-0.6.8-pc\game\chapters\chapter2\script\ch2sc10.rpy
[RPYC] C:\Users\user\Desktop\RenPy\____MINHAS FERRAMENTAS RENPY\PACOTE WELLS MANAGER CORRIGIDO\bosta\Nephilim-0.6.8-pc\game\chapters\chapter2\script\ch2sc11.rpyc
    Decompiling C:\Users\user\Desktop\RenPy\____MINHAS FERRAMENTAS RENPY\PACOTE WELLS MANAGER CORRIGIDO\bosta\Nephilim-0.6.8-pc\game\chapters\chapter2\script\ch2sc11.rpyc to ch2sc11.rpy ...
    Warning: analysis found signs that this .rpyc file was generated by ren'py 
    version 7 or below, while this unrpyc version targets ren'py 
    version 8. Decompilation will still be attempted, but errors or incorrect 
    decompilation might occur.
[OK] C:\Users\user\Desktop\RenPy\____MINHAS FERRAMENTAS RENPY\PACOTE WELLS MANAGER CORRIGIDO\bosta\Nephilim-0.6.8-pc\game\chapters\chapter2\script\ch2sc11.rpy
[RPYC] C:\Users\user\Desktop\RenPy\____MINHAS FERRAMENTAS RENPY\PACOTE WELLS MANAGER CORRIGIDO\bosta\Nephilim-0.6.8-pc\game\chapters\chapter2\script\ch2sc12.rpyc
    Decompiling C:\Users\user\Desktop\RenPy\____MINHAS FERRAMENTAS RENPY\PACOTE WELLS MANAGER CORRIGIDO\bosta\Nephilim-0.6.8-pc\game\chapters\chapter2\script\ch2sc12.rpyc to ch2sc12.rpy ...
    Warning: analysis found signs that this .rpyc file was generated by ren'py 
    version 7 or below, while this unrpyc version targets ren'py 
    version 8. Decompilation will still be attempted, but errors or incorrect 
    decompilation might occur.
[OK] C:\Users\user\Desktop\RenPy\____MINHAS FERRAMENTAS RENPY\PACOTE WELLS MANAGER CORRIGIDO\bosta\Nephilim-0.6.8-pc\game\chapters\chapter2\script\ch2sc12.rpy
[RPYC] C:\Users\user\Desktop\RenPy\____MINHAS FERRAMENTAS RENPY\PACOTE WELLS MANAGER CORRIGIDO\bosta\Nephilim-0.6.8-pc\game\chapters\chapter2\script\ch2sc13.rpyc
    Decompiling C:\Users\user\Desktop\RenPy\____MINHAS FERRAMENTAS RENPY\PACOTE WELLS MANAGER CORRIGIDO\bosta\Nephilim-0.6.8-pc\game\chapters\chapter2\script\ch2sc13.rpyc to ch2sc13.rpy ...
    Warning: analysis found signs that this .rpyc file was generated by ren'py 
    version 7 or below, while this unrpyc version targets ren'py 
    version 8. Decompilation will still be attempted, but errors or incorrect 
    decompilation might occur.
[OK] C:\Users\user\Desktop\RenPy\____MINHAS FERRAMENTAS RENPY\PACOTE WELLS MANAGER CORRIGIDO\bosta\Nephilim-0.6.8-pc\game\chapters\chapter2\script\ch2sc13.rpy
[RPYC] C:\Users\user\Desktop\RenPy\____MINHAS FERRAMENTAS RENPY\PACOTE WELLS MANAGER CORRIGIDO\bosta\Nephilim-0.6.8-pc\game\chapters\chapter2\script\ch2sc14.rpyc
    Decompiling C:\Users\user\Desktop\RenPy\____MINHAS FERRAMENTAS RENPY\PACOTE WELLS MANAGER CORRIGIDO\bosta\Nephilim-0.6.8-pc\game\chapters\chapter2\script\ch2sc14.rpyc to ch2sc14.rpy ...
    Warning: analysis found signs that this .rpyc file was generated by ren'py 
    version 7 or below, while this unrpyc version targets ren'py 
    version 8. Decompilation will still be attempted, but errors or incorrect 
    decompilation might occur.
[OK] C:\Users\user\Desktop\RenPy\____MINHAS FERRAMENTAS RENPY\PACOTE WELLS MANAGER CORRIGIDO\bosta\Nephilim-0.6.8-pc\game\chapters\chapter2\script\ch2sc14.rpy
[RPYC] C:\Users\user\Desktop\RenPy\____MINHAS FERRAMENTAS RENPY\PACOTE WELLS MANAGER CORRIGIDO\bosta\Nephilim-0.6.8-pc\game\chapters\chapter2\script\ch2sc15.rpyc
    Decompiling C:\Users\user\Desktop\RenPy\____MINHAS FERRAMENTAS RENPY\PACOTE WELLS MANAGER CORRIGIDO\bosta\Nephilim-0.6.8-pc\game\chapters\chapter2\script\ch2sc15.rpyc to ch2sc15.rpy ...
    Warning: analysis found signs that this .rpyc file was generated by ren'py 
    version 7 or below, while this unrpyc version targets ren'py 
    version 8. Decompilation will still be attempted, but errors or incorrect 
    decompilation might occur.
[OK] C:\Users\user\Desktop\RenPy\____MINHAS FERRAMENTAS RENPY\PACOTE WELLS MANAGER CORRIGIDO\bosta\Nephilim-0.6.8-pc\game\chapters\chapter2\script\ch2sc15.rpy
[RPYC] C:\Users\user\Desktop\RenPy\____MINHAS FERRAMENTAS RENPY\PACOTE WELLS MANAGER CORRIGIDO\bosta\Nephilim-0.6.8-pc\game\chapters\chapter2\script\ch2sc15fb15.rpyc
    Decompiling C:\Users\user\Desktop\RenPy\____MINHAS FERRAMENTAS RENPY\PACOTE WELLS MANAGER CORRIGIDO\bosta\Nephilim-0.6.8-pc\game\chapters\chapter2\script\ch2sc15fb15.rpyc to ch2sc15fb15.rpy ...
    Warning: analysis found signs that this .rpyc file was generated by ren'py 
    version 7 or below, while this unrpyc version targets ren'py 
    version 8. Decompilation will still be attempted, but errors or incorrect 
    decompilation might occur.
[OK] C:\Users\user\Desktop\RenPy\____MINHAS FERRAMENTAS RENPY\PACOTE WELLS MANAGER CORRIGIDO\bosta\Nephilim-0.6.8-pc\game\chapters\chapter2\script\ch2sc15fb15.rpy
[RPYC] C:\Users\user\Desktop\RenPy\____MINHAS FERRAMENTAS RENPY\PACOTE WELLS MANAGER CORRIGIDO\bosta\Nephilim-0.6.8-pc\game\chapters\chapter2\script\ch2sc16.rpyc
    Decompiling C:\Users\user\Desktop\RenPy\____MINHAS FERRAMENTAS RENPY\PACOTE WELLS MANAGER CORRIGIDO\bosta\Nephilim-0.6.8-pc\game\chapters\chapter2\script\ch2sc16.rpyc to ch2sc16.rpy ...
    Warning: analysis found signs that this .rpyc file was generated by ren'py 
    version 7 or below, while this unrpyc version targets ren'py 
    version 8. Decompilation will still be attempted, but errors or incorrect 
    decompilation might occur.
[OK] C:\Users\user\Desktop\RenPy\____MINHAS FERRAMENTAS RENPY\PACOTE WELLS MANAGER CORRIGIDO\bosta\Nephilim-0.6.8-pc\game\chapters\chapter2\script\ch2sc16.rpy
[RPYC] C:\Users\user\Desktop\RenPy\____MINHAS FERRAMENTAS RENPY\PACOTE WELLS MANAGER CORRIGIDO\bosta\Nephilim-0.6.8-pc\game\chapters\chapter2\script\ch2sc17.rpyc
    Decompiling C:\Users\user\Desktop\RenPy\____MINHAS FERRAMENTAS RENPY\PACOTE WELLS MANAGER CORRIGIDO\bosta\Nephilim-0.6.8-pc\game\chapters\chapter2\script\ch2sc17.rpyc to ch2sc17.rpy ...
    Warning: analysis found signs that this .rpyc file was generated by ren'py 
    version 7 or below, while this unrpyc version targets ren'py 
    version 8. Decompilation will still be attempted, but errors or incorrect 
    decompilation might occur.
[OK] C:\Users\user\Desktop\RenPy\____MINHAS FERRAMENTAS RENPY\PACOTE WELLS MANAGER CORRIGIDO\bosta\Nephilim-0.6.8-pc\game\chapters\chapter2\script\ch2sc17.rpy
[RPYC] C:\Users\user\Desktop\RenPy\____MINHAS FERRAMENTAS RENPY\PACOTE WELLS MANAGER CORRIGIDO\bosta\Nephilim-0.6.8-pc\game\chapters\chapter2\script\ch2sc18.rpyc
    Decompiling C:\Users\user\Desktop\RenPy\____MINHAS FERRAMENTAS RENPY\PACOTE WELLS MANAGER CORRIGIDO\bosta\Nephilim-0.6.8-pc\game\chapters\chapter2\script\ch2sc18.rpyc to ch2sc18.rpy ...
    Warning: analysis found signs that this .rpyc file was generated by ren'py 
    version 7 or below, while this unrpyc version targets ren'py 
    version 8. Decompilation will still be attempted, but errors or incorrect 
    decompilation might occur.
[OK] C:\Users\user\Desktop\RenPy\____MINHAS FERRAMENTAS RENPY\PACOTE WELLS MANAGER CORRIGIDO\bosta\Nephilim-0.6.8-pc\game\chapters\chapter2\script\ch2sc18.rpy
[RPYC] C:\Users\user\Desktop\RenPy\____MINHAS FERRAMENTAS RENPY\PACOTE WELLS MANAGER CORRIGIDO\bosta\Nephilim-0.6.8-pc\game\chapters\chapter2\script\ch2sc19.rpyc
    Decompiling C:\Users\user\Desktop\RenPy\____MINHAS FERRAMENTAS RENPY\PACOTE WELLS MANAGER CORRIGIDO\bosta\Nephilim-0.6.8-pc\game\chapters\chapter2\script\ch2sc19.rpyc to ch2sc19.rpy ...
    Warning: analysis found signs that this .rpyc file was generated by ren'py 
    version 7 or below, while this unrpyc version targets ren'py 
    version 8. Decompilation will still be attempted, but errors or incorrect 
    decompilation might occur.
[OK] C:\Users\user\Desktop\RenPy\____MINHAS FERRAMENTAS RENPY\PACOTE WELLS MANAGER CORRIGIDO\bosta\Nephilim-0.6.8-pc\game\chapters\chapter2\script\ch2sc19.rpy
[RPYC] C:\Users\user\Desktop\RenPy\____MINHAS FERRAMENTAS RENPY\PACOTE WELLS MANAGER CORRIGIDO\bosta\Nephilim-0.6.8-pc\game\chapters\chapter2\script\ch2sc19_nz.rpyc
    Decompiling C:\Users\user\Desktop\RenPy\____MINHAS FERRAMENTAS RENPY\PACOTE WELLS MANAGER CORRIGIDO\bosta\Nephilim-0.6.8-pc\game\chapters\chapter2\script\ch2sc19_nz.rpyc to ch2sc19_nz.rpy ...
    Warning: analysis found signs that this .rpyc file was generated by ren'py 
    version 7 or below, while this unrpyc version targets ren'py 
    version 8. Decompilation will still be attempted, but errors or incorrect 
    decompilation might occur.
[OK] C:\Users\user\Desktop\RenPy\____MINHAS FERRAMENTAS RENPY\PACOTE WELLS MANAGER CORRIGIDO\bosta\Nephilim-0.6.8-pc\game\chapters\chapter2\script\ch2sc19_nz.rpy
[RPYC] C:\Users\user\Desktop\RenPy\____MINHAS FERRAMENTAS RENPY\PACOTE WELLS MANAGER CORRIGIDO\bosta\Nephilim-0.6.8-pc\game\chapters\chapter2\script\ch2sc23.rpyc
    Decompiling C:\Users\user\Desktop\RenPy\____MINHAS FERRAMENTAS RENPY\PACOTE WELLS MANAGER CORRIGIDO\bosta\Nephilim-0.6.8-pc\game\chapters\chapter2\script\ch2sc23.rpyc to ch2sc23.rpy ...
    Warning: analysis found signs that this .rpyc file was generated by ren'py 
    version 7 or below, while this unrpyc version targets ren'py 
    version 8. Decompilation will still be attempted, but errors or incorrect 
    decompilation might occur.
[OK] C:\Users\user\Desktop\RenPy\____MINHAS FERRAMENTAS RENPY\PACOTE WELLS MANAGER CORRIGIDO\bosta\Nephilim-0.6.8-pc\game\chapters\chapter2\script\ch2sc23.rpy
[RPYC] C:\Users\user\Desktop\RenPy\____MINHAS FERRAMENTAS RENPY\PACOTE WELLS MANAGER CORRIGIDO\bosta\Nephilim-0.6.8-pc\game\chapters\chapter2\script\ch2sc24.rpyc
    Decompiling C:\Users\user\Desktop\RenPy\____MINHAS FERRAMENTAS RENPY\PACOTE WELLS MANAGER CORRIGIDO\bosta\Nephilim-0.6.8-pc\game\chapters\chapter2\script\ch2sc24.rpyc to ch2sc24.rpy ...
    Warning: analysis found signs that this .rpyc file was generated by ren'py 
    version 7 or below, while this unrpyc version targets ren'py 
    version 8. Decompilation will still be attempted, but errors or incorrect 
    decompilation might occur.
[OK] C:\Users\user\Desktop\RenPy\____MINHAS FERRAMENTAS RENPY\PACOTE WELLS MANAGER CORRIGIDO\bosta\Nephilim-0.6.8-pc\game\chapters\chapter2\script\ch2sc24.rpy
[RPYC] C:\Users\user\Desktop\RenPy\____MINHAS FERRAMENTAS RENPY\PACOTE WELLS MANAGER CORRIGIDO\bosta\Nephilim-0.6.8-pc\game\chapters\chapter2\script\ch2sc25.rpyc
    Decompiling C:\Users\user\Desktop\RenPy\____MINHAS FERRAMENTAS RENPY\PACOTE WELLS MANAGER CORRIGIDO\bosta\Nephilim-0.6.8-pc\game\chapters\chapter2\script\ch2sc25.rpyc to ch2sc25.rpy ...
    Warning: analysis found signs that this .rpyc file was generated by ren'py 
    version 7 or below, while this unrpyc version targets ren'py 
    version 8. Decompilation will still be attempted, but errors or incorrect 
    decompilation might occur.
[OK] C:\Users\user\Desktop\RenPy\____MINHAS FERRAMENTAS RENPY\PACOTE WELLS MANAGER CORRIGIDO\bosta\Nephilim-0.6.8-pc\game\chapters\chapter2\script\ch2sc25.rpy
[RPYC] C:\Users\user\Desktop\RenPy\____MINHAS FERRAMENTAS RENPY\PACOTE WELLS MANAGER CORRIGIDO\bosta\Nephilim-0.6.8-pc\game\chapters\chapter2\script\ch2sc26.rpyc
    Decompiling C:\Users\user\Desktop\RenPy\____MINHAS FERRAMENTAS RENPY\PACOTE WELLS MANAGER CORRIGIDO\bosta\Nephilim-0.6.8-pc\game\chapters\chapter2\script\ch2sc26.rpyc to ch2sc26.rpy ...
    Warning: analysis found signs that this .rpyc file was generated by ren'py 
    version 7 or below, while this unrpyc version targets ren'py 
    version 8. Decompilation will still be attempted, but errors or incorrect 
    decompilation might occur.
[OK] C:\Users\user\Desktop\RenPy\____MINHAS FERRAMENTAS RENPY\PACOTE WELLS MANAGER CORRIGIDO\bosta\Nephilim-0.6.8-pc\game\chapters\chapter2\script\ch2sc26.rpy
[RPYC] C:\Users\user\Desktop\RenPy\____MINHAS FERRAMENTAS RENPY\PACOTE WELLS MANAGER CORRIGIDO\bosta\Nephilim-0.6.8-pc\game\chapters\chapter2\script\ch2sc27.rpyc
    Decompiling C:\Users\user\Desktop\RenPy\____MINHAS FERRAMENTAS RENPY\PACOTE WELLS MANAGER CORRIGIDO\bosta\Nephilim-0.6.8-pc\game\chapters\chapter2\script\ch2sc27.rpyc to ch2sc27.rpy ...
    Warning: analysis found signs that this .rpyc file was generated by ren'py 
    version 7 or below, while this unrpyc version targets ren'py 
    version 8. Decompilation will still be attempted, but errors or incorrect 
    decompilation might occur.
[OK] C:\Users\user\Desktop\RenPy\____MINHAS FERRAMENTAS RENPY\PACOTE WELLS MANAGER CORRIGIDO\bosta\Nephilim-0.6.8-pc\game\chapters\chapter2\script\ch2sc27.rpy
[RPYC] C:\Users\user\Desktop\RenPy\____MINHAS FERRAMENTAS RENPY\PACOTE WELLS MANAGER CORRIGIDO\bosta\Nephilim-0.6.8-pc\game\chapters\chapter2\script\ch2sc28.rpyc
    Decompiling C:\Users\user\Desktop\RenPy\____MINHAS FERRAMENTAS RENPY\PACOTE WELLS MANAGER CORRIGIDO\bosta\Nephilim-0.6.8-pc\game\chapters\chapter2\script\ch2sc28.rpyc to ch2sc28.rpy ...
    Warning: analysis found signs that this .rpyc file was generated by ren'py 
    version 7 or below, while this unrpyc version targets ren'py 
    version 8. Decompilation will still be attempted, but errors or incorrect 
    decompilation might occur.
[OK] C:\Users\user\Desktop\RenPy\____MINHAS FERRAMENTAS RENPY\PACOTE WELLS MANAGER CORRIGIDO\bosta\Nephilim-0.6.8-pc\game\chapters\chapter2\script\ch2sc28.rpy
[RPYC] C:\Users\user\Desktop\RenPy\____MINHAS FERRAMENTAS RENPY\PACOTE WELLS MANAGER CORRIGIDO\bosta\Nephilim-0.6.8-pc\game\chapters\chapter2\script\ch2sc29.rpyc
    Decompiling C:\Users\user\Desktop\RenPy\____MINHAS FERRAMENTAS RENPY\PACOTE WELLS MANAGER CORRIGIDO\bosta\Nephilim-0.6.8-pc\game\chapters\chapter2\script\ch2sc29.rpyc to ch2sc29.rpy ...
    Warning: analysis found signs that this .rpyc file was generated by ren'py 
    version 7 or below, while this unrpyc version targets ren'py 
    version 8. Decompilation will still be attempted, but errors or incorrect 
    decompilation might occur.
[OK] C:\Users\user\Desktop\RenPy\____MINHAS FERRAMENTAS RENPY\PACOTE WELLS MANAGER CORRIGIDO\bosta\Nephilim-0.6.8-pc\game\chapters\chapter2\script\ch2sc29.rpy
[RPYC] C:\Users\user\Desktop\RenPy\____MINHAS FERRAMENTAS RENPY\PACOTE WELLS MANAGER CORRIGIDO\bosta\Nephilim-0.6.8-pc\game\chapters\chapter2\script\ch2sc30.rpyc
    Decompiling C:\Users\user\Desktop\RenPy\____MINHAS FERRAMENTAS RENPY\PACOTE WELLS MANAGER CORRIGIDO\bosta\Nephilim-0.6.8-pc\game\chapters\chapter2\script\ch2sc30.rpyc to ch2sc30.rpy ...
    Warning: analysis found signs that this .rpyc file was generated by ren'py 
    version 7 or below, while this unrpyc version targets ren'py 
    version 8. Decompilation will still be attempted, but errors or incorrect 
    decompilation might occur.
[OK] C:\Users\user\Desktop\RenPy\____MINHAS FERRAMENTAS RENPY\PACOTE WELLS MANAGER CORRIGIDO\bosta\Nephilim-0.6.8-pc\game\chapters\chapter2\script\ch2sc30.rpy
[RPYC] C:\Users\user\Desktop\RenPy\____MINHAS FERRAMENTAS RENPY\PACOTE WELLS MANAGER CORRIGIDO\bosta\Nephilim-0.6.8-pc\game\chapters\chapter2\script\ch2sc31.rpyc
    Decompiling C:\Users\user\Desktop\RenPy\____MINHAS FERRAMENTAS RENPY\PACOTE WELLS MANAGER CORRIGIDO\bosta\Nephilim-0.6.8-pc\game\chapters\chapter2\script\ch2sc31.rpyc to ch2sc31.rpy ...
    Warning: analysis found signs that this .rpyc file was generated by ren'py 
    version 7 or below, while this unrpyc version targets ren'py 
    version 8. Decompilation will still be attempted, but errors or incorrect 
    decompilation might occur.
[OK] C:\Users\user\Desktop\RenPy\____MINHAS FERRAMENTAS RENPY\PACOTE WELLS MANAGER CORRIGIDO\bosta\Nephilim-0.6.8-pc\game\chapters\chapter2\script\ch2sc31.rpy
[RPYC] C:\Users\user\Desktop\RenPy\____MINHAS FERRAMENTAS RENPY\PACOTE WELLS MANAGER CORRIGIDO\bosta\Nephilim-0.6.8-pc\game\chapters\chapter2\script\ch2sc6.rpyc
    Decompiling C:\Users\user\Desktop\RenPy\____MINHAS FERRAMENTAS RENPY\PACOTE WELLS MANAGER CORRIGIDO\bosta\Nephilim-0.6.8-pc\game\chapters\chapter2\script\ch2sc6.rpyc to ch2sc6.rpy ...
    Warning: analysis found signs that this .rpyc file was generated by ren'py 
    version 7 or below, while this unrpyc version targets ren'py 
    version 8. Decompilation will still be attempted, but errors or incorrect 
    decompilation might occur.
[OK] C:\Users\user\Desktop\RenPy\____MINHAS FERRAMENTAS RENPY\PACOTE WELLS MANAGER CORRIGIDO\bosta\Nephilim-0.6.8-pc\game\chapters\chapter2\script\ch2sc6.rpy
[RPYC] C:\Users\user\Desktop\RenPy\____MINHAS FERRAMENTAS RENPY\PACOTE WELLS MANAGER CORRIGIDO\bosta\Nephilim-0.6.8-pc\game\chapters\chapter2\script\ch2sc7.rpyc
    Decompiling C:\Users\user\Desktop\RenPy\____MINHAS FERRAMENTAS RENPY\PACOTE WELLS MANAGER CORRIGIDO\bosta\Nephilim-0.6.8-pc\game\chapters\chapter2\script\ch2sc7.rpyc to ch2sc7.rpy ...
    Warning: analysis found signs that this .rpyc file was generated by ren'py 
    version 7 or below, while this unrpyc version targets ren'py 
    version 8. Decompilation will still be attempted, but errors or incorrect 
    decompilation might occur.
[OK] C:\Users\user\Desktop\RenPy\____MINHAS FERRAMENTAS RENPY\PACOTE WELLS MANAGER CORRIGIDO\bosta\Nephilim-0.6.8-pc\game\chapters\chapter2\script\ch2sc7.rpy
[RPYC] C:\Users\user\Desktop\RenPy\____MINHAS FERRAMENTAS RENPY\PACOTE WELLS MANAGER CORRIGIDO\bosta\Nephilim-0.6.8-pc\game\chapters\chapter2\script\ch2sc8.rpyc
    Decompiling C:\Users\user\Desktop\RenPy\____MINHAS FERRAMENTAS RENPY\PACOTE WELLS MANAGER CORRIGIDO\bosta\Nephilim-0.6.8-pc\game\chapters\chapter2\script\ch2sc8.rpyc to ch2sc8.rpy ...
    Warning: analysis found signs that this .rpyc file was generated by ren'py 
    version 7 or below, while this unrpyc version targets ren'py 
    version 8. Decompilation will still be attempted, but errors or incorrect 
    decompilation might occur.
[OK] C:\Users\user\Desktop\RenPy\____MINHAS FERRAMENTAS RENPY\PACOTE WELLS MANAGER CORRIGIDO\bosta\Nephilim-0.6.8-pc\game\chapters\chapter2\script\ch2sc8.rpy
[RPYC] C:\Users\user\Desktop\RenPy\____MINHAS FERRAMENTAS RENPY\PACOTE WELLS MANAGER CORRIGIDO\bosta\Nephilim-0.6.8-pc\game\chapters\chapter2\script\ch2sc9.rpyc
    Decompiling C:\Users\user\Desktop\RenPy\____MINHAS FERRAMENTAS RENPY\PACOTE WELLS MANAGER CORRIGIDO\bosta\Nephilim-0.6.8-pc\game\chapters\chapter2\script\ch2sc9.rpyc to ch2sc9.rpy ...
    Warning: analysis found signs that this .rpyc file was generated by ren'py 
    version 7 or below, while this unrpyc version targets ren'py 
    version 8. Decompilation will still be attempted, but errors or incorrect 
    decompilation might occur.
[OK] C:\Users\user\Desktop\RenPy\____MINHAS FERRAMENTAS RENPY\PACOTE WELLS MANAGER CORRIGIDO\bosta\Nephilim-0.6.8-pc\game\chapters\chapter2\script\ch2sc9.rpy
[RPYC] C:\Users\user\Desktop\RenPy\____MINHAS FERRAMENTAS RENPY\PACOTE WELLS MANAGER CORRIGIDO\bosta\Nephilim-0.6.8-pc\game\chapters\chapter3\script\ch3sc1.rpyc
    Decompiling C:\Users\user\Desktop\RenPy\____MINHAS FERRAMENTAS RENPY\PACOTE WELLS MANAGER CORRIGIDO\bosta\Nephilim-0.6.8-pc\game\chapters\chapter3\script\ch3sc1.rpyc to ch3sc1.rpy ...
    Warning: analysis found signs that this .rpyc file was generated by ren'py 
    version 7 or below, while this unrpyc version targets ren'py 
    version 8. Decompilation will still be attempted, but errors or incorrect 
    decompilation might occur.
[OK] C:\Users\user\Desktop\RenPy\____MINHAS FERRAMENTAS RENPY\PACOTE WELLS MANAGER CORRIGIDO\bosta\Nephilim-0.6.8-pc\game\chapters\chapter3\script\ch3sc1.rpy
[RPYC] C:\Users\user\Desktop\RenPy\____MINHAS FERRAMENTAS RENPY\PACOTE WELLS MANAGER CORRIGIDO\bosta\Nephilim-0.6.8-pc\game\chapters\chapter3\script\ch3sc10.rpyc
    Decompiling C:\Users\user\Desktop\RenPy\____MINHAS FERRAMENTAS RENPY\PACOTE WELLS MANAGER CORRIGIDO\bosta\Nephilim-0.6.8-pc\game\chapters\chapter3\script\ch3sc10.rpyc to ch3sc10.rpy ...
    Warning: analysis found signs that this .rpyc file was generated by ren'py 
    version 7 or below, while this unrpyc version targets ren'py 
    version 8. Decompilation will still be attempted, but errors or incorrect 
    decompilation might occur.
[OK] C:\Users\user\Desktop\RenPy\____MINHAS FERRAMENTAS RENPY\PACOTE WELLS MANAGER CORRIGIDO\bosta\Nephilim-0.6.8-pc\game\chapters\chapter3\script\ch3sc10.rpy
[RPYC] C:\Users\user\Desktop\RenPy\____MINHAS FERRAMENTAS RENPY\PACOTE WELLS MANAGER CORRIGIDO\bosta\Nephilim-0.6.8-pc\game\chapters\chapter3\script\ch3sc11.rpyc
    Decompiling C:\Users\user\Desktop\RenPy\____MINHAS FERRAMENTAS RENPY\PACOTE WELLS MANAGER CORRIGIDO\bosta\Nephilim-0.6.8-pc\game\chapters\chapter3\script\ch3sc11.rpyc to ch3sc11.rpy ...
    Warning: analysis found signs that this .rpyc file was generated by ren'py 
    version 7 or below, while this unrpyc version targets ren'py 
    version 8. Decompilation will still be attempted, but errors or incorrect 
    decompilation might occur.
[OK] C:\Users\user\Desktop\RenPy\____MINHAS FERRAMENTAS RENPY\PACOTE WELLS MANAGER CORRIGIDO\bosta\Nephilim-0.6.8-pc\game\chapters\chapter3\script\ch3sc11.rpy
[RPYC] C:\Users\user\Desktop\RenPy\____MINHAS FERRAMENTAS RENPY\PACOTE WELLS MANAGER CORRIGIDO\bosta\Nephilim-0.6.8-pc\game\chapters\chapter3\script\ch3sc12.rpyc
    Decompiling C:\Users\user\Desktop\RenPy\____MINHAS FERRAMENTAS RENPY\PACOTE WELLS MANAGER CORRIGIDO\bosta\Nephilim-0.6.8-pc\game\chapters\chapter3\script\ch3sc12.rpyc to ch3sc12.rpy ...
    Warning: analysis found signs that this .rpyc file was generated by ren'py 
    version 7 or below, while this unrpyc version targets ren'py 
    version 8. Decompilation will still be attempted, but errors or incorrect 
    decompilation might occur.
[OK] C:\Users\user\Desktop\RenPy\____MINHAS FERRAMENTAS RENPY\PACOTE WELLS MANAGER CORRIGIDO\bosta\Nephilim-0.6.8-pc\game\chapters\chapter3\script\ch3sc12.rpy
[RPYC] C:\Users\user\Desktop\RenPy\____MINHAS FERRAMENTAS RENPY\PACOTE WELLS MANAGER CORRIGIDO\bosta\Nephilim-0.6.8-pc\game\chapters\chapter3\script\ch3sc13.rpyc
    Decompiling C:\Users\user\Desktop\RenPy\____MINHAS FERRAMENTAS RENPY\PACOTE WELLS MANAGER CORRIGIDO\bosta\Nephilim-0.6.8-pc\game\chapters\chapter3\script\ch3sc13.rpyc to ch3sc13.rpy ...
    Warning: analysis found signs that this .rpyc file was generated by ren'py 
    version 7 or below, while this unrpyc version targets ren'py 
    version 8. Decompilation will still be attempted, but errors or incorrect 
    decompilation might occur.
[OK] C:\Users\user\Desktop\RenPy\____MINHAS FERRAMENTAS RENPY\PACOTE WELLS MANAGER CORRIGIDO\bosta\Nephilim-0.6.8-pc\game\chapters\chapter3\script\ch3sc13.rpy
[RPYC] C:\Users\user\Desktop\RenPy\____MINHAS FERRAMENTAS RENPY\PACOTE WELLS MANAGER CORRIGIDO\bosta\Nephilim-0.6.8-pc\game\chapters\chapter3\script\ch3sc14.rpyc
    Decompiling C:\Users\user\Desktop\RenPy\____MINHAS FERRAMENTAS RENPY\PACOTE WELLS MANAGER CORRIGIDO\bosta\Nephilim-0.6.8-pc\game\chapters\chapter3\script\ch3sc14.rpyc to ch3sc14.rpy ...
    Warning: analysis found signs that this .rpyc file was generated by ren'py 
    version 7 or below, while this unrpyc version targets ren'py 
    version 8. Decompilation will still be attempted, but errors or incorrect 
    decompilation might occur.
[OK] C:\Users\user\Desktop\RenPy\____MINHAS FERRAMENTAS RENPY\PACOTE WELLS MANAGER CORRIGIDO\bosta\Nephilim-0.6.8-pc\game\chapters\chapter3\script\ch3sc14.rpy
[RPYC] C:\Users\user\Desktop\RenPy\____MINHAS FERRAMENTAS RENPY\PACOTE WELLS MANAGER CORRIGIDO\bosta\Nephilim-0.6.8-pc\game\chapters\chapter3\script\ch3sc15.rpyc
    Decompiling C:\Users\user\Desktop\RenPy\____MINHAS FERRAMENTAS RENPY\PACOTE WELLS MANAGER CORRIGIDO\bosta\Nephilim-0.6.8-pc\game\chapters\chapter3\script\ch3sc15.rpyc to ch3sc15.rpy ...
    Warning: analysis found signs that this .rpyc file was generated by ren'py 
    version 7 or below, while this unrpyc version targets ren'py 
    version 8. Decompilation will still be attempted, but errors or incorrect 
    decompilation might occur.
[OK] C:\Users\user\Desktop\RenPy\____MINHAS FERRAMENTAS RENPY\PACOTE WELLS MANAGER CORRIGIDO\bosta\Nephilim-0.6.8-pc\game\chapters\chapter3\script\ch3sc15.rpy
[RPYC] C:\Users\user\Desktop\RenPy\____MINHAS FERRAMENTAS RENPY\PACOTE WELLS MANAGER CORRIGIDO\bosta\Nephilim-0.6.8-pc\game\chapters\chapter3\script\ch3sc16.rpyc
    Decompiling C:\Users\user\Desktop\RenPy\____MINHAS FERRAMENTAS RENPY\PACOTE WELLS MANAGER CORRIGIDO\bosta\Nephilim-0.6.8-pc\game\chapters\chapter3\script\ch3sc16.rpyc to ch3sc16.rpy ...
    Warning: analysis found signs that this .rpyc file was generated by ren'py 
    version 7 or below, while this unrpyc version targets ren'py 
    version 8. Decompilation will still be attempted, but errors or incorrect 
    decompilation might occur.
[OK] C:\Users\user\Desktop\RenPy\____MINHAS FERRAMENTAS RENPY\PACOTE WELLS MANAGER CORRIGIDO\bosta\Nephilim-0.6.8-pc\game\chapters\chapter3\script\ch3sc16.rpy
[RPYC] C:\Users\user\Desktop\RenPy\____MINHAS FERRAMENTAS RENPY\PACOTE WELLS MANAGER CORRIGIDO\bosta\Nephilim-0.6.8-pc\game\chapters\chapter3\script\ch3sc17.rpyc
    Decompiling C:\Users\user\Desktop\RenPy\____MINHAS FERRAMENTAS RENPY\PACOTE WELLS MANAGER CORRIGIDO\bosta\Nephilim-0.6.8-pc\game\chapters\chapter3\script\ch3sc17.rpyc to ch3sc17.rpy ...
    Warning: analysis found signs that this .rpyc file was generated by ren'py 
    version 7 or below, while this unrpyc version targets ren'py 
    version 8. Decompilation will still be attempted, but errors or incorrect 
    decompilation might occur.
[OK] C:\Users\user\Desktop\RenPy\____MINHAS FERRAMENTAS RENPY\PACOTE WELLS MANAGER CORRIGIDO\bosta\Nephilim-0.6.8-pc\game\chapters\chapter3\script\ch3sc17.rpy
[RPYC] C:\Users\user\Desktop\RenPy\____MINHAS FERRAMENTAS RENPY\PACOTE WELLS MANAGER CORRIGIDO\bosta\Nephilim-0.6.8-pc\game\chapters\chapter3\script\ch3sc18.rpyc
    Decompiling C:\Users\user\Desktop\RenPy\____MINHAS FERRAMENTAS RENPY\PACOTE WELLS MANAGER CORRIGIDO\bosta\Nephilim-0.6.8-pc\game\chapters\chapter3\script\ch3sc18.rpyc to ch3sc18.rpy ...
    Warning: analysis found signs that this .rpyc file was generated by ren'py 
    version 7 or below, while this unrpyc version targets ren'py 
    version 8. Decompilation will still be attempted, but errors or incorrect 
    decompilation might occur.
[OK] C:\Users\user\Desktop\RenPy\____MINHAS FERRAMENTAS RENPY\PACOTE WELLS MANAGER CORRIGIDO\bosta\Nephilim-0.6.8-pc\game\chapters\chapter3\script\ch3sc18.rpy
[RPYC] C:\Users\user\Desktop\RenPy\____MINHAS FERRAMENTAS RENPY\PACOTE WELLS MANAGER CORRIGIDO\bosta\Nephilim-0.6.8-pc\game\chapters\chapter3\script\ch3sc19.rpyc
    Decompiling C:\Users\user\Desktop\RenPy\____MINHAS FERRAMENTAS RENPY\PACOTE WELLS MANAGER CORRIGIDO\bosta\Nephilim-0.6.8-pc\game\chapters\chapter3\script\ch3sc19.rpyc to ch3sc19.rpy ...
    Warning: analysis found signs that this .rpyc file was generated by ren'py 
    version 7 or below, while this unrpyc version targets ren'py 
    version 8. Decompilation will still be attempted, but errors or incorrect 
    decompilation might occur.
[OK] C:\Users\user\Desktop\RenPy\____MINHAS FERRAMENTAS RENPY\PACOTE WELLS MANAGER CORRIGIDO\bosta\Nephilim-0.6.8-pc\game\chapters\chapter3\script\ch3sc19.rpy
[RPYC] C:\Users\user\Desktop\RenPy\____MINHAS FERRAMENTAS RENPY\PACOTE WELLS MANAGER CORRIGIDO\bosta\Nephilim-0.6.8-pc\game\chapters\chapter3\script\ch3sc2.rpyc
    Decompiling C:\Users\user\Desktop\RenPy\____MINHAS FERRAMENTAS RENPY\PACOTE WELLS MANAGER CORRIGIDO\bosta\Nephilim-0.6.8-pc\game\chapters\chapter3\script\ch3sc2.rpyc to ch3sc2.rpy ...
    Warning: analysis found signs that this .rpyc file was generated by ren'py 
    version 7 or below, while this unrpyc version targets ren'py 
    version 8. Decompilation will still be attempted, but errors or incorrect 
    decompilation might occur.
[OK] C:\Users\user\Desktop\RenPy\____MINHAS FERRAMENTAS RENPY\PACOTE WELLS MANAGER CORRIGIDO\bosta\Nephilim-0.6.8-pc\game\chapters\chapter3\script\ch3sc2.rpy
[RPYC] C:\Users\user\Desktop\RenPy\____MINHAS FERRAMENTAS RENPY\PACOTE WELLS MANAGER CORRIGIDO\bosta\Nephilim-0.6.8-pc\game\chapters\chapter3\script\ch3sc20.rpyc
    Decompiling C:\Users\user\Desktop\RenPy\____MINHAS FERRAMENTAS RENPY\PACOTE WELLS MANAGER CORRIGIDO\bosta\Nephilim-0.6.8-pc\game\chapters\chapter3\script\ch3sc20.rpyc to ch3sc20.rpy ...
    Warning: analysis found signs that this .rpyc file was generated by ren'py 
    version 7 or below, while this unrpyc version targets ren'py 
    version 8. Decompilation will still be attempted, but errors or incorrect 
    decompilation might occur.
[OK] C:\Users\user\Desktop\RenPy\____MINHAS FERRAMENTAS RENPY\PACOTE WELLS MANAGER CORRIGIDO\bosta\Nephilim-0.6.8-pc\game\chapters\chapter3\script\ch3sc20.rpy
[RPYC] C:\Users\user\Desktop\RenPy\____MINHAS FERRAMENTAS RENPY\PACOTE WELLS MANAGER CORRIGIDO\bosta\Nephilim-0.6.8-pc\game\chapters\chapter3\script\ch3sc20_b.rpyc
    Decompiling C:\Users\user\Desktop\RenPy\____MINHAS FERRAMENTAS RENPY\PACOTE WELLS MANAGER CORRIGIDO\bosta\Nephilim-0.6.8-pc\game\chapters\chapter3\script\ch3sc20_b.rpyc to ch3sc20_b.rpy ...
    Warning: analysis found signs that this .rpyc file was generated by ren'py 
    version 7 or below, while this unrpyc version targets ren'py 
    version 8. Decompilation will still be attempted, but errors or incorrect 
    decompilation might occur.
[OK] C:\Users\user\Desktop\RenPy\____MINHAS FERRAMENTAS RENPY\PACOTE WELLS MANAGER CORRIGIDO\bosta\Nephilim-0.6.8-pc\game\chapters\chapter3\script\ch3sc20_b.rpy
[RPYC] C:\Users\user\Desktop\RenPy\____MINHAS FERRAMENTAS RENPY\PACOTE WELLS MANAGER CORRIGIDO\bosta\Nephilim-0.6.8-pc\game\chapters\chapter3\script\ch3sc21.rpyc
    Decompiling C:\Users\user\Desktop\RenPy\____MINHAS FERRAMENTAS RENPY\PACOTE WELLS MANAGER CORRIGIDO\bosta\Nephilim-0.6.8-pc\game\chapters\chapter3\script\ch3sc21.rpyc to ch3sc21.rpy ...
    Warning: analysis found signs that this .rpyc file was generated by ren'py 
    version 7 or below, while this unrpyc version targets ren'py 
    version 8. Decompilation will still be attempted, but errors or incorrect 
    decompilation might occur.
[OK] C:\Users\user\Desktop\RenPy\____MINHAS FERRAMENTAS RENPY\PACOTE WELLS MANAGER CORRIGIDO\bosta\Nephilim-0.6.8-pc\game\chapters\chapter3\script\ch3sc21.rpy
[RPYC] C:\Users\user\Desktop\RenPy\____MINHAS FERRAMENTAS RENPY\PACOTE WELLS MANAGER CORRIGIDO\bosta\Nephilim-0.6.8-pc\game\chapters\chapter3\script\ch3sc22.rpyc
    Decompiling C:\Users\user\Desktop\RenPy\____MINHAS FERRAMENTAS RENPY\PACOTE WELLS MANAGER CORRIGIDO\bosta\Nephilim-0.6.8-pc\game\chapters\chapter3\script\ch3sc22.rpyc to ch3sc22.rpy ...
    Warning: analysis found signs that this .rpyc file was generated by ren'py 
    version 7 or below, while this unrpyc version targets ren'py 
    version 8. Decompilation will still be attempted, but errors or incorrect 
    decompilation might occur.
[OK] C:\Users\user\Desktop\RenPy\____MINHAS FERRAMENTAS RENPY\PACOTE WELLS MANAGER CORRIGIDO\bosta\Nephilim-0.6.8-pc\game\chapters\chapter3\script\ch3sc22.rpy
[RPYC] C:\Users\user\Desktop\RenPy\____MINHAS FERRAMENTAS RENPY\PACOTE WELLS MANAGER CORRIGIDO\bosta\Nephilim-0.6.8-pc\game\chapters\chapter3\script\ch3sc23.rpyc
    Decompiling C:\Users\user\Desktop\RenPy\____MINHAS FERRAMENTAS RENPY\PACOTE WELLS MANAGER CORRIGIDO\bosta\Nephilim-0.6.8-pc\game\chapters\chapter3\script\ch3sc23.rpyc to ch3sc23.rpy ...
    Warning: analysis found signs that this .rpyc file was generated by ren'py 
    version 7 or below, while this unrpyc version targets ren'py 
    version 8. Decompilation will still be attempted, but errors or incorrect 
    decompilation might occur.
[OK] C:\Users\user\Desktop\RenPy\____MINHAS FERRAMENTAS RENPY\PACOTE WELLS MANAGER CORRIGIDO\bosta\Nephilim-0.6.8-pc\game\chapters\chapter3\script\ch3sc23.rpy
[RPYC] C:\Users\user\Desktop\RenPy\____MINHAS FERRAMENTAS RENPY\PACOTE WELLS MANAGER CORRIGIDO\bosta\Nephilim-0.6.8-pc\game\chapters\chapter3\script\ch3sc24.rpyc
    Decompiling C:\Users\user\Desktop\RenPy\____MINHAS FERRAMENTAS RENPY\PACOTE WELLS MANAGER CORRIGIDO\bosta\Nephilim-0.6.8-pc\game\chapters\chapter3\script\ch3sc24.rpyc to ch3sc24.rpy ...
    Warning: analysis found signs that this .rpyc file was generated by ren'py 
    version 7 or below, while this unrpyc version targets ren'py 
    version 8. Decompilation will still be attempted, but errors or incorrect 
    decompilation might occur.
[OK] C:\Users\user\Desktop\RenPy\____MINHAS FERRAMENTAS RENPY\PACOTE WELLS MANAGER CORRIGIDO\bosta\Nephilim-0.6.8-pc\game\chapters\chapter3\script\ch3sc24.rpy
[RPYC] C:\Users\user\Desktop\RenPy\____MINHAS FERRAMENTAS RENPY\PACOTE WELLS MANAGER CORRIGIDO\bosta\Nephilim-0.6.8-pc\game\chapters\chapter3\script\ch3sc25.rpyc
    Decompiling C:\Users\user\Desktop\RenPy\____MINHAS FERRAMENTAS RENPY\PACOTE WELLS MANAGER CORRIGIDO\bosta\Nephilim-0.6.8-pc\game\chapters\chapter3\script\ch3sc25.rpyc to ch3sc25.rpy ...
    Warning: analysis found signs that this .rpyc file was generated by ren'py 
    version 7 or below, while this unrpyc version targets ren'py 
    version 8. Decompilation will still be attempted, but errors or incorrect 
    decompilation might occur.
[OK] C:\Users\user\Desktop\RenPy\____MINHAS FERRAMENTAS RENPY\PACOTE WELLS MANAGER CORRIGIDO\bosta\Nephilim-0.6.8-pc\game\chapters\chapter3\script\ch3sc25.rpy
[RPYC] C:\Users\user\Desktop\RenPy\____MINHAS FERRAMENTAS RENPY\PACOTE WELLS MANAGER CORRIGIDO\bosta\Nephilim-0.6.8-pc\game\chapters\chapter3\script\ch3sc26.rpyc
    Decompiling C:\Users\user\Desktop\RenPy\____MINHAS FERRAMENTAS RENPY\PACOTE WELLS MANAGER CORRIGIDO\bosta\Nephilim-0.6.8-pc\game\chapters\chapter3\script\ch3sc26.rpyc to ch3sc26.rpy ...
    Warning: analysis found signs that this .rpyc file was generated by ren'py 
    version 7 or below, while this unrpyc version targets ren'py 
    version 8. Decompilation will still be attempted, but errors or incorrect 
    decompilation might occur.
[OK] C:\Users\user\Desktop\RenPy\____MINHAS FERRAMENTAS RENPY\PACOTE WELLS MANAGER CORRIGIDO\bosta\Nephilim-0.6.8-pc\game\chapters\chapter3\script\ch3sc26.rpy
[RPYC] C:\Users\user\Desktop\RenPy\____MINHAS FERRAMENTAS RENPY\PACOTE WELLS MANAGER CORRIGIDO\bosta\Nephilim-0.6.8-pc\game\chapters\chapter3\script\ch3sc27.rpyc
    Decompiling C:\Users\user\Desktop\RenPy\____MINHAS FERRAMENTAS RENPY\PACOTE WELLS MANAGER CORRIGIDO\bosta\Nephilim-0.6.8-pc\game\chapters\chapter3\script\ch3sc27.rpyc to ch3sc27.rpy ...
    Warning: analysis found signs that this .rpyc file was generated by ren'py 
    version 7 or below, while this unrpyc version targets ren'py 
    version 8. Decompilation will still be attempted, but errors or incorrect 
    decompilation might occur.
[OK] C:\Users\user\Desktop\RenPy\____MINHAS FERRAMENTAS RENPY\PACOTE WELLS MANAGER CORRIGIDO\bosta\Nephilim-0.6.8-pc\game\chapters\chapter3\script\ch3sc27.rpy
[RPYC] C:\Users\user\Desktop\RenPy\____MINHAS FERRAMENTAS RENPY\PACOTE WELLS MANAGER CORRIGIDO\bosta\Nephilim-0.6.8-pc\game\chapters\chapter3\script\ch3sc28.rpyc
    Decompiling C:\Users\user\Desktop\RenPy\____MINHAS FERRAMENTAS RENPY\PACOTE WELLS MANAGER CORRIGIDO\bosta\Nephilim-0.6.8-pc\game\chapters\chapter3\script\ch3sc28.rpyc to ch3sc28.rpy ...
    Warning: analysis found signs that this .rpyc file was generated by ren'py 
    version 7 or below, while this unrpyc version targets ren'py 
    version 8. Decompilation will still be attempted, but errors or incorrect 
    decompilation might occur.
[OK] C:\Users\user\Desktop\RenPy\____MINHAS FERRAMENTAS RENPY\PACOTE WELLS MANAGER CORRIGIDO\bosta\Nephilim-0.6.8-pc\game\chapters\chapter3\script\ch3sc28.rpy
[RPYC] C:\Users\user\Desktop\RenPy\____MINHAS FERRAMENTAS RENPY\PACOTE WELLS MANAGER CORRIGIDO\bosta\Nephilim-0.6.8-pc\game\chapters\chapter3\script\ch3sc3.rpyc
    Decompiling C:\Users\user\Desktop\RenPy\____MINHAS FERRAMENTAS RENPY\PACOTE WELLS MANAGER CORRIGIDO\bosta\Nephilim-0.6.8-pc\game\chapters\chapter3\script\ch3sc3.rpyc to ch3sc3.rpy ...
    Warning: analysis found signs that this .rpyc file was generated by ren'py 
    version 7 or below, while this unrpyc version targets ren'py 
    version 8. Decompilation will still be attempted, but errors or incorrect 
    decompilation might occur.
[OK] C:\Users\user\Desktop\RenPy\____MINHAS FERRAMENTAS RENPY\PACOTE WELLS MANAGER CORRIGIDO\bosta\Nephilim-0.6.8-pc\game\chapters\chapter3\script\ch3sc3.rpy
[RPYC] C:\Users\user\Desktop\RenPy\____MINHAS FERRAMENTAS RENPY\PACOTE WELLS MANAGER CORRIGIDO\bosta\Nephilim-0.6.8-pc\game\chapters\chapter3\script\ch3sc4.rpyc
    Decompiling C:\Users\user\Desktop\RenPy\____MINHAS FERRAMENTAS RENPY\PACOTE WELLS MANAGER CORRIGIDO\bosta\Nephilim-0.6.8-pc\game\chapters\chapter3\script\ch3sc4.rpyc to ch3sc4.rpy ...
    Warning: analysis found signs that this .rpyc file was generated by ren'py 
    version 7 or below, while this unrpyc version targets ren'py 
    version 8. Decompilation will still be attempted, but errors or incorrect 
    decompilation might occur.
[OK] C:\Users\user\Desktop\RenPy\____MINHAS FERRAMENTAS RENPY\PACOTE WELLS MANAGER CORRIGIDO\bosta\Nephilim-0.6.8-pc\game\chapters\chapter3\script\ch3sc4.rpy
[RPYC] C:\Users\user\Desktop\RenPy\____MINHAS FERRAMENTAS RENPY\PACOTE WELLS MANAGER CORRIGIDO\bosta\Nephilim-0.6.8-pc\game\chapters\chapter3\script\ch3sc5.rpyc
    Decompiling C:\Users\user\Desktop\RenPy\____MINHAS FERRAMENTAS RENPY\PACOTE WELLS MANAGER CORRIGIDO\bosta\Nephilim-0.6.8-pc\game\chapters\chapter3\script\ch3sc5.rpyc to ch3sc5.rpy ...
    Warning: analysis found signs that this .rpyc file was generated by ren'py 
    version 7 or below, while this unrpyc version targets ren'py 
    version 8. Decompilation will still be attempted, but errors or incorrect 
    decompilation might occur.
[OK] C:\Users\user\Desktop\RenPy\____MINHAS FERRAMENTAS RENPY\PACOTE WELLS MANAGER CORRIGIDO\bosta\Nephilim-0.6.8-pc\game\chapters\chapter3\script\ch3sc5.rpy
[RPYC] C:\Users\user\Desktop\RenPy\____MINHAS FERRAMENTAS RENPY\PACOTE WELLS MANAGER CORRIGIDO\bosta\Nephilim-0.6.8-pc\game\chapters\chapter3\script\ch3sc6.rpyc
    Decompiling C:\Users\user\Desktop\RenPy\____MINHAS FERRAMENTAS RENPY\PACOTE WELLS MANAGER CORRIGIDO\bosta\Nephilim-0.6.8-pc\game\chapters\chapter3\script\ch3sc6.rpyc to ch3sc6.rpy ...
    Warning: analysis found signs that this .rpyc file was generated by ren'py 
    version 7 or below, while this unrpyc version targets ren'py 
    version 8. Decompilation will still be attempted, but errors or incorrect 
    decompilation might occur.
[OK] C:\Users\user\Desktop\RenPy\____MINHAS FERRAMENTAS RENPY\PACOTE WELLS MANAGER CORRIGIDO\bosta\Nephilim-0.6.8-pc\game\chapters\chapter3\script\ch3sc6.rpy
[RPYC] C:\Users\user\Desktop\RenPy\____MINHAS FERRAMENTAS RENPY\PACOTE WELLS MANAGER CORRIGIDO\bosta\Nephilim-0.6.8-pc\game\chapters\chapter3\script\ch3sc7.rpyc
    Decompiling C:\Users\user\Desktop\RenPy\____MINHAS FERRAMENTAS RENPY\PACOTE WELLS MANAGER CORRIGIDO\bosta\Nephilim-0.6.8-pc\game\chapters\chapter3\script\ch3sc7.rpyc to ch3sc7.rpy ...
    Warning: analysis found signs that this .rpyc file was generated by ren'py 
    version 7 or below, while this unrpyc version targets ren'py 
    version 8. Decompilation will still be attempted, but errors or incorrect 
    decompilation might occur.
[OK] C:\Users\user\Desktop\RenPy\____MINHAS FERRAMENTAS RENPY\PACOTE WELLS MANAGER CORRIGIDO\bosta\Nephilim-0.6.8-pc\game\chapters\chapter3\script\ch3sc7.rpy
[RPYC] C:\Users\user\Desktop\RenPy\____MINHAS FERRAMENTAS RENPY\PACOTE WELLS MANAGER CORRIGIDO\bosta\Nephilim-0.6.8-pc\game\chapters\chapter3\script\ch3sc8.rpyc
    Decompiling C:\Users\user\Desktop\RenPy\____MINHAS FERRAMENTAS RENPY\PACOTE WELLS MANAGER CORRIGIDO\bosta\Nephilim-0.6.8-pc\game\chapters\chapter3\script\ch3sc8.rpyc to ch3sc8.rpy ...
    Warning: analysis found signs that this .rpyc file was generated by ren'py 
    version 7 or below, while this unrpyc version targets ren'py 
    version 8. Decompilation will still be attempted, but errors or incorrect 
    decompilation might occur.
[OK] C:\Users\user\Desktop\RenPy\____MINHAS FERRAMENTAS RENPY\PACOTE WELLS MANAGER CORRIGIDO\bosta\Nephilim-0.6.8-pc\game\chapters\chapter3\script\ch3sc8.rpy
[RPYC] C:\Users\user\Desktop\RenPy\____MINHAS FERRAMENTAS RENPY\PACOTE WELLS MANAGER CORRIGIDO\bosta\Nephilim-0.6.8-pc\game\chapters\chapter3\script\ch3sc9.rpyc
    Decompiling C:\Users\user\Desktop\RenPy\____MINHAS FERRAMENTAS RENPY\PACOTE WELLS MANAGER CORRIGIDO\bosta\Nephilim-0.6.8-pc\game\chapters\chapter3\script\ch3sc9.rpyc to ch3sc9.rpy ...
    Warning: analysis found signs that this .rpyc file was generated by ren'py 
    version 7 or below, while this unrpyc version targets ren'py 
    version 8. Decompilation will still be attempted, but errors or incorrect 
    decompilation might occur.
[OK] C:\Users\user\Desktop\RenPy\____MINHAS FERRAMENTAS RENPY\PACOTE WELLS MANAGER CORRIGIDO\bosta\Nephilim-0.6.8-pc\game\chapters\chapter3\script\ch3sc9.rpy
[RPYC] C:\Users\user\Desktop\RenPy\____MINHAS FERRAMENTAS RENPY\PACOTE WELLS MANAGER CORRIGIDO\bosta\Nephilim-0.6.8-pc\game\chapters\chapter4\script\ch4sc1.rpyc
    Decompiling C:\Users\user\Desktop\RenPy\____MINHAS FERRAMENTAS RENPY\PACOTE WELLS MANAGER CORRIGIDO\bosta\Nephilim-0.6.8-pc\game\chapters\chapter4\script\ch4sc1.rpyc to ch4sc1.rpy ...
    Warning: analysis found signs that this .rpyc file was generated by ren'py 
    version 7 or below, while this unrpyc version targets ren'py 
    version 8. Decompilation will still be attempted, but errors or incorrect 
    decompilation might occur.
[OK] C:\Users\user\Desktop\RenPy\____MINHAS FERRAMENTAS RENPY\PACOTE WELLS MANAGER CORRIGIDO\bosta\Nephilim-0.6.8-pc\game\chapters\chapter4\script\ch4sc1.rpy
[RPYC] C:\Users\user\Desktop\RenPy\____MINHAS FERRAMENTAS RENPY\PACOTE WELLS MANAGER CORRIGIDO\bosta\Nephilim-0.6.8-pc\game\chapters\chapter4\script\ch4sc10.rpyc
    Decompiling C:\Users\user\Desktop\RenPy\____MINHAS FERRAMENTAS RENPY\PACOTE WELLS MANAGER CORRIGIDO\bosta\Nephilim-0.6.8-pc\game\chapters\chapter4\script\ch4sc10.rpyc to ch4sc10.rpy ...
    Warning: analysis found signs that this .rpyc file was generated by ren'py 
    version 7 or below, while this unrpyc version targets ren'py 
    version 8. Decompilation will still be attempted, but errors or incorrect 
    decompilation might occur.
[OK] C:\Users\user\Desktop\RenPy\____MINHAS FERRAMENTAS RENPY\PACOTE WELLS MANAGER CORRIGIDO\bosta\Nephilim-0.6.8-pc\game\chapters\chapter4\script\ch4sc10.rpy
[RPYC] C:\Users\user\Desktop\RenPy\____MINHAS FERRAMENTAS RENPY\PACOTE WELLS MANAGER CORRIGIDO\bosta\Nephilim-0.6.8-pc\game\chapters\chapter4\script\ch4sc11.rpyc
    Decompiling C:\Users\user\Desktop\RenPy\____MINHAS FERRAMENTAS RENPY\PACOTE WELLS MANAGER CORRIGIDO\bosta\Nephilim-0.6.8-pc\game\chapters\chapter4\script\ch4sc11.rpyc to ch4sc11.rpy ...
    Warning: analysis found signs that this .rpyc file was generated by ren'py 
    version 7 or below, while this unrpyc version targets ren'py 
    version 8. Decompilation will still be attempted, but errors or incorrect 
    decompilation might occur.
[OK] C:\Users\user\Desktop\RenPy\____MINHAS FERRAMENTAS RENPY\PACOTE WELLS MANAGER CORRIGIDO\bosta\Nephilim-0.6.8-pc\game\chapters\chapter4\script\ch4sc11.rpy
[RPYC] C:\Users\user\Desktop\RenPy\____MINHAS FERRAMENTAS RENPY\PACOTE WELLS MANAGER CORRIGIDO\bosta\Nephilim-0.6.8-pc\game\chapters\chapter4\script\ch4sc12.rpyc
    Decompiling C:\Users\user\Desktop\RenPy\____MINHAS FERRAMENTAS RENPY\PACOTE WELLS MANAGER CORRIGIDO\bosta\Nephilim-0.6.8-pc\game\chapters\chapter4\script\ch4sc12.rpyc to ch4sc12.rpy ...
    Warning: analysis found signs that this .rpyc file was generated by ren'py 
    version 7 or below, while this unrpyc version targets ren'py 
    version 8. Decompilation will still be attempted, but errors or incorrect 
    decompilation might occur.
[OK] C:\Users\user\Desktop\RenPy\____MINHAS FERRAMENTAS RENPY\PACOTE WELLS MANAGER CORRIGIDO\bosta\Nephilim-0.6.8-pc\game\chapters\chapter4\script\ch4sc12.rpy
[RPYC] C:\Users\user\Desktop\RenPy\____MINHAS FERRAMENTAS RENPY\PACOTE WELLS MANAGER CORRIGIDO\bosta\Nephilim-0.6.8-pc\game\chapters\chapter4\script\ch4sc13.rpyc
    Decompiling C:\Users\user\Desktop\RenPy\____MINHAS FERRAMENTAS RENPY\PACOTE WELLS MANAGER CORRIGIDO\bosta\Nephilim-0.6.8-pc\game\chapters\chapter4\script\ch4sc13.rpyc to ch4sc13.rpy ...
    Warning: analysis found signs that this .rpyc file was generated by ren'py 
    version 7 or below, while this unrpyc version targets ren'py 
    version 8. Decompilation will still be attempted, but errors or incorrect 
    decompilation might occur.
[OK] C:\Users\user\Desktop\RenPy\____MINHAS FERRAMENTAS RENPY\PACOTE WELLS MANAGER CORRIGIDO\bosta\Nephilim-0.6.8-pc\game\chapters\chapter4\script\ch4sc13.rpy
[RPYC] C:\Users\user\Desktop\RenPy\____MINHAS FERRAMENTAS RENPY\PACOTE WELLS MANAGER CORRIGIDO\bosta\Nephilim-0.6.8-pc\game\chapters\chapter4\script\ch4sc14.rpyc
    Decompiling C:\Users\user\Desktop\RenPy\____MINHAS FERRAMENTAS RENPY\PACOTE WELLS MANAGER CORRIGIDO\bosta\Nephilim-0.6.8-pc\game\chapters\chapter4\script\ch4sc14.rpyc to ch4sc14.rpy ...
    Warning: analysis found signs that this .rpyc file was generated by ren'py 
    version 7 or below, while this unrpyc version targets ren'py 
    version 8. Decompilation will still be attempted, but errors or incorrect 
    decompilation might occur.
[OK] C:\Users\user\Desktop\RenPy\____MINHAS FERRAMENTAS RENPY\PACOTE WELLS MANAGER CORRIGIDO\bosta\Nephilim-0.6.8-pc\game\chapters\chapter4\script\ch4sc14.rpy
[RPYC] C:\Users\user\Desktop\RenPy\____MINHAS FERRAMENTAS RENPY\PACOTE WELLS MANAGER CORRIGIDO\bosta\Nephilim-0.6.8-pc\game\chapters\chapter4\script\ch4sc15.rpyc
    Decompiling C:\Users\user\Desktop\RenPy\____MINHAS FERRAMENTAS RENPY\PACOTE WELLS MANAGER CORRIGIDO\bosta\Nephilim-0.6.8-pc\game\chapters\chapter4\script\ch4sc15.rpyc to ch4sc15.rpy ...
    Warning: analysis found signs that this .rpyc file was generated by ren'py 
    version 7 or below, while this unrpyc version targets ren'py 
    version 8. Decompilation will still be attempted, but errors or incorrect 
    decompilation might occur.
[OK] C:\Users\user\Desktop\RenPy\____MINHAS FERRAMENTAS RENPY\PACOTE WELLS MANAGER CORRIGIDO\bosta\Nephilim-0.6.8-pc\game\chapters\chapter4\script\ch4sc15.rpy
[RPYC] C:\Users\user\Desktop\RenPy\____MINHAS FERRAMENTAS RENPY\PACOTE WELLS MANAGER CORRIGIDO\bosta\Nephilim-0.6.8-pc\game\chapters\chapter4\script\ch4sc16.rpyc
    Decompiling C:\Users\user\Desktop\RenPy\____MINHAS FERRAMENTAS RENPY\PACOTE WELLS MANAGER CORRIGIDO\bosta\Nephilim-0.6.8-pc\game\chapters\chapter4\script\ch4sc16.rpyc to ch4sc16.rpy ...
    Warning: analysis found signs that this .rpyc file was generated by ren'py 
    version 7 or below, while this unrpyc version targets ren'py 
    version 8. Decompilation will still be attempted, but errors or incorrect 
    decompilation might occur.
[OK] C:\Users\user\Desktop\RenPy\____MINHAS FERRAMENTAS RENPY\PACOTE WELLS MANAGER CORRIGIDO\bosta\Nephilim-0.6.8-pc\game\chapters\chapter4\script\ch4sc16.rpy
[RPYC] C:\Users\user\Desktop\RenPy\____MINHAS FERRAMENTAS RENPY\PACOTE WELLS MANAGER CORRIGIDO\bosta\Nephilim-0.6.8-pc\game\chapters\chapter4\script\ch4sc17.rpyc
    Decompiling C:\Users\user\Desktop\RenPy\____MINHAS FERRAMENTAS RENPY\PACOTE WELLS MANAGER CORRIGIDO\bosta\Nephilim-0.6.8-pc\game\chapters\chapter4\script\ch4sc17.rpyc to ch4sc17.rpy ...
    Warning: analysis found signs that this .rpyc file was generated by ren'py 
    version 7 or below, while this unrpyc version targets ren'py 
    version 8. Decompilation will still be attempted, but errors or incorrect 
    decompilation might occur.
[OK] C:\Users\user\Desktop\RenPy\____MINHAS FERRAMENTAS RENPY\PACOTE WELLS MANAGER CORRIGIDO\bosta\Nephilim-0.6.8-pc\game\chapters\chapter4\script\ch4sc17.rpy
[RPYC] C:\Users\user\Desktop\RenPy\____MINHAS FERRAMENTAS RENPY\PACOTE WELLS MANAGER CORRIGIDO\bosta\Nephilim-0.6.8-pc\game\chapters\chapter4\script\ch4sc18.rpyc
    Decompiling C:\Users\user\Desktop\RenPy\____MINHAS FERRAMENTAS RENPY\PACOTE WELLS MANAGER CORRIGIDO\bosta\Nephilim-0.6.8-pc\game\chapters\chapter4\script\ch4sc18.rpyc to ch4sc18.rpy ...
    Warning: analysis found signs that this .rpyc file was generated by ren'py 
    version 7 or below, while this unrpyc version targets ren'py 
    version 8. Decompilation will still be attempted, but errors or incorrect 
    decompilation might occur.
[OK] C:\Users\user\Desktop\RenPy\____MINHAS FERRAMENTAS RENPY\PACOTE WELLS MANAGER CORRIGIDO\bosta\Nephilim-0.6.8-pc\game\chapters\chapter4\script\ch4sc18.rpy
[RPYC] C:\Users\user\Desktop\RenPy\____MINHAS FERRAMENTAS RENPY\PACOTE WELLS MANAGER CORRIGIDO\bosta\Nephilim-0.6.8-pc\game\chapters\chapter4\script\ch4sc19.rpyc
    Decompiling C:\Users\user\Desktop\RenPy\____MINHAS FERRAMENTAS RENPY\PACOTE WELLS MANAGER CORRIGIDO\bosta\Nephilim-0.6.8-pc\game\chapters\chapter4\script\ch4sc19.rpyc to ch4sc19.rpy ...
    Warning: analysis found signs that this .rpyc file was generated by ren'py 
    version 7 or below, while this unrpyc version targets ren'py 
    version 8. Decompilation will still be attempted, but errors or incorrect 
    decompilation might occur.
[OK] C:\Users\user\Desktop\RenPy\____MINHAS FERRAMENTAS RENPY\PACOTE WELLS MANAGER CORRIGIDO\bosta\Nephilim-0.6.8-pc\game\chapters\chapter4\script\ch4sc19.rpy
[RPYC] C:\Users\user\Desktop\RenPy\____MINHAS FERRAMENTAS RENPY\PACOTE WELLS MANAGER CORRIGIDO\bosta\Nephilim-0.6.8-pc\game\chapters\chapter4\script\ch4sc2.rpyc
    Decompiling C:\Users\user\Desktop\RenPy\____MINHAS FERRAMENTAS RENPY\PACOTE WELLS MANAGER CORRIGIDO\bosta\Nephilim-0.6.8-pc\game\chapters\chapter4\script\ch4sc2.rpyc to ch4sc2.rpy ...
    Warning: analysis found signs that this .rpyc file was generated by ren'py 
    version 7 or below, while this unrpyc version targets ren'py 
    version 8. Decompilation will still be attempted, but errors or incorrect 
    decompilation might occur.
[OK] C:\Users\user\Desktop\RenPy\____MINHAS FERRAMENTAS RENPY\PACOTE WELLS MANAGER CORRIGIDO\bosta\Nephilim-0.6.8-pc\game\chapters\chapter4\script\ch4sc2.rpy
[RPYC] C:\Users\user\Desktop\RenPy\____MINHAS FERRAMENTAS RENPY\PACOTE WELLS MANAGER CORRIGIDO\bosta\Nephilim-0.6.8-pc\game\chapters\chapter4\script\ch4sc3.rpyc
    Decompiling C:\Users\user\Desktop\RenPy\____MINHAS FERRAMENTAS RENPY\PACOTE WELLS MANAGER CORRIGIDO\bosta\Nephilim-0.6.8-pc\game\chapters\chapter4\script\ch4sc3.rpyc to ch4sc3.rpy ...
    Warning: analysis found signs that this .rpyc file was generated by ren'py 
    version 7 or below, while this unrpyc version targets ren'py 
    version 8. Decompilation will still be attempted, but errors or incorrect 
    decompilation might occur.
[OK] C:\Users\user\Desktop\RenPy\____MINHAS FERRAMENTAS RENPY\PACOTE WELLS MANAGER CORRIGIDO\bosta\Nephilim-0.6.8-pc\game\chapters\chapter4\script\ch4sc3.rpy
[RPYC] C:\Users\user\Desktop\RenPy\____MINHAS FERRAMENTAS RENPY\PACOTE WELLS MANAGER CORRIGIDO\bosta\Nephilim-0.6.8-pc\game\chapters\chapter4\script\ch4sc4.rpyc
    Decompiling C:\Users\user\Desktop\RenPy\____MINHAS FERRAMENTAS RENPY\PACOTE WELLS MANAGER CORRIGIDO\bosta\Nephilim-0.6.8-pc\game\chapters\chapter4\script\ch4sc4.rpyc to ch4sc4.rpy ...
    Warning: analysis found signs that this .rpyc file was generated by ren'py 
    version 7 or below, while this unrpyc version targets ren'py 
    version 8. Decompilation will still be attempted, but errors or incorrect 
    decompilation might occur.
[OK] C:\Users\user\Desktop\RenPy\____MINHAS FERRAMENTAS RENPY\PACOTE WELLS MANAGER CORRIGIDO\bosta\Nephilim-0.6.8-pc\game\chapters\chapter4\script\ch4sc4.rpy
[RPYC] C:\Users\user\Desktop\RenPy\____MINHAS FERRAMENTAS RENPY\PACOTE WELLS MANAGER CORRIGIDO\bosta\Nephilim-0.6.8-pc\game\chapters\chapter4\script\ch4sc5.rpyc
    Decompiling C:\Users\user\Desktop\RenPy\____MINHAS FERRAMENTAS RENPY\PACOTE WELLS MANAGER CORRIGIDO\bosta\Nephilim-0.6.8-pc\game\chapters\chapter4\script\ch4sc5.rpyc to ch4sc5.rpy ...
    Warning: analysis found signs that this .rpyc file was generated by ren'py 
    version 7 or below, while this unrpyc version targets ren'py 
    version 8. Decompilation will still be attempted, but errors or incorrect 
    decompilation might occur.
[OK] C:\Users\user\Desktop\RenPy\____MINHAS FERRAMENTAS RENPY\PACOTE WELLS MANAGER CORRIGIDO\bosta\Nephilim-0.6.8-pc\game\chapters\chapter4\script\ch4sc5.rpy
[RPYC] C:\Users\user\Desktop\RenPy\____MINHAS FERRAMENTAS RENPY\PACOTE WELLS MANAGER CORRIGIDO\bosta\Nephilim-0.6.8-pc\game\chapters\chapter4\script\ch4sc6.rpyc
    Decompiling C:\Users\user\Desktop\RenPy\____MINHAS FERRAMENTAS RENPY\PACOTE WELLS MANAGER CORRIGIDO\bosta\Nephilim-0.6.8-pc\game\chapters\chapter4\script\ch4sc6.rpyc to ch4sc6.rpy ...
    Warning: analysis found signs that this .rpyc file was generated by ren'py 
    version 7 or below, while this unrpyc version targets ren'py 
    version 8. Decompilation will still be attempted, but errors or incorrect 
    decompilation might occur.
[OK] C:\Users\user\Desktop\RenPy\____MINHAS FERRAMENTAS RENPY\PACOTE WELLS MANAGER CORRIGIDO\bosta\Nephilim-0.6.8-pc\game\chapters\chapter4\script\ch4sc6.rpy
[RPYC] C:\Users\user\Desktop\RenPy\____MINHAS FERRAMENTAS RENPY\PACOTE WELLS MANAGER CORRIGIDO\bosta\Nephilim-0.6.8-pc\game\chapters\chapter4\script\ch4sc7.rpyc
    Decompiling C:\Users\user\Desktop\RenPy\____MINHAS FERRAMENTAS RENPY\PACOTE WELLS MANAGER CORRIGIDO\bosta\Nephilim-0.6.8-pc\game\chapters\chapter4\script\ch4sc7.rpyc to ch4sc7.rpy ...
    Warning: analysis found signs that this .rpyc file was generated by ren'py 
    version 7 or below, while this unrpyc version targets ren'py 
    version 8. Decompilation will still be attempted, but errors or incorrect 
    decompilation might occur.
[OK] C:\Users\user\Desktop\RenPy\____MINHAS FERRAMENTAS RENPY\PACOTE WELLS MANAGER CORRIGIDO\bosta\Nephilim-0.6.8-pc\game\chapters\chapter4\script\ch4sc7.rpy
[RPYC] C:\Users\user\Desktop\RenPy\____MINHAS FERRAMENTAS RENPY\PACOTE WELLS MANAGER CORRIGIDO\bosta\Nephilim-0.6.8-pc\game\chapters\chapter4\script\ch4sc8.rpyc
    Decompiling C:\Users\user\Desktop\RenPy\____MINHAS FERRAMENTAS RENPY\PACOTE WELLS MANAGER CORRIGIDO\bosta\Nephilim-0.6.8-pc\game\chapters\chapter4\script\ch4sc8.rpyc to ch4sc8.rpy ...
    Warning: analysis found signs that this .rpyc file was generated by ren'py 
    version 7 or below, while this unrpyc version targets ren'py 
    version 8. Decompilation will still be attempted, but errors or incorrect 
    decompilation might occur.
[OK] C:\Users\user\Desktop\RenPy\____MINHAS FERRAMENTAS RENPY\PACOTE WELLS MANAGER CORRIGIDO\bosta\Nephilim-0.6.8-pc\game\chapters\chapter4\script\ch4sc8.rpy
[RPYC] C:\Users\user\Desktop\RenPy\____MINHAS FERRAMENTAS RENPY\PACOTE WELLS MANAGER CORRIGIDO\bosta\Nephilim-0.6.8-pc\game\chapters\chapter4\script\ch4sc9.rpyc
    Decompiling C:\Users\user\Desktop\RenPy\____MINHAS FERRAMENTAS RENPY\PACOTE WELLS MANAGER CORRIGIDO\bosta\Nephilim-0.6.8-pc\game\chapters\chapter4\script\ch4sc9.rpyc to ch4sc9.rpy ...
    Warning: analysis found signs that this .rpyc file was generated by ren'py 
    version 7 or below, while this unrpyc version targets ren'py 
    version 8. Decompilation will still be attempted, but errors or incorrect 
    decompilation might occur.
[OK] C:\Users\user\Desktop\RenPy\____MINHAS FERRAMENTAS RENPY\PACOTE WELLS MANAGER CORRIGIDO\bosta\Nephilim-0.6.8-pc\game\chapters\chapter4\script\ch4sc9.rpy
[RPYC] C:\Users\user\Desktop\RenPy\____MINHAS FERRAMENTAS RENPY\PACOTE WELLS MANAGER CORRIGIDO\bosta\Nephilim-0.6.8-pc\game\chapters\chapter5\script\ch5sc07.rpyc
    Decompiling C:\Users\user\Desktop\RenPy\____MINHAS FERRAMENTAS RENPY\PACOTE WELLS MANAGER CORRIGIDO\bosta\Nephilim-0.6.8-pc\game\chapters\chapter5\script\ch5sc07.rpyc to ch5sc07.rpy ...
    Warning: analysis found signs that this .rpyc file was generated by ren'py 
    version 7 or below, while this unrpyc version targets ren'py 
    version 8. Decompilation will still be attempted, but errors or incorrect 
    decompilation might occur.
[OK] C:\Users\user\Desktop\RenPy\____MINHAS FERRAMENTAS RENPY\PACOTE WELLS MANAGER CORRIGIDO\bosta\Nephilim-0.6.8-pc\game\chapters\chapter5\script\ch5sc07.rpy
[RPYC] C:\Users\user\Desktop\RenPy\____MINHAS FERRAMENTAS RENPY\PACOTE WELLS MANAGER CORRIGIDO\bosta\Nephilim-0.6.8-pc\game\chapters\chapter5\script\ch5sc08.rpyc
    Decompiling C:\Users\user\Desktop\RenPy\____MINHAS FERRAMENTAS RENPY\PACOTE WELLS MANAGER CORRIGIDO\bosta\Nephilim-0.6.8-pc\game\chapters\chapter5\script\ch5sc08.rpyc to ch5sc08.rpy ...
    Warning: analysis found signs that this .rpyc file was generated by ren'py 
    version 7 or below, while this unrpyc version targets ren'py 
    version 8. Decompilation will still be attempted, but errors or incorrect 
    decompilation might occur.
[OK] C:\Users\user\Desktop\RenPy\____MINHAS FERRAMENTAS RENPY\PACOTE WELLS MANAGER CORRIGIDO\bosta\Nephilim-0.6.8-pc\game\chapters\chapter5\script\ch5sc08.rpy
[RPYC] C:\Users\user\Desktop\RenPy\____MINHAS FERRAMENTAS RENPY\PACOTE WELLS MANAGER CORRIGIDO\bosta\Nephilim-0.6.8-pc\game\chapters\chapter5\script\ch5sc09.rpyc
    Decompiling C:\Users\user\Desktop\RenPy\____MINHAS FERRAMENTAS RENPY\PACOTE WELLS MANAGER CORRIGIDO\bosta\Nephilim-0.6.8-pc\game\chapters\chapter5\script\ch5sc09.rpyc to ch5sc09.rpy ...
    Warning: analysis found signs that this .rpyc file was generated by ren'py 
    version 7 or below, while this unrpyc version targets ren'py 
    version 8. Decompilation will still be attempted, but errors or incorrect 
    decompilation might occur.
[OK] C:\Users\user\Desktop\RenPy\____MINHAS FERRAMENTAS RENPY\PACOTE WELLS MANAGER CORRIGIDO\bosta\Nephilim-0.6.8-pc\game\chapters\chapter5\script\ch5sc09.rpy
[RPYC] C:\Users\user\Desktop\RenPy\____MINHAS FERRAMENTAS RENPY\PACOTE WELLS MANAGER CORRIGIDO\bosta\Nephilim-0.6.8-pc\game\chapters\chapter5\script\ch5sc1.rpyc
    Decompiling C:\Users\user\Desktop\RenPy\____MINHAS FERRAMENTAS RENPY\PACOTE WELLS MANAGER CORRIGIDO\bosta\Nephilim-0.6.8-pc\game\chapters\chapter5\script\ch5sc1.rpyc to ch5sc1.rpy ...
    Warning: analysis found signs that this .rpyc file was generated by ren'py 
    version 7 or below, while this unrpyc version targets ren'py 
    version 8. Decompilation will still be attempted, but errors or incorrect 
    decompilation might occur.
[OK] C:\Users\user\Desktop\RenPy\____MINHAS FERRAMENTAS RENPY\PACOTE WELLS MANAGER CORRIGIDO\bosta\Nephilim-0.6.8-pc\game\chapters\chapter5\script\ch5sc1.rpy
[RPYC] C:\Users\user\Desktop\RenPy\____MINHAS FERRAMENTAS RENPY\PACOTE WELLS MANAGER CORRIGIDO\bosta\Nephilim-0.6.8-pc\game\chapters\chapter5\script\ch5sc10.rpyc
    Decompiling C:\Users\user\Desktop\RenPy\____MINHAS FERRAMENTAS RENPY\PACOTE WELLS MANAGER CORRIGIDO\bosta\Nephilim-0.6.8-pc\game\chapters\chapter5\script\ch5sc10.rpyc to ch5sc10.rpy ...
    Warning: analysis found signs that this .rpyc file was generated by ren'py 
    version 7 or below, while this unrpyc version targets ren'py 
    version 8. Decompilation will still be attempted, but errors or incorrect 
    decompilation might occur.
[OK] C:\Users\user\Desktop\RenPy\____MINHAS FERRAMENTAS RENPY\PACOTE WELLS MANAGER CORRIGIDO\bosta\Nephilim-0.6.8-pc\game\chapters\chapter5\script\ch5sc10.rpy
[RPYC] C:\Users\user\Desktop\RenPy\____MINHAS FERRAMENTAS RENPY\PACOTE WELLS MANAGER CORRIGIDO\bosta\Nephilim-0.6.8-pc\game\chapters\chapter5\script\ch5sc11.rpyc
    Decompiling C:\Users\user\Desktop\RenPy\____MINHAS FERRAMENTAS RENPY\PACOTE WELLS MANAGER CORRIGIDO\bosta\Nephilim-0.6.8-pc\game\chapters\chapter5\script\ch5sc11.rpyc to ch5sc11.rpy ...
    Warning: analysis found signs that this .rpyc file was generated by ren'py 
    version 7 or below, while this unrpyc version targets ren'py 
    version 8. Decompilation will still be attempted, but errors or incorrect 
    decompilation might occur.
[OK] C:\Users\user\Desktop\RenPy\____MINHAS FERRAMENTAS RENPY\PACOTE WELLS MANAGER CORRIGIDO\bosta\Nephilim-0.6.8-pc\game\chapters\chapter5\script\ch5sc11.rpy
[RPYC] C:\Users\user\Desktop\RenPy\____MINHAS FERRAMENTAS RENPY\PACOTE WELLS MANAGER CORRIGIDO\bosta\Nephilim-0.6.8-pc\game\chapters\chapter5\script\ch5sc12.rpyc
    Decompiling C:\Users\user\Desktop\RenPy\____MINHAS FERRAMENTAS RENPY\PACOTE WELLS MANAGER CORRIGIDO\bosta\Nephilim-0.6.8-pc\game\chapters\chapter5\script\ch5sc12.rpyc to ch5sc12.rpy ...
    Warning: analysis found signs that this .rpyc file was generated by ren'py 
    version 7 or below, while this unrpyc version targets ren'py 
    version 8. Decompilation will still be attempted, but errors or incorrect 
    decompilation might occur.
[OK] C:\Users\user\Desktop\RenPy\____MINHAS FERRAMENTAS RENPY\PACOTE WELLS MANAGER CORRIGIDO\bosta\Nephilim-0.6.8-pc\game\chapters\chapter5\script\ch5sc12.rpy
[RPYC] C:\Users\user\Desktop\RenPy\____MINHAS FERRAMENTAS RENPY\PACOTE WELLS MANAGER CORRIGIDO\bosta\Nephilim-0.6.8-pc\game\chapters\chapter5\script\ch5sc13.rpyc
    Decompiling C:\Users\user\Desktop\RenPy\____MINHAS FERRAMENTAS RENPY\PACOTE WELLS MANAGER CORRIGIDO\bosta\Nephilim-0.6.8-pc\game\chapters\chapter5\script\ch5sc13.rpyc to ch5sc13.rpy ...
    Warning: analysis found signs that this .rpyc file was generated by ren'py 
    version 7 or below, while this unrpyc version targets ren'py 
    version 8. Decompilation will still be attempted, but errors or incorrect 
    decompilation might occur.
[OK] C:\Users\user\Desktop\RenPy\____MINHAS FERRAMENTAS RENPY\PACOTE WELLS MANAGER CORRIGIDO\bosta\Nephilim-0.6.8-pc\game\chapters\chapter5\script\ch5sc13.rpy
[RPYC] C:\Users\user\Desktop\RenPy\____MINHAS FERRAMENTAS RENPY\PACOTE WELLS MANAGER CORRIGIDO\bosta\Nephilim-0.6.8-pc\game\chapters\chapter5\script\ch5sc14.rpyc
    Decompiling C:\Users\user\Desktop\RenPy\____MINHAS FERRAMENTAS RENPY\PACOTE WELLS MANAGER CORRIGIDO\bosta\Nephilim-0.6.8-pc\game\chapters\chapter5\script\ch5sc14.rpyc to ch5sc14.rpy ...
    Warning: analysis found signs that this .rpyc file was generated by ren'py 
    version 7 or below, while this unrpyc version targets ren'py 
    version 8. Decompilation will still be attempted, but errors or incorrect 
    decompilation might occur.
[OK] C:\Users\user\Desktop\RenPy\____MINHAS FERRAMENTAS RENPY\PACOTE WELLS MANAGER CORRIGIDO\bosta\Nephilim-0.6.8-pc\game\chapters\chapter5\script\ch5sc14.rpy
[RPYC] C:\Users\user\Desktop\RenPy\____MINHAS FERRAMENTAS RENPY\PACOTE WELLS MANAGER CORRIGIDO\bosta\Nephilim-0.6.8-pc\game\chapters\chapter5\script\ch5sc2.rpyc
    Decompiling C:\Users\user\Desktop\RenPy\____MINHAS FERRAMENTAS RENPY\PACOTE WELLS MANAGER CORRIGIDO\bosta\Nephilim-0.6.8-pc\game\chapters\chapter5\script\ch5sc2.rpyc to ch5sc2.rpy ...
    Warning: analysis found signs that this .rpyc file was generated by ren'py 
    version 7 or below, while this unrpyc version targets ren'py 
    version 8. Decompilation will still be attempted, but errors or incorrect 
    decompilation might occur.
[OK] C:\Users\user\Desktop\RenPy\____MINHAS FERRAMENTAS RENPY\PACOTE WELLS MANAGER CORRIGIDO\bosta\Nephilim-0.6.8-pc\game\chapters\chapter5\script\ch5sc2.rpy
[RPYC] C:\Users\user\Desktop\RenPy\____MINHAS FERRAMENTAS RENPY\PACOTE WELLS MANAGER CORRIGIDO\bosta\Nephilim-0.6.8-pc\game\tl\brazil\replaceText.rpyc
    Decompiling C:\Users\user\Desktop\RenPy\____MINHAS FERRAMENTAS RENPY\PACOTE WELLS MANAGER CORRIGIDO\bosta\Nephilim-0.6.8-pc\game\tl\brazil\replaceText.rpyc to replaceText.rpy ...
[OK] C:\Users\user\Desktop\RenPy\____MINHAS FERRAMENTAS RENPY\PACOTE WELLS MANAGER CORRIGIDO\bosta\Nephilim-0.6.8-pc\game\tl\brazil\replaceText.rpy
[RPYC] C:\Users\user\Desktop\RenPy\____MINHAS FERRAMENTAS RENPY\PACOTE WELLS MANAGER CORRIGIDO\bosta\Nephilim-0.6.8-pc\game\tl\brazil\script.rpyc
    Decompiling C:\Users\user\Desktop\RenPy\____MINHAS FERRAMENTAS RENPY\PACOTE WELLS MANAGER CORRIGIDO\bosta\Nephilim-0.6.8-pc\game\tl\brazil\script.rpyc to script.rpy ...
[OK] C:\Users\user\Desktop\RenPy\____MINHAS FERRAMENTAS RENPY\PACOTE WELLS MANAGER CORRIGIDO\bosta\Nephilim-0.6.8-pc\game\tl\brazil\script.rpy
[RPYC] C:\Users\user\Desktop\RenPy\____MINHAS FERRAMENTAS RENPY\PACOTE WELLS MANAGER CORRIGIDO\bosta\Nephilim-0.6.8-pc\game\tl\brazil\strings.rpyc
    Decompiling C:\Users\user\Desktop\RenPy\____MINHAS FERRAMENTAS RENPY\PACOTE WELLS MANAGER CORRIGIDO\bosta\Nephilim-0.6.8-pc\game\tl\brazil\strings.rpyc to strings.rpy ...
[OK] C:\Users\user\Desktop\RenPy\____MINHAS FERRAMENTAS RENPY\PACOTE WELLS MANAGER CORRIGIDO\bosta\Nephilim-0.6.8-pc\game\tl\brazil\strings.rpy
[RPYC] C:\Users\user\Desktop\RenPy\____MINHAS FERRAMENTAS RENPY\PACOTE WELLS MANAGER CORRIGIDO\bosta\Nephilim-0.6.8-pc\game\tl\None\common.rpymc
    Decompiling C:\Users\user\Desktop\RenPy\____MINHAS FERRAMENTAS RENPY\PACOTE WELLS MANAGER CORRIGIDO\bosta\Nephilim-0.6.8-pc\game\tl\None\common.rpymc to common.rpym ...
[OK] C:\Users\user\Desktop\RenPy\____MINHAS FERRAMENTAS RENPY\PACOTE WELLS MANAGER CORRIGIDO\bosta\Nephilim-0.6.8-pc\game\tl\None\common.rpym
[RPYC] C:\Users\user\Desktop\RenPy\____MINHAS FERRAMENTAS RENPY\PACOTE WELLS MANAGER CORRIGIDO\bosta\Nephilim-0.6.8-pc\game\tl\brazil\chapters\chapter6\ch6sc1.rpyc
    Decompiling C:\Users\user\Desktop\RenPy\____MINHAS FERRAMENTAS RENPY\PACOTE WELLS MANAGER CORRIGIDO\bosta\Nephilim-0.6.8-pc\game\tl\brazil\chapters\chapter6\ch6sc1.rpyc to ch6sc1.rpy ...
[OK] C:\Users\user\Desktop\RenPy\____MINHAS FERRAMENTAS RENPY\PACOTE WELLS MANAGER CORRIGIDO\bosta\Nephilim-0.6.8-pc\game\tl\brazil\chapters\chapter6\ch6sc1.rpy
[RPYC] C:\Users\user\Desktop\RenPy\____MINHAS FERRAMENTAS RENPY\PACOTE WELLS MANAGER CORRIGIDO\bosta\Nephilim-0.6.8-pc\game\tl\brazil\chapters\chapter6\ch6sc10.rpyc
    Decompiling C:\Users\user\Desktop\RenPy\____MINHAS FERRAMENTAS RENPY\PACOTE WELLS MANAGER CORRIGIDO\bosta\Nephilim-0.6.8-pc\game\tl\brazil\chapters\chapter6\ch6sc10.rpyc to ch6sc10.rpy ...
[OK] C:\Users\user\Desktop\RenPy\____MINHAS FERRAMENTAS RENPY\PACOTE WELLS MANAGER CORRIGIDO\bosta\Nephilim-0.6.8-pc\game\tl\brazil\chapters\chapter6\ch6sc10.rpy
[RPYC] C:\Users\user\Desktop\RenPy\____MINHAS FERRAMENTAS RENPY\PACOTE WELLS MANAGER CORRIGIDO\bosta\Nephilim-0.6.8-pc\game\tl\brazil\chapters\chapter6\ch6sc2.rpyc
    Decompiling C:\Users\user\Desktop\RenPy\____MINHAS FERRAMENTAS RENPY\PACOTE WELLS MANAGER CORRIGIDO\bosta\Nephilim-0.6.8-pc\game\tl\brazil\chapters\chapter6\ch6sc2.rpyc to ch6sc2.rpy ...
[OK] C:\Users\user\Desktop\RenPy\____MINHAS FERRAMENTAS RENPY\PACOTE WELLS MANAGER CORRIGIDO\bosta\Nephilim-0.6.8-pc\game\tl\brazil\chapters\chapter6\ch6sc2.rpy
[RPYC] C:\Users\user\Desktop\RenPy\____MINHAS FERRAMENTAS RENPY\PACOTE WELLS MANAGER CORRIGIDO\bosta\Nephilim-0.6.8-pc\game\tl\brazil\chapters\chapter6\ch6sc3.rpyc
    Decompiling C:\Users\user\Desktop\RenPy\____MINHAS FERRAMENTAS RENPY\PACOTE WELLS MANAGER CORRIGIDO\bosta\Nephilim-0.6.8-pc\game\tl\brazil\chapters\chapter6\ch6sc3.rpyc to ch6sc3.rpy ...
[OK] C:\Users\user\Desktop\RenPy\____MINHAS FERRAMENTAS RENPY\PACOTE WELLS MANAGER CORRIGIDO\bosta\Nephilim-0.6.8-pc\game\tl\brazil\chapters\chapter6\ch6sc3.rpy
[RPYC] C:\Users\user\Desktop\RenPy\____MINHAS FERRAMENTAS RENPY\PACOTE WELLS MANAGER CORRIGIDO\bosta\Nephilim-0.6.8-pc\game\tl\brazil\chapters\chapter6\ch6sc4.rpyc
    Decompiling C:\Users\user\Desktop\RenPy\____MINHAS FERRAMENTAS RENPY\PACOTE WELLS MANAGER CORRIGIDO\bosta\Nephilim-0.6.8-pc\game\tl\brazil\chapters\chapter6\ch6sc4.rpyc to ch6sc4.rpy ...
[OK] C:\Users\user\Desktop\RenPy\____MINHAS FERRAMENTAS RENPY\PACOTE WELLS MANAGER CORRIGIDO\bosta\Nephilim-0.6.8-pc\game\tl\brazil\chapters\chapter6\ch6sc4.rpy
[RPYC] C:\Users\user\Desktop\RenPy\____MINHAS FERRAMENTAS RENPY\PACOTE WELLS MANAGER CORRIGIDO\bosta\Nephilim-0.6.8-pc\game\tl\brazil\chapters\chapter6\ch6sc5.rpyc
    Decompiling C:\Users\user\Desktop\RenPy\____MINHAS FERRAMENTAS RENPY\PACOTE WELLS MANAGER CORRIGIDO\bosta\Nephilim-0.6.8-pc\game\tl\brazil\chapters\chapter6\ch6sc5.rpyc to ch6sc5.rpy ...
[OK] C:\Users\user\Desktop\RenPy\____MINHAS FERRAMENTAS RENPY\PACOTE WELLS MANAGER CORRIGIDO\bosta\Nephilim-0.6.8-pc\game\tl\brazil\chapters\chapter6\ch6sc5.rpy
[RPYC] C:\Users\user\Desktop\RenPy\____MINHAS FERRAMENTAS RENPY\PACOTE WELLS MANAGER CORRIGIDO\bosta\Nephilim-0.6.8-pc\game\tl\brazil\chapters\chapter6\ch6sc6.rpyc
    Decompiling C:\Users\user\Desktop\RenPy\____MINHAS FERRAMENTAS RENPY\PACOTE WELLS MANAGER CORRIGIDO\bosta\Nephilim-0.6.8-pc\game\tl\brazil\chapters\chapter6\ch6sc6.rpyc to ch6sc6.rpy ...
[OK] C:\Users\user\Desktop\RenPy\____MINHAS FERRAMENTAS RENPY\PACOTE WELLS MANAGER CORRIGIDO\bosta\Nephilim-0.6.8-pc\game\tl\brazil\chapters\chapter6\ch6sc6.rpy
[RPYC] C:\Users\user\Desktop\RenPy\____MINHAS FERRAMENTAS RENPY\PACOTE WELLS MANAGER CORRIGIDO\bosta\Nephilim-0.6.8-pc\game\tl\brazil\chapters\chapter6\ch6sc7.rpyc
    Decompiling C:\Users\user\Desktop\RenPy\____MINHAS FERRAMENTAS RENPY\PACOTE WELLS MANAGER CORRIGIDO\bosta\Nephilim-0.6.8-pc\game\tl\brazil\chapters\chapter6\ch6sc7.rpyc to ch6sc7.rpy ...
[OK] C:\Users\user\Desktop\RenPy\____MINHAS FERRAMENTAS RENPY\PACOTE WELLS MANAGER CORRIGIDO\bosta\Nephilim-0.6.8-pc\game\tl\brazil\chapters\chapter6\ch6sc7.rpy
[RPYC] C:\Users\user\Desktop\RenPy\____MINHAS FERRAMENTAS RENPY\PACOTE WELLS MANAGER CORRIGIDO\bosta\Nephilim-0.6.8-pc\game\tl\brazil\chapters\chapter6\ch6sc8.rpyc
    Decompiling C:\Users\user\Desktop\RenPy\____MINHAS FERRAMENTAS RENPY\PACOTE WELLS MANAGER CORRIGIDO\bosta\Nephilim-0.6.8-pc\game\tl\brazil\chapters\chapter6\ch6sc8.rpyc to ch6sc8.rpy ...
[OK] C:\Users\user\Desktop\RenPy\____MINHAS FERRAMENTAS RENPY\PACOTE WELLS MANAGER CORRIGIDO\bosta\Nephilim-0.6.8-pc\game\tl\brazil\chapters\chapter6\ch6sc8.rpy
[RPYC] C:\Users\user\Desktop\RenPy\____MINHAS FERRAMENTAS RENPY\PACOTE WELLS MANAGER CORRIGIDO\bosta\Nephilim-0.6.8-pc\game\tl\brazil\chapters\chapter6\ch6sc9.rpyc
    Decompiling C:\Users\user\Desktop\RenPy\____MINHAS FERRAMENTAS RENPY\PACOTE WELLS MANAGER CORRIGIDO\bosta\Nephilim-0.6.8-pc\game\tl\brazil\chapters\chapter6\ch6sc9.rpyc to ch6sc9.rpy ...
[OK] C:\Users\user\Desktop\RenPy\____MINHAS FERRAMENTAS RENPY\PACOTE WELLS MANAGER CORRIGIDO\bosta\Nephilim-0.6.8-pc\game\tl\brazil\chapters\chapter6\ch6sc9.rpy
[RPYC] C:\Users\user\Desktop\RenPy\____MINHAS FERRAMENTAS RENPY\PACOTE WELLS MANAGER CORRIGIDO\bosta\Nephilim-0.6.8-pc\game\tl\brazil\chapters\chapter7\ch7sc1.rpyc
    Decompiling C:\Users\user\Desktop\RenPy\____MINHAS FERRAMENTAS RENPY\PACOTE WELLS MANAGER CORRIGIDO\bosta\Nephilim-0.6.8-pc\game\tl\brazil\chapters\chapter7\ch7sc1.rpyc to ch7sc1.rpy ...
[OK] C:\Users\user\Desktop\RenPy\____MINHAS FERRAMENTAS RENPY\PACOTE WELLS MANAGER CORRIGIDO\bosta\Nephilim-0.6.8-pc\game\tl\brazil\chapters\chapter7\ch7sc1.rpy
[RPYC] C:\Users\user\Desktop\RenPy\____MINHAS FERRAMENTAS RENPY\PACOTE WELLS MANAGER CORRIGIDO\bosta\Nephilim-0.6.8-pc\game\tl\brazil\chapters\chapter7\ch7sc2.rpyc
    Decompiling C:\Users\user\Desktop\RenPy\____MINHAS FERRAMENTAS RENPY\PACOTE WELLS MANAGER CORRIGIDO\bosta\Nephilim-0.6.8-pc\game\tl\brazil\chapters\chapter7\ch7sc2.rpyc to ch7sc2.rpy ...
[OK] C:\Users\user\Desktop\RenPy\____MINHAS FERRAMENTAS RENPY\PACOTE WELLS MANAGER CORRIGIDO\bosta\Nephilim-0.6.8-pc\game\tl\brazil\chapters\chapter7\ch7sc2.rpy
[RPYC] C:\Users\user\Desktop\RenPy\____MINHAS FERRAMENTAS RENPY\PACOTE WELLS MANAGER CORRIGIDO\bosta\Nephilim-0.6.8-pc\game\tl\brazil\chapters\chapter7\ch7sc3.rpyc
    Decompiling C:\Users\user\Desktop\RenPy\____MINHAS FERRAMENTAS RENPY\PACOTE WELLS MANAGER CORRIGIDO\bosta\Nephilim-0.6.8-pc\game\tl\brazil\chapters\chapter7\ch7sc3.rpyc to ch7sc3.rpy ...
[OK] C:\Users\user\Desktop\RenPy\____MINHAS FERRAMENTAS RENPY\PACOTE WELLS MANAGER CORRIGIDO\bosta\Nephilim-0.6.8-pc\game\tl\brazil\chapters\chapter7\ch7sc3.rpy
[RPYC] C:\Users\user\Desktop\RenPy\____MINHAS FERRAMENTAS RENPY\PACOTE WELLS MANAGER CORRIGIDO\bosta\Nephilim-0.6.8-pc\game\tl\brazil\chapters\chapter7\ch7sc4.rpyc
    Decompiling C:\Users\user\Desktop\RenPy\____MINHAS FERRAMENTAS RENPY\PACOTE WELLS MANAGER CORRIGIDO\bosta\Nephilim-0.6.8-pc\game\tl\brazil\chapters\chapter7\ch7sc4.rpyc to ch7sc4.rpy ...
[OK] C:\Users\user\Desktop\RenPy\____MINHAS FERRAMENTAS RENPY\PACOTE WELLS MANAGER CORRIGIDO\bosta\Nephilim-0.6.8-pc\game\tl\brazil\chapters\chapter7\ch7sc4.rpy
[RPYC] C:\Users\user\Desktop\RenPy\____MINHAS FERRAMENTAS RENPY\PACOTE WELLS MANAGER CORRIGIDO\bosta\Nephilim-0.6.8-pc\game\tl\brazil\chapters\chapter7\ch7sc5.rpyc
    Decompiling C:\Users\user\Desktop\RenPy\____MINHAS FERRAMENTAS RENPY\PACOTE WELLS MANAGER CORRIGIDO\bosta\Nephilim-0.6.8-pc\game\tl\brazil\chapters\chapter7\ch7sc5.rpyc to ch7sc5.rpy ...
[OK] C:\Users\user\Desktop\RenPy\____MINHAS FERRAMENTAS RENPY\PACOTE WELLS MANAGER CORRIGIDO\bosta\Nephilim-0.6.8-pc\game\tl\brazil\chapters\chapter7\ch7sc5.rpy
[RPYC] C:\Users\user\Desktop\RenPy\____MINHAS FERRAMENTAS RENPY\PACOTE WELLS MANAGER CORRIGIDO\bosta\Nephilim-0.6.8-pc\game\tl\brazil\chapters\chapter7\ch7sc6.rpyc
    Decompiling C:\Users\user\Desktop\RenPy\____MINHAS FERRAMENTAS RENPY\PACOTE WELLS MANAGER CORRIGIDO\bosta\Nephilim-0.6.8-pc\game\tl\brazil\chapters\chapter7\ch7sc6.rpyc to ch7sc6.rpy ...
[OK] C:\Users\user\Desktop\RenPy\____MINHAS FERRAMENTAS RENPY\PACOTE WELLS MANAGER CORRIGIDO\bosta\Nephilim-0.6.8-pc\game\tl\brazil\chapters\chapter7\ch7sc6.rpy
[RPYC] C:\Users\user\Desktop\RenPy\____MINHAS FERRAMENTAS RENPY\PACOTE WELLS MANAGER CORRIGIDO\bosta\Nephilim-0.6.8-pc\game\tl\brazil\chapters\chapter7\ch7sc7.rpyc
    Decompiling C:\Users\user\Desktop\RenPy\____MINHAS FERRAMENTAS RENPY\PACOTE WELLS MANAGER CORRIGIDO\bosta\Nephilim-0.6.8-pc\game\tl\brazil\chapters\chapter7\ch7sc7.rpyc to ch7sc7.rpy ...
[OK] C:\Users\user\Desktop\RenPy\____MINHAS FERRAMENTAS RENPY\PACOTE WELLS MANAGER CORRIGIDO\bosta\Nephilim-0.6.8-pc\game\tl\brazil\chapters\chapter7\ch7sc7.rpy
[RPYC] C:\Users\user\Desktop\RenPy\____MINHAS FERRAMENTAS RENPY\PACOTE WELLS MANAGER CORRIGIDO\bosta\Nephilim-0.6.8-pc\game\tl\brazil\chapters\chapter7\ch7sc8.rpyc
    Decompiling C:\Users\user\Desktop\RenPy\____MINHAS FERRAMENTAS RENPY\PACOTE WELLS MANAGER CORRIGIDO\bosta\Nephilim-0.6.8-pc\game\tl\brazil\chapters\chapter7\ch7sc8.rpyc to ch7sc8.rpy ...
[OK] C:\Users\user\Desktop\RenPy\____MINHAS FERRAMENTAS RENPY\PACOTE WELLS MANAGER CORRIGIDO\bosta\Nephilim-0.6.8-pc\game\tl\brazil\chapters\chapter7\ch7sc8.rpy
[RPYC] C:\Users\user\Desktop\RenPy\____MINHAS FERRAMENTAS RENPY\PACOTE WELLS MANAGER CORRIGIDO\bosta\Nephilim-0.6.8-pc\game\tl\brazil\chapters\chapter7\ch7sc9.rpyc
    Decompiling C:\Users\user\Desktop\RenPy\____MINHAS FERRAMENTAS RENPY\PACOTE WELLS MANAGER CORRIGIDO\bosta\Nephilim-0.6.8-pc\game\tl\brazil\chapters\chapter7\ch7sc9.rpyc to ch7sc9.rpy ...
[OK] C:\Users\user\Desktop\RenPy\____MINHAS FERRAMENTAS RENPY\PACOTE WELLS MANAGER CORRIGIDO\bosta\Nephilim-0.6.8-pc\game\tl\brazil\chapters\chapter7\ch7sc9.rpy
[RPYC] C:\Users\user\Desktop\RenPy\____MINHAS FERRAMENTAS RENPY\PACOTE WELLS MANAGER CORRIGIDO\bosta\Nephilim-0.6.8-pc\game\tl\brazil\chapters\chapter1\script\ch1sc1.rpyc
    Decompiling C:\Users\user\Desktop\RenPy\____MINHAS FERRAMENTAS RENPY\PACOTE WELLS MANAGER CORRIGIDO\bosta\Nephilim-0.6.8-pc\game\tl\brazil\chapters\chapter1\script\ch1sc1.rpyc to ch1sc1.rpy ...
[OK] C:\Users\user\Desktop\RenPy\____MINHAS FERRAMENTAS RENPY\PACOTE WELLS MANAGER CORRIGIDO\bosta\Nephilim-0.6.8-pc\game\tl\brazil\chapters\chapter1\script\ch1sc1.rpy
[RPYC] C:\Users\user\Desktop\RenPy\____MINHAS FERRAMENTAS RENPY\PACOTE WELLS MANAGER CORRIGIDO\bosta\Nephilim-0.6.8-pc\game\tl\brazil\chapters\chapter1\script\ch1sc2.rpyc
    Decompiling C:\Users\user\Desktop\RenPy\____MINHAS FERRAMENTAS RENPY\PACOTE WELLS MANAGER CORRIGIDO\bosta\Nephilim-0.6.8-pc\game\tl\brazil\chapters\chapter1\script\ch1sc2.rpyc to ch1sc2.rpy ...
[OK] C:\Users\user\Desktop\RenPy\____MINHAS FERRAMENTAS RENPY\PACOTE WELLS MANAGER CORRIGIDO\bosta\Nephilim-0.6.8-pc\game\tl\brazil\chapters\chapter1\script\ch1sc2.rpy
[RPYC] C:\Users\user\Desktop\RenPy\____MINHAS FERRAMENTAS RENPY\PACOTE WELLS MANAGER CORRIGIDO\bosta\Nephilim-0.6.8-pc\game\tl\brazil\chapters\chapter1\script\ch1sc3.rpyc
    Decompiling C:\Users\user\Desktop\RenPy\____MINHAS FERRAMENTAS RENPY\PACOTE WELLS MANAGER CORRIGIDO\bosta\Nephilim-0.6.8-pc\game\tl\brazil\chapters\chapter1\script\ch1sc3.rpyc to ch1sc3.rpy ...
[OK] C:\Users\user\Desktop\RenPy\____MINHAS FERRAMENTAS RENPY\PACOTE WELLS MANAGER CORRIGIDO\bosta\Nephilim-0.6.8-pc\game\tl\brazil\chapters\chapter1\script\ch1sc3.rpy
[RPYC] C:\Users\user\Desktop\RenPy\____MINHAS FERRAMENTAS RENPY\PACOTE WELLS MANAGER CORRIGIDO\bosta\Nephilim-0.6.8-pc\game\tl\brazil\chapters\chapter1\script\ch1sc4.rpyc
    Decompiling C:\Users\user\Desktop\RenPy\____MINHAS FERRAMENTAS RENPY\PACOTE WELLS MANAGER CORRIGIDO\bosta\Nephilim-0.6.8-pc\game\tl\brazil\chapters\chapter1\script\ch1sc4.rpyc to ch1sc4.rpy ...
[OK] C:\Users\user\Desktop\RenPy\____MINHAS FERRAMENTAS RENPY\PACOTE WELLS MANAGER CORRIGIDO\bosta\Nephilim-0.6.8-pc\game\tl\brazil\chapters\chapter1\script\ch1sc4.rpy
[RPYC] C:\Users\user\Desktop\RenPy\____MINHAS FERRAMENTAS RENPY\PACOTE WELLS MANAGER CORRIGIDO\bosta\Nephilim-0.6.8-pc\game\tl\brazil\chapters\chapter1\script\ch1sc5.rpyc
    Decompiling C:\Users\user\Desktop\RenPy\____MINHAS FERRAMENTAS RENPY\PACOTE WELLS MANAGER CORRIGIDO\bosta\Nephilim-0.6.8-pc\game\tl\brazil\chapters\chapter1\script\ch1sc5.rpyc to ch1sc5.rpy ...
[OK] C:\Users\user\Desktop\RenPy\____MINHAS FERRAMENTAS RENPY\PACOTE WELLS MANAGER CORRIGIDO\bosta\Nephilim-0.6.8-pc\game\tl\brazil\chapters\chapter1\script\ch1sc5.rpy
[RPYC] C:\Users\user\Desktop\RenPy\____MINHAS FERRAMENTAS RENPY\PACOTE WELLS MANAGER CORRIGIDO\bosta\Nephilim-0.6.8-pc\game\tl\brazil\chapters\chapter1\script\ch1sc6.rpyc
    Decompiling C:\Users\user\Desktop\RenPy\____MINHAS FERRAMENTAS RENPY\PACOTE WELLS MANAGER CORRIGIDO\bosta\Nephilim-0.6.8-pc\game\tl\brazil\chapters\chapter1\script\ch1sc6.rpyc to ch1sc6.rpy ...
[OK] C:\Users\user\Desktop\RenPy\____MINHAS FERRAMENTAS RENPY\PACOTE WELLS MANAGER CORRIGIDO\bosta\Nephilim-0.6.8-pc\game\tl\brazil\chapters\chapter1\script\ch1sc6.rpy
[RPYC] C:\Users\user\Desktop\RenPy\____MINHAS FERRAMENTAS RENPY\PACOTE WELLS MANAGER CORRIGIDO\bosta\Nephilim-0.6.8-pc\game\tl\brazil\chapters\chapter1\script\ch1sc7.rpyc
    Decompiling C:\Users\user\Desktop\RenPy\____MINHAS FERRAMENTAS RENPY\PACOTE WELLS MANAGER CORRIGIDO\bosta\Nephilim-0.6.8-pc\game\tl\brazil\chapters\chapter1\script\ch1sc7.rpyc to ch1sc7.rpy ...
[OK] C:\Users\user\Desktop\RenPy\____MINHAS FERRAMENTAS RENPY\PACOTE WELLS MANAGER CORRIGIDO\bosta\Nephilim-0.6.8-pc\game\tl\brazil\chapters\chapter1\script\ch1sc7.rpy
[RPYC] C:\Users\user\Desktop\RenPy\____MINHAS FERRAMENTAS RENPY\PACOTE WELLS MANAGER CORRIGIDO\bosta\Nephilim-0.6.8-pc\game\tl\brazil\chapters\chapter1\script\ch1sc8.rpyc
    Decompiling C:\Users\user\Desktop\RenPy\____MINHAS FERRAMENTAS RENPY\PACOTE WELLS MANAGER CORRIGIDO\bosta\Nephilim-0.6.8-pc\game\tl\brazil\chapters\chapter1\script\ch1sc8.rpyc to ch1sc8.rpy ...
[OK] C:\Users\user\Desktop\RenPy\____MINHAS FERRAMENTAS RENPY\PACOTE WELLS MANAGER CORRIGIDO\bosta\Nephilim-0.6.8-pc\game\tl\brazil\chapters\chapter1\script\ch1sc8.rpy
[RPYC] C:\Users\user\Desktop\RenPy\____MINHAS FERRAMENTAS RENPY\PACOTE WELLS MANAGER CORRIGIDO\bosta\Nephilim-0.6.8-pc\game\tl\brazil\chapters\chapter1_5\script\ch2sc1.rpyc
    Decompiling C:\Users\user\Desktop\RenPy\____MINHAS FERRAMENTAS RENPY\PACOTE WELLS MANAGER CORRIGIDO\bosta\Nephilim-0.6.8-pc\game\tl\brazil\chapters\chapter1_5\script\ch2sc1.rpyc to ch2sc1.rpy ...
[OK] C:\Users\user\Desktop\RenPy\____MINHAS FERRAMENTAS RENPY\PACOTE WELLS MANAGER CORRIGIDO\bosta\Nephilim-0.6.8-pc\game\tl\brazil\chapters\chapter1_5\script\ch2sc1.rpy
[RPYC] C:\Users\user\Desktop\RenPy\____MINHAS FERRAMENTAS RENPY\PACOTE WELLS MANAGER CORRIGIDO\bosta\Nephilim-0.6.8-pc\game\tl\brazil\chapters\chapter1_5\script\ch2sc2.rpyc
    Decompiling C:\Users\user\Desktop\RenPy\____MINHAS FERRAMENTAS RENPY\PACOTE WELLS MANAGER CORRIGIDO\bosta\Nephilim-0.6.8-pc\game\tl\brazil\chapters\chapter1_5\script\ch2sc2.rpyc to ch2sc2.rpy ...
[OK] C:\Users\user\Desktop\RenPy\____MINHAS FERRAMENTAS RENPY\PACOTE WELLS MANAGER CORRIGIDO\bosta\Nephilim-0.6.8-pc\game\tl\brazil\chapters\chapter1_5\script\ch2sc2.rpy
[RPYC] C:\Users\user\Desktop\RenPy\____MINHAS FERRAMENTAS RENPY\PACOTE WELLS MANAGER CORRIGIDO\bosta\Nephilim-0.6.8-pc\game\tl\brazil\chapters\chapter2\script\ch2sc10.rpyc
    Decompiling C:\Users\user\Desktop\RenPy\____MINHAS FERRAMENTAS RENPY\PACOTE WELLS MANAGER CORRIGIDO\bosta\Nephilim-0.6.8-pc\game\tl\brazil\chapters\chapter2\script\ch2sc10.rpyc to ch2sc10.rpy ...
[OK] C:\Users\user\Desktop\RenPy\____MINHAS FERRAMENTAS RENPY\PACOTE WELLS MANAGER CORRIGIDO\bosta\Nephilim-0.6.8-pc\game\tl\brazil\chapters\chapter2\script\ch2sc10.rpy
[RPYC] C:\Users\user\Desktop\RenPy\____MINHAS FERRAMENTAS RENPY\PACOTE WELLS MANAGER CORRIGIDO\bosta\Nephilim-0.6.8-pc\game\tl\brazil\chapters\chapter2\script\ch2sc11.rpyc
    Decompiling C:\Users\user\Desktop\RenPy\____MINHAS FERRAMENTAS RENPY\PACOTE WELLS MANAGER CORRIGIDO\bosta\Nephilim-0.6.8-pc\game\tl\brazil\chapters\chapter2\script\ch2sc11.rpyc to ch2sc11.rpy ...
[OK] C:\Users\user\Desktop\RenPy\____MINHAS FERRAMENTAS RENPY\PACOTE WELLS MANAGER CORRIGIDO\bosta\Nephilim-0.6.8-pc\game\tl\brazil\chapters\chapter2\script\ch2sc11.rpy
[RPYC] C:\Users\user\Desktop\RenPy\____MINHAS FERRAMENTAS RENPY\PACOTE WELLS MANAGER CORRIGIDO\bosta\Nephilim-0.6.8-pc\game\tl\brazil\chapters\chapter2\script\ch2sc12.rpyc
    Decompiling C:\Users\user\Desktop\RenPy\____MINHAS FERRAMENTAS RENPY\PACOTE WELLS MANAGER CORRIGIDO\bosta\Nephilim-0.6.8-pc\game\tl\brazil\chapters\chapter2\script\ch2sc12.rpyc to ch2sc12.rpy ...
[OK] C:\Users\user\Desktop\RenPy\____MINHAS FERRAMENTAS RENPY\PACOTE WELLS MANAGER CORRIGIDO\bosta\Nephilim-0.6.8-pc\game\tl\brazil\chapters\chapter2\script\ch2sc12.rpy
[RPYC] C:\Users\user\Desktop\RenPy\____MINHAS FERRAMENTAS RENPY\PACOTE WELLS MANAGER CORRIGIDO\bosta\Nephilim-0.6.8-pc\game\tl\brazil\chapters\chapter2\script\ch2sc13.rpyc
    Decompiling C:\Users\user\Desktop\RenPy\____MINHAS FERRAMENTAS RENPY\PACOTE WELLS MANAGER CORRIGIDO\bosta\Nephilim-0.6.8-pc\game\tl\brazil\chapters\chapter2\script\ch2sc13.rpyc to ch2sc13.rpy ...
[OK] C:\Users\user\Desktop\RenPy\____MINHAS FERRAMENTAS RENPY\PACOTE WELLS MANAGER CORRIGIDO\bosta\Nephilim-0.6.8-pc\game\tl\brazil\chapters\chapter2\script\ch2sc13.rpy
[RPYC] C:\Users\user\Desktop\RenPy\____MINHAS FERRAMENTAS RENPY\PACOTE WELLS MANAGER CORRIGIDO\bosta\Nephilim-0.6.8-pc\game\tl\brazil\chapters\chapter2\script\ch2sc14.rpyc
    Decompiling C:\Users\user\Desktop\RenPy\____MINHAS FERRAMENTAS RENPY\PACOTE WELLS MANAGER CORRIGIDO\bosta\Nephilim-0.6.8-pc\game\tl\brazil\chapters\chapter2\script\ch2sc14.rpyc to ch2sc14.rpy ...
[OK] C:\Users\user\Desktop\RenPy\____MINHAS FERRAMENTAS RENPY\PACOTE WELLS MANAGER CORRIGIDO\bosta\Nephilim-0.6.8-pc\game\tl\brazil\chapters\chapter2\script\ch2sc14.rpy
[RPYC] C:\Users\user\Desktop\RenPy\____MINHAS FERRAMENTAS RENPY\PACOTE WELLS MANAGER CORRIGIDO\bosta\Nephilim-0.6.8-pc\game\tl\brazil\chapters\chapter2\script\ch2sc15.rpyc
    Decompiling C:\Users\user\Desktop\RenPy\____MINHAS FERRAMENTAS RENPY\PACOTE WELLS MANAGER CORRIGIDO\bosta\Nephilim-0.6.8-pc\game\tl\brazil\chapters\chapter2\script\ch2sc15.rpyc to ch2sc15.rpy ...
[OK] C:\Users\user\Desktop\RenPy\____MINHAS FERRAMENTAS RENPY\PACOTE WELLS MANAGER CORRIGIDO\bosta\Nephilim-0.6.8-pc\game\tl\brazil\chapters\chapter2\script\ch2sc15.rpy
[RPYC] C:\Users\user\Desktop\RenPy\____MINHAS FERRAMENTAS RENPY\PACOTE WELLS MANAGER CORRIGIDO\bosta\Nephilim-0.6.8-pc\game\tl\brazil\chapters\chapter2\script\ch2sc15fb15.rpyc
    Decompiling C:\Users\user\Desktop\RenPy\____MINHAS FERRAMENTAS RENPY\PACOTE WELLS MANAGER CORRIGIDO\bosta\Nephilim-0.6.8-pc\game\tl\brazil\chapters\chapter2\script\ch2sc15fb15.rpyc to ch2sc15fb15.rpy ...
[OK] C:\Users\user\Desktop\RenPy\____MINHAS FERRAMENTAS RENPY\PACOTE WELLS MANAGER CORRIGIDO\bosta\Nephilim-0.6.8-pc\game\tl\brazil\chapters\chapter2\script\ch2sc15fb15.rpy
[RPYC] C:\Users\user\Desktop\RenPy\____MINHAS FERRAMENTAS RENPY\PACOTE WELLS MANAGER CORRIGIDO\bosta\Nephilim-0.6.8-pc\game\tl\brazil\chapters\chapter2\script\ch2sc16.rpyc
    Decompiling C:\Users\user\Desktop\RenPy\____MINHAS FERRAMENTAS RENPY\PACOTE WELLS MANAGER CORRIGIDO\bosta\Nephilim-0.6.8-pc\game\tl\brazil\chapters\chapter2\script\ch2sc16.rpyc to ch2sc16.rpy ...
[OK] C:\Users\user\Desktop\RenPy\____MINHAS FERRAMENTAS RENPY\PACOTE WELLS MANAGER CORRIGIDO\bosta\Nephilim-0.6.8-pc\game\tl\brazil\chapters\chapter2\script\ch2sc16.rpy
[RPYC] C:\Users\user\Desktop\RenPy\____MINHAS FERRAMENTAS RENPY\PACOTE WELLS MANAGER CORRIGIDO\bosta\Nephilim-0.6.8-pc\game\tl\brazil\chapters\chapter2\script\ch2sc17.rpyc
    Decompiling C:\Users\user\Desktop\RenPy\____MINHAS FERRAMENTAS RENPY\PACOTE WELLS MANAGER CORRIGIDO\bosta\Nephilim-0.6.8-pc\game\tl\brazil\chapters\chapter2\script\ch2sc17.rpyc to ch2sc17.rpy ...
[OK] C:\Users\user\Desktop\RenPy\____MINHAS FERRAMENTAS RENPY\PACOTE WELLS MANAGER CORRIGIDO\bosta\Nephilim-0.6.8-pc\game\tl\brazil\chapters\chapter2\script\ch2sc17.rpy
[RPYC] C:\Users\user\Desktop\RenPy\____MINHAS FERRAMENTAS RENPY\PACOTE WELLS MANAGER CORRIGIDO\bosta\Nephilim-0.6.8-pc\game\tl\brazil\chapters\chapter2\script\ch2sc18.rpyc
    Decompiling C:\Users\user\Desktop\RenPy\____MINHAS FERRAMENTAS RENPY\PACOTE WELLS MANAGER CORRIGIDO\bosta\Nephilim-0.6.8-pc\game\tl\brazil\chapters\chapter2\script\ch2sc18.rpyc to ch2sc18.rpy ...
[OK] C:\Users\user\Desktop\RenPy\____MINHAS FERRAMENTAS RENPY\PACOTE WELLS MANAGER CORRIGIDO\bosta\Nephilim-0.6.8-pc\game\tl\brazil\chapters\chapter2\script\ch2sc18.rpy
[RPYC] C:\Users\user\Desktop\RenPy\____MINHAS FERRAMENTAS RENPY\PACOTE WELLS MANAGER CORRIGIDO\bosta\Nephilim-0.6.8-pc\game\tl\brazil\chapters\chapter2\script\ch2sc19.rpyc
    Decompiling C:\Users\user\Desktop\RenPy\____MINHAS FERRAMENTAS RENPY\PACOTE WELLS MANAGER CORRIGIDO\bosta\Nephilim-0.6.8-pc\game\tl\brazil\chapters\chapter2\script\ch2sc19.rpyc to ch2sc19.rpy ...
[OK] C:\Users\user\Desktop\RenPy\____MINHAS FERRAMENTAS RENPY\PACOTE WELLS MANAGER CORRIGIDO\bosta\Nephilim-0.6.8-pc\game\tl\brazil\chapters\chapter2\script\ch2sc19.rpy
[RPYC] C:\Users\user\Desktop\RenPy\____MINHAS FERRAMENTAS RENPY\PACOTE WELLS MANAGER CORRIGIDO\bosta\Nephilim-0.6.8-pc\game\tl\brazil\chapters\chapter2\script\ch2sc19_nz.rpyc
    Decompiling C:\Users\user\Desktop\RenPy\____MINHAS FERRAMENTAS RENPY\PACOTE WELLS MANAGER CORRIGIDO\bosta\Nephilim-0.6.8-pc\game\tl\brazil\chapters\chapter2\script\ch2sc19_nz.rpyc to ch2sc19_nz.rpy ...
[OK] C:\Users\user\Desktop\RenPy\____MINHAS FERRAMENTAS RENPY\PACOTE WELLS MANAGER CORRIGIDO\bosta\Nephilim-0.6.8-pc\game\tl\brazil\chapters\chapter2\script\ch2sc19_nz.rpy
[RPYC] C:\Users\user\Desktop\RenPy\____MINHAS FERRAMENTAS RENPY\PACOTE WELLS MANAGER CORRIGIDO\bosta\Nephilim-0.6.8-pc\game\tl\brazil\chapters\chapter2\script\ch2sc23.rpyc
    Decompiling C:\Users\user\Desktop\RenPy\____MINHAS FERRAMENTAS RENPY\PACOTE WELLS MANAGER CORRIGIDO\bosta\Nephilim-0.6.8-pc\game\tl\brazil\chapters\chapter2\script\ch2sc23.rpyc to ch2sc23.rpy ...
[OK] C:\Users\user\Desktop\RenPy\____MINHAS FERRAMENTAS RENPY\PACOTE WELLS MANAGER CORRIGIDO\bosta\Nephilim-0.6.8-pc\game\tl\brazil\chapters\chapter2\script\ch2sc23.rpy
[RPYC] C:\Users\user\Desktop\RenPy\____MINHAS FERRAMENTAS RENPY\PACOTE WELLS MANAGER CORRIGIDO\bosta\Nephilim-0.6.8-pc\game\tl\brazil\chapters\chapter2\script\ch2sc24.rpyc
    Decompiling C:\Users\user\Desktop\RenPy\____MINHAS FERRAMENTAS RENPY\PACOTE WELLS MANAGER CORRIGIDO\bosta\Nephilim-0.6.8-pc\game\tl\brazil\chapters\chapter2\script\ch2sc24.rpyc to ch2sc24.rpy ...
[OK] C:\Users\user\Desktop\RenPy\____MINHAS FERRAMENTAS RENPY\PACOTE WELLS MANAGER CORRIGIDO\bosta\Nephilim-0.6.8-pc\game\tl\brazil\chapters\chapter2\script\ch2sc24.rpy
[RPYC] C:\Users\user\Desktop\RenPy\____MINHAS FERRAMENTAS RENPY\PACOTE WELLS MANAGER CORRIGIDO\bosta\Nephilim-0.6.8-pc\game\tl\brazil\chapters\chapter2\script\ch2sc25.rpyc
    Decompiling C:\Users\user\Desktop\RenPy\____MINHAS FERRAMENTAS RENPY\PACOTE WELLS MANAGER CORRIGIDO\bosta\Nephilim-0.6.8-pc\game\tl\brazil\chapters\chapter2\script\ch2sc25.rpyc to ch2sc25.rpy ...
[OK] C:\Users\user\Desktop\RenPy\____MINHAS FERRAMENTAS RENPY\PACOTE WELLS MANAGER CORRIGIDO\bosta\Nephilim-0.6.8-pc\game\tl\brazil\chapters\chapter2\script\ch2sc25.rpy
[RPYC] C:\Users\user\Desktop\RenPy\____MINHAS FERRAMENTAS RENPY\PACOTE WELLS MANAGER CORRIGIDO\bosta\Nephilim-0.6.8-pc\game\tl\brazil\chapters\chapter2\script\ch2sc26.rpyc
    Decompiling C:\Users\user\Desktop\RenPy\____MINHAS FERRAMENTAS RENPY\PACOTE WELLS MANAGER CORRIGIDO\bosta\Nephilim-0.6.8-pc\game\tl\brazil\chapters\chapter2\script\ch2sc26.rpyc to ch2sc26.rpy ...
[OK] C:\Users\user\Desktop\RenPy\____MINHAS FERRAMENTAS RENPY\PACOTE WELLS MANAGER CORRIGIDO\bosta\Nephilim-0.6.8-pc\game\tl\brazil\chapters\chapter2\script\ch2sc26.rpy
[RPYC] C:\Users\user\Desktop\RenPy\____MINHAS FERRAMENTAS RENPY\PACOTE WELLS MANAGER CORRIGIDO\bosta\Nephilim-0.6.8-pc\game\tl\brazil\chapters\chapter2\script\ch2sc27.rpyc
    Decompiling C:\Users\user\Desktop\RenPy\____MINHAS FERRAMENTAS RENPY\PACOTE WELLS MANAGER CORRIGIDO\bosta\Nephilim-0.6.8-pc\game\tl\brazil\chapters\chapter2\script\ch2sc27.rpyc to ch2sc27.rpy ...
[OK] C:\Users\user\Desktop\RenPy\____MINHAS FERRAMENTAS RENPY\PACOTE WELLS MANAGER CORRIGIDO\bosta\Nephilim-0.6.8-pc\game\tl\brazil\chapters\chapter2\script\ch2sc27.rpy
[RPYC] C:\Users\user\Desktop\RenPy\____MINHAS FERRAMENTAS RENPY\PACOTE WELLS MANAGER CORRIGIDO\bosta\Nephilim-0.6.8-pc\game\tl\brazil\chapters\chapter2\script\ch2sc28.rpyc
    Decompiling C:\Users\user\Desktop\RenPy\____MINHAS FERRAMENTAS RENPY\PACOTE WELLS MANAGER CORRIGIDO\bosta\Nephilim-0.6.8-pc\game\tl\brazil\chapters\chapter2\script\ch2sc28.rpyc to ch2sc28.rpy ...
[OK] C:\Users\user\Desktop\RenPy\____MINHAS FERRAMENTAS RENPY\PACOTE WELLS MANAGER CORRIGIDO\bosta\Nephilim-0.6.8-pc\game\tl\brazil\chapters\chapter2\script\ch2sc28.rpy
[RPYC] C:\Users\user\Desktop\RenPy\____MINHAS FERRAMENTAS RENPY\PACOTE WELLS MANAGER CORRIGIDO\bosta\Nephilim-0.6.8-pc\game\tl\brazil\chapters\chapter2\script\ch2sc29.rpyc
    Decompiling C:\Users\user\Desktop\RenPy\____MINHAS FERRAMENTAS RENPY\PACOTE WELLS MANAGER CORRIGIDO\bosta\Nephilim-0.6.8-pc\game\tl\brazil\chapters\chapter2\script\ch2sc29.rpyc to ch2sc29.rpy ...
[OK] C:\Users\user\Desktop\RenPy\____MINHAS FERRAMENTAS RENPY\PACOTE WELLS MANAGER CORRIGIDO\bosta\Nephilim-0.6.8-pc\game\tl\brazil\chapters\chapter2\script\ch2sc29.rpy
[RPYC] C:\Users\user\Desktop\RenPy\____MINHAS FERRAMENTAS RENPY\PACOTE WELLS MANAGER CORRIGIDO\bosta\Nephilim-0.6.8-pc\game\tl\brazil\chapters\chapter2\script\ch2sc30.rpyc
    Decompiling C:\Users\user\Desktop\RenPy\____MINHAS FERRAMENTAS RENPY\PACOTE WELLS MANAGER CORRIGIDO\bosta\Nephilim-0.6.8-pc\game\tl\brazil\chapters\chapter2\script\ch2sc30.rpyc to ch2sc30.rpy ...
[OK] C:\Users\user\Desktop\RenPy\____MINHAS FERRAMENTAS RENPY\PACOTE WELLS MANAGER CORRIGIDO\bosta\Nephilim-0.6.8-pc\game\tl\brazil\chapters\chapter2\script\ch2sc30.rpy
[RPYC] C:\Users\user\Desktop\RenPy\____MINHAS FERRAMENTAS RENPY\PACOTE WELLS MANAGER CORRIGIDO\bosta\Nephilim-0.6.8-pc\game\tl\brazil\chapters\chapter2\script\ch2sc31.rpyc
    Decompiling C:\Users\user\Desktop\RenPy\____MINHAS FERRAMENTAS RENPY\PACOTE WELLS MANAGER CORRIGIDO\bosta\Nephilim-0.6.8-pc\game\tl\brazil\chapters\chapter2\script\ch2sc31.rpyc to ch2sc31.rpy ...
[OK] C:\Users\user\Desktop\RenPy\____MINHAS FERRAMENTAS RENPY\PACOTE WELLS MANAGER CORRIGIDO\bosta\Nephilim-0.6.8-pc\game\tl\brazil\chapters\chapter2\script\ch2sc31.rpy
[RPYC] C:\Users\user\Desktop\RenPy\____MINHAS FERRAMENTAS RENPY\PACOTE WELLS MANAGER CORRIGIDO\bosta\Nephilim-0.6.8-pc\game\tl\brazil\chapters\chapter2\script\ch2sc6.rpyc
    Decompiling C:\Users\user\Desktop\RenPy\____MINHAS FERRAMENTAS RENPY\PACOTE WELLS MANAGER CORRIGIDO\bosta\Nephilim-0.6.8-pc\game\tl\brazil\chapters\chapter2\script\ch2sc6.rpyc to ch2sc6.rpy ...
[OK] C:\Users\user\Desktop\RenPy\____MINHAS FERRAMENTAS RENPY\PACOTE WELLS MANAGER CORRIGIDO\bosta\Nephilim-0.6.8-pc\game\tl\brazil\chapters\chapter2\script\ch2sc6.rpy
[RPYC] C:\Users\user\Desktop\RenPy\____MINHAS FERRAMENTAS RENPY\PACOTE WELLS MANAGER CORRIGIDO\bosta\Nephilim-0.6.8-pc\game\tl\brazil\chapters\chapter2\script\ch2sc7.rpyc
    Decompiling C:\Users\user\Desktop\RenPy\____MINHAS FERRAMENTAS RENPY\PACOTE WELLS MANAGER CORRIGIDO\bosta\Nephilim-0.6.8-pc\game\tl\brazil\chapters\chapter2\script\ch2sc7.rpyc to ch2sc7.rpy ...
[OK] C:\Users\user\Desktop\RenPy\____MINHAS FERRAMENTAS RENPY\PACOTE WELLS MANAGER CORRIGIDO\bosta\Nephilim-0.6.8-pc\game\tl\brazil\chapters\chapter2\script\ch2sc7.rpy
[RPYC] C:\Users\user\Desktop\RenPy\____MINHAS FERRAMENTAS RENPY\PACOTE WELLS MANAGER CORRIGIDO\bosta\Nephilim-0.6.8-pc\game\tl\brazil\chapters\chapter2\script\ch2sc8.rpyc
    Decompiling C:\Users\user\Desktop\RenPy\____MINHAS FERRAMENTAS RENPY\PACOTE WELLS MANAGER CORRIGIDO\bosta\Nephilim-0.6.8-pc\game\tl\brazil\chapters\chapter2\script\ch2sc8.rpyc to ch2sc8.rpy ...
[OK] C:\Users\user\Desktop\RenPy\____MINHAS FERRAMENTAS RENPY\PACOTE WELLS MANAGER CORRIGIDO\bosta\Nephilim-0.6.8-pc\game\tl\brazil\chapters\chapter2\script\ch2sc8.rpy
[RPYC] C:\Users\user\Desktop\RenPy\____MINHAS FERRAMENTAS RENPY\PACOTE WELLS MANAGER CORRIGIDO\bosta\Nephilim-0.6.8-pc\game\tl\brazil\chapters\chapter2\script\ch2sc9.rpyc
    Decompiling C:\Users\user\Desktop\RenPy\____MINHAS FERRAMENTAS RENPY\PACOTE WELLS MANAGER CORRIGIDO\bosta\Nephilim-0.6.8-pc\game\tl\brazil\chapters\chapter2\script\ch2sc9.rpyc to ch2sc9.rpy ...
[OK] C:\Users\user\Desktop\RenPy\____MINHAS FERRAMENTAS RENPY\PACOTE WELLS MANAGER CORRIGIDO\bosta\Nephilim-0.6.8-pc\game\tl\brazil\chapters\chapter2\script\ch2sc9.rpy
[RPYC] C:\Users\user\Desktop\RenPy\____MINHAS FERRAMENTAS RENPY\PACOTE WELLS MANAGER CORRIGIDO\bosta\Nephilim-0.6.8-pc\game\tl\brazil\chapters\chapter3\script\ch3sc1.rpyc
    Decompiling C:\Users\user\Desktop\RenPy\____MINHAS FERRAMENTAS RENPY\PACOTE WELLS MANAGER CORRIGIDO\bosta\Nephilim-0.6.8-pc\game\tl\brazil\chapters\chapter3\script\ch3sc1.rpyc to ch3sc1.rpy ...
[OK] C:\Users\user\Desktop\RenPy\____MINHAS FERRAMENTAS RENPY\PACOTE WELLS MANAGER CORRIGIDO\bosta\Nephilim-0.6.8-pc\game\tl\brazil\chapters\chapter3\script\ch3sc1.rpy
[RPYC] C:\Users\user\Desktop\RenPy\____MINHAS FERRAMENTAS RENPY\PACOTE WELLS MANAGER CORRIGIDO\bosta\Nephilim-0.6.8-pc\game\tl\brazil\chapters\chapter3\script\ch3sc10.rpyc
    Decompiling C:\Users\user\Desktop\RenPy\____MINHAS FERRAMENTAS RENPY\PACOTE WELLS MANAGER CORRIGIDO\bosta\Nephilim-0.6.8-pc\game\tl\brazil\chapters\chapter3\script\ch3sc10.rpyc to ch3sc10.rpy ...
[OK] C:\Users\user\Desktop\RenPy\____MINHAS FERRAMENTAS RENPY\PACOTE WELLS MANAGER CORRIGIDO\bosta\Nephilim-0.6.8-pc\game\tl\brazil\chapters\chapter3\script\ch3sc10.rpy
[RPYC] C:\Users\user\Desktop\RenPy\____MINHAS FERRAMENTAS RENPY\PACOTE WELLS MANAGER CORRIGIDO\bosta\Nephilim-0.6.8-pc\game\tl\brazil\chapters\chapter3\script\ch3sc11.rpyc
    Decompiling C:\Users\user\Desktop\RenPy\____MINHAS FERRAMENTAS RENPY\PACOTE WELLS MANAGER CORRIGIDO\bosta\Nephilim-0.6.8-pc\game\tl\brazil\chapters\chapter3\script\ch3sc11.rpyc to ch3sc11.rpy ...
[OK] C:\Users\user\Desktop\RenPy\____MINHAS FERRAMENTAS RENPY\PACOTE WELLS MANAGER CORRIGIDO\bosta\Nephilim-0.6.8-pc\game\tl\brazil\chapters\chapter3\script\ch3sc11.rpy
[RPYC] C:\Users\user\Desktop\RenPy\____MINHAS FERRAMENTAS RENPY\PACOTE WELLS MANAGER CORRIGIDO\bosta\Nephilim-0.6.8-pc\game\tl\brazil\chapters\chapter3\script\ch3sc12.rpyc
    Decompiling C:\Users\user\Desktop\RenPy\____MINHAS FERRAMENTAS RENPY\PACOTE WELLS MANAGER CORRIGIDO\bosta\Nephilim-0.6.8-pc\game\tl\brazil\chapters\chapter3\script\ch3sc12.rpyc to ch3sc12.rpy ...
[OK] C:\Users\user\Desktop\RenPy\____MINHAS FERRAMENTAS RENPY\PACOTE WELLS MANAGER CORRIGIDO\bosta\Nephilim-0.6.8-pc\game\tl\brazil\chapters\chapter3\script\ch3sc12.rpy
[RPYC] C:\Users\user\Desktop\RenPy\____MINHAS FERRAMENTAS RENPY\PACOTE WELLS MANAGER CORRIGIDO\bosta\Nephilim-0.6.8-pc\game\tl\brazil\chapters\chapter3\script\ch3sc13.rpyc
    Decompiling C:\Users\user\Desktop\RenPy\____MINHAS FERRAMENTAS RENPY\PACOTE WELLS MANAGER CORRIGIDO\bosta\Nephilim-0.6.8-pc\game\tl\brazil\chapters\chapter3\script\ch3sc13.rpyc to ch3sc13.rpy ...
[OK] C:\Users\user\Desktop\RenPy\____MINHAS FERRAMENTAS RENPY\PACOTE WELLS MANAGER CORRIGIDO\bosta\Nephilim-0.6.8-pc\game\tl\brazil\chapters\chapter3\script\ch3sc13.rpy
[RPYC] C:\Users\user\Desktop\RenPy\____MINHAS FERRAMENTAS RENPY\PACOTE WELLS MANAGER CORRIGIDO\bosta\Nephilim-0.6.8-pc\game\tl\brazil\chapters\chapter3\script\ch3sc14.rpyc
    Decompiling C:\Users\user\Desktop\RenPy\____MINHAS FERRAMENTAS RENPY\PACOTE WELLS MANAGER CORRIGIDO\bosta\Nephilim-0.6.8-pc\game\tl\brazil\chapters\chapter3\script\ch3sc14.rpyc to ch3sc14.rpy ...
[OK] C:\Users\user\Desktop\RenPy\____MINHAS FERRAMENTAS RENPY\PACOTE WELLS MANAGER CORRIGIDO\bosta\Nephilim-0.6.8-pc\game\tl\brazil\chapters\chapter3\script\ch3sc14.rpy
[RPYC] C:\Users\user\Desktop\RenPy\____MINHAS FERRAMENTAS RENPY\PACOTE WELLS MANAGER CORRIGIDO\bosta\Nephilim-0.6.8-pc\game\tl\brazil\chapters\chapter3\script\ch3sc15.rpyc
    Decompiling C:\Users\user\Desktop\RenPy\____MINHAS FERRAMENTAS RENPY\PACOTE WELLS MANAGER CORRIGIDO\bosta\Nephilim-0.6.8-pc\game\tl\brazil\chapters\chapter3\script\ch3sc15.rpyc to ch3sc15.rpy ...
[OK] C:\Users\user\Desktop\RenPy\____MINHAS FERRAMENTAS RENPY\PACOTE WELLS MANAGER CORRIGIDO\bosta\Nephilim-0.6.8-pc\game\tl\brazil\chapters\chapter3\script\ch3sc15.rpy
[RPYC] C:\Users\user\Desktop\RenPy\____MINHAS FERRAMENTAS RENPY\PACOTE WELLS MANAGER CORRIGIDO\bosta\Nephilim-0.6.8-pc\game\tl\brazil\chapters\chapter3\script\ch3sc16.rpyc
    Decompiling C:\Users\user\Desktop\RenPy\____MINHAS FERRAMENTAS RENPY\PACOTE WELLS MANAGER CORRIGIDO\bosta\Nephilim-0.6.8-pc\game\tl\brazil\chapters\chapter3\script\ch3sc16.rpyc to ch3sc16.rpy ...
[OK] C:\Users\user\Desktop\RenPy\____MINHAS FERRAMENTAS RENPY\PACOTE WELLS MANAGER CORRIGIDO\bosta\Nephilim-0.6.8-pc\game\tl\brazil\chapters\chapter3\script\ch3sc16.rpy
[RPYC] C:\Users\user\Desktop\RenPy\____MINHAS FERRAMENTAS RENPY\PACOTE WELLS MANAGER CORRIGIDO\bosta\Nephilim-0.6.8-pc\game\tl\brazil\chapters\chapter3\script\ch3sc17.rpyc
    Decompiling C:\Users\user\Desktop\RenPy\____MINHAS FERRAMENTAS RENPY\PACOTE WELLS MANAGER CORRIGIDO\bosta\Nephilim-0.6.8-pc\game\tl\brazil\chapters\chapter3\script\ch3sc17.rpyc to ch3sc17.rpy ...
[OK] C:\Users\user\Desktop\RenPy\____MINHAS FERRAMENTAS RENPY\PACOTE WELLS MANAGER CORRIGIDO\bosta\Nephilim-0.6.8-pc\game\tl\brazil\chapters\chapter3\script\ch3sc17.rpy
[RPYC] C:\Users\user\Desktop\RenPy\____MINHAS FERRAMENTAS RENPY\PACOTE WELLS MANAGER CORRIGIDO\bosta\Nephilim-0.6.8-pc\game\tl\brazil\chapters\chapter3\script\ch3sc18.rpyc
    Decompiling C:\Users\user\Desktop\RenPy\____MINHAS FERRAMENTAS RENPY\PACOTE WELLS MANAGER CORRIGIDO\bosta\Nephilim-0.6.8-pc\game\tl\brazil\chapters\chapter3\script\ch3sc18.rpyc to ch3sc18.rpy ...
[OK] C:\Users\user\Desktop\RenPy\____MINHAS FERRAMENTAS RENPY\PACOTE WELLS MANAGER CORRIGIDO\bosta\Nephilim-0.6.8-pc\game\tl\brazil\chapters\chapter3\script\ch3sc18.rpy
[RPYC] C:\Users\user\Desktop\RenPy\____MINHAS FERRAMENTAS RENPY\PACOTE WELLS MANAGER CORRIGIDO\bosta\Nephilim-0.6.8-pc\game\tl\brazil\chapters\chapter3\script\ch3sc19.rpyc
    Decompiling C:\Users\user\Desktop\RenPy\____MINHAS FERRAMENTAS RENPY\PACOTE WELLS MANAGER CORRIGIDO\bosta\Nephilim-0.6.8-pc\game\tl\brazil\chapters\chapter3\script\ch3sc19.rpyc to ch3sc19.rpy ...
[OK] C:\Users\user\Desktop\RenPy\____MINHAS FERRAMENTAS RENPY\PACOTE WELLS MANAGER CORRIGIDO\bosta\Nephilim-0.6.8-pc\game\tl\brazil\chapters\chapter3\script\ch3sc19.rpy
[RPYC] C:\Users\user\Desktop\RenPy\____MINHAS FERRAMENTAS RENPY\PACOTE WELLS MANAGER CORRIGIDO\bosta\Nephilim-0.6.8-pc\game\tl\brazil\chapters\chapter3\script\ch3sc2.rpyc
    Decompiling C:\Users\user\Desktop\RenPy\____MINHAS FERRAMENTAS RENPY\PACOTE WELLS MANAGER CORRIGIDO\bosta\Nephilim-0.6.8-pc\game\tl\brazil\chapters\chapter3\script\ch3sc2.rpyc to ch3sc2.rpy ...
[OK] C:\Users\user\Desktop\RenPy\____MINHAS FERRAMENTAS RENPY\PACOTE WELLS MANAGER CORRIGIDO\bosta\Nephilim-0.6.8-pc\game\tl\brazil\chapters\chapter3\script\ch3sc2.rpy
[RPYC] C:\Users\user\Desktop\RenPy\____MINHAS FERRAMENTAS RENPY\PACOTE WELLS MANAGER CORRIGIDO\bosta\Nephilim-0.6.8-pc\game\tl\brazil\chapters\chapter3\script\ch3sc20.rpyc
    Decompiling C:\Users\user\Desktop\RenPy\____MINHAS FERRAMENTAS RENPY\PACOTE WELLS MANAGER CORRIGIDO\bosta\Nephilim-0.6.8-pc\game\tl\brazil\chapters\chapter3\script\ch3sc20.rpyc to ch3sc20.rpy ...
[OK] C:\Users\user\Desktop\RenPy\____MINHAS FERRAMENTAS RENPY\PACOTE WELLS MANAGER CORRIGIDO\bosta\Nephilim-0.6.8-pc\game\tl\brazil\chapters\chapter3\script\ch3sc20.rpy
[RPYC] C:\Users\user\Desktop\RenPy\____MINHAS FERRAMENTAS RENPY\PACOTE WELLS MANAGER CORRIGIDO\bosta\Nephilim-0.6.8-pc\game\tl\brazil\chapters\chapter3\script\ch3sc20_b.rpyc
    Decompiling C:\Users\user\Desktop\RenPy\____MINHAS FERRAMENTAS RENPY\PACOTE WELLS MANAGER CORRIGIDO\bosta\Nephilim-0.6.8-pc\game\tl\brazil\chapters\chapter3\script\ch3sc20_b.rpyc to ch3sc20_b.rpy ...
[OK] C:\Users\user\Desktop\RenPy\____MINHAS FERRAMENTAS RENPY\PACOTE WELLS MANAGER CORRIGIDO\bosta\Nephilim-0.6.8-pc\game\tl\brazil\chapters\chapter3\script\ch3sc20_b.rpy
[RPYC] C:\Users\user\Desktop\RenPy\____MINHAS FERRAMENTAS RENPY\PACOTE WELLS MANAGER CORRIGIDO\bosta\Nephilim-0.6.8-pc\game\tl\brazil\chapters\chapter3\script\ch3sc21.rpyc
    Decompiling C:\Users\user\Desktop\RenPy\____MINHAS FERRAMENTAS RENPY\PACOTE WELLS MANAGER CORRIGIDO\bosta\Nephilim-0.6.8-pc\game\tl\brazil\chapters\chapter3\script\ch3sc21.rpyc to ch3sc21.rpy ...
[OK] C:\Users\user\Desktop\RenPy\____MINHAS FERRAMENTAS RENPY\PACOTE WELLS MANAGER CORRIGIDO\bosta\Nephilim-0.6.8-pc\game\tl\brazil\chapters\chapter3\script\ch3sc21.rpy
[RPYC] C:\Users\user\Desktop\RenPy\____MINHAS FERRAMENTAS RENPY\PACOTE WELLS MANAGER CORRIGIDO\bosta\Nephilim-0.6.8-pc\game\tl\brazil\chapters\chapter3\script\ch3sc22.rpyc
    Decompiling C:\Users\user\Desktop\RenPy\____MINHAS FERRAMENTAS RENPY\PACOTE WELLS MANAGER CORRIGIDO\bosta\Nephilim-0.6.8-pc\game\tl\brazil\chapters\chapter3\script\ch3sc22.rpyc to ch3sc22.rpy ...
[OK] C:\Users\user\Desktop\RenPy\____MINHAS FERRAMENTAS RENPY\PACOTE WELLS MANAGER CORRIGIDO\bosta\Nephilim-0.6.8-pc\game\tl\brazil\chapters\chapter3\script\ch3sc22.rpy
[RPYC] C:\Users\user\Desktop\RenPy\____MINHAS FERRAMENTAS RENPY\PACOTE WELLS MANAGER CORRIGIDO\bosta\Nephilim-0.6.8-pc\game\tl\brazil\chapters\chapter3\script\ch3sc23.rpyc
    Decompiling C:\Users\user\Desktop\RenPy\____MINHAS FERRAMENTAS RENPY\PACOTE WELLS MANAGER CORRIGIDO\bosta\Nephilim-0.6.8-pc\game\tl\brazil\chapters\chapter3\script\ch3sc23.rpyc to ch3sc23.rpy ...
[OK] C:\Users\user\Desktop\RenPy\____MINHAS FERRAMENTAS RENPY\PACOTE WELLS MANAGER CORRIGIDO\bosta\Nephilim-0.6.8-pc\game\tl\brazil\chapters\chapter3\script\ch3sc23.rpy
[RPYC] C:\Users\user\Desktop\RenPy\____MINHAS FERRAMENTAS RENPY\PACOTE WELLS MANAGER CORRIGIDO\bosta\Nephilim-0.6.8-pc\game\tl\brazil\chapters\chapter3\script\ch3sc24.rpyc
    Decompiling C:\Users\user\Desktop\RenPy\____MINHAS FERRAMENTAS RENPY\PACOTE WELLS MANAGER CORRIGIDO\bosta\Nephilim-0.6.8-pc\game\tl\brazil\chapters\chapter3\script\ch3sc24.rpyc to ch3sc24.rpy ...
[OK] C:\Users\user\Desktop\RenPy\____MINHAS FERRAMENTAS RENPY\PACOTE WELLS MANAGER CORRIGIDO\bosta\Nephilim-0.6.8-pc\game\tl\brazil\chapters\chapter3\script\ch3sc24.rpy
[RPYC] C:\Users\user\Desktop\RenPy\____MINHAS FERRAMENTAS RENPY\PACOTE WELLS MANAGER CORRIGIDO\bosta\Nephilim-0.6.8-pc\game\tl\brazil\chapters\chapter3\script\ch3sc25.rpyc
    Decompiling C:\Users\user\Desktop\RenPy\____MINHAS FERRAMENTAS RENPY\PACOTE WELLS MANAGER CORRIGIDO\bosta\Nephilim-0.6.8-pc\game\tl\brazil\chapters\chapter3\script\ch3sc25.rpyc to ch3sc25.rpy ...
[OK] C:\Users\user\Desktop\RenPy\____MINHAS FERRAMENTAS RENPY\PACOTE WELLS MANAGER CORRIGIDO\bosta\Nephilim-0.6.8-pc\game\tl\brazil\chapters\chapter3\script\ch3sc25.rpy
[RPYC] C:\Users\user\Desktop\RenPy\____MINHAS FERRAMENTAS RENPY\PACOTE WELLS MANAGER CORRIGIDO\bosta\Nephilim-0.6.8-pc\game\tl\brazil\chapters\chapter3\script\ch3sc26.rpyc
    Decompiling C:\Users\user\Desktop\RenPy\____MINHAS FERRAMENTAS RENPY\PACOTE WELLS MANAGER CORRIGIDO\bosta\Nephilim-0.6.8-pc\game\tl\brazil\chapters\chapter3\script\ch3sc26.rpyc to ch3sc26.rpy ...
[OK] C:\Users\user\Desktop\RenPy\____MINHAS FERRAMENTAS RENPY\PACOTE WELLS MANAGER CORRIGIDO\bosta\Nephilim-0.6.8-pc\game\tl\brazil\chapters\chapter3\script\ch3sc26.rpy
[RPYC] C:\Users\user\Desktop\RenPy\____MINHAS FERRAMENTAS RENPY\PACOTE WELLS MANAGER CORRIGIDO\bosta\Nephilim-0.6.8-pc\game\tl\brazil\chapters\chapter3\script\ch3sc27.rpyc
    Decompiling C:\Users\user\Desktop\RenPy\____MINHAS FERRAMENTAS RENPY\PACOTE WELLS MANAGER CORRIGIDO\bosta\Nephilim-0.6.8-pc\game\tl\brazil\chapters\chapter3\script\ch3sc27.rpyc to ch3sc27.rpy ...
[OK] C:\Users\user\Desktop\RenPy\____MINHAS FERRAMENTAS RENPY\PACOTE WELLS MANAGER CORRIGIDO\bosta\Nephilim-0.6.8-pc\game\tl\brazil\chapters\chapter3\script\ch3sc27.rpy
[RPYC] C:\Users\user\Desktop\RenPy\____MINHAS FERRAMENTAS RENPY\PACOTE WELLS MANAGER CORRIGIDO\bosta\Nephilim-0.6.8-pc\game\tl\brazil\chapters\chapter3\script\ch3sc28.rpyc
    Decompiling C:\Users\user\Desktop\RenPy\____MINHAS FERRAMENTAS RENPY\PACOTE WELLS MANAGER CORRIGIDO\bosta\Nephilim-0.6.8-pc\game\tl\brazil\chapters\chapter3\script\ch3sc28.rpyc to ch3sc28.rpy ...
[OK] C:\Users\user\Desktop\RenPy\____MINHAS FERRAMENTAS RENPY\PACOTE WELLS MANAGER CORRIGIDO\bosta\Nephilim-0.6.8-pc\game\tl\brazil\chapters\chapter3\script\ch3sc28.rpy
[RPYC] C:\Users\user\Desktop\RenPy\____MINHAS FERRAMENTAS RENPY\PACOTE WELLS MANAGER CORRIGIDO\bosta\Nephilim-0.6.8-pc\game\tl\brazil\chapters\chapter3\script\ch3sc3.rpyc
    Decompiling C:\Users\user\Desktop\RenPy\____MINHAS FERRAMENTAS RENPY\PACOTE WELLS MANAGER CORRIGIDO\bosta\Nephilim-0.6.8-pc\game\tl\brazil\chapters\chapter3\script\ch3sc3.rpyc to ch3sc3.rpy ...
[OK] C:\Users\user\Desktop\RenPy\____MINHAS FERRAMENTAS RENPY\PACOTE WELLS MANAGER CORRIGIDO\bosta\Nephilim-0.6.8-pc\game\tl\brazil\chapters\chapter3\script\ch3sc3.rpy
[RPYC] C:\Users\user\Desktop\RenPy\____MINHAS FERRAMENTAS RENPY\PACOTE WELLS MANAGER CORRIGIDO\bosta\Nephilim-0.6.8-pc\game\tl\brazil\chapters\chapter3\script\ch3sc4.rpyc
    Decompiling C:\Users\user\Desktop\RenPy\____MINHAS FERRAMENTAS RENPY\PACOTE WELLS MANAGER CORRIGIDO\bosta\Nephilim-0.6.8-pc\game\tl\brazil\chapters\chapter3\script\ch3sc4.rpyc to ch3sc4.rpy ...
[OK] C:\Users\user\Desktop\RenPy\____MINHAS FERRAMENTAS RENPY\PACOTE WELLS MANAGER CORRIGIDO\bosta\Nephilim-0.6.8-pc\game\tl\brazil\chapters\chapter3\script\ch3sc4.rpy
[RPYC] C:\Users\user\Desktop\RenPy\____MINHAS FERRAMENTAS RENPY\PACOTE WELLS MANAGER CORRIGIDO\bosta\Nephilim-0.6.8-pc\game\tl\brazil\chapters\chapter3\script\ch3sc5.rpyc
    Decompiling C:\Users\user\Desktop\RenPy\____MINHAS FERRAMENTAS RENPY\PACOTE WELLS MANAGER CORRIGIDO\bosta\Nephilim-0.6.8-pc\game\tl\brazil\chapters\chapter3\script\ch3sc5.rpyc to ch3sc5.rpy ...
[OK] C:\Users\user\Desktop\RenPy\____MINHAS FERRAMENTAS RENPY\PACOTE WELLS MANAGER CORRIGIDO\bosta\Nephilim-0.6.8-pc\game\tl\brazil\chapters\chapter3\script\ch3sc5.rpy
[RPYC] C:\Users\user\Desktop\RenPy\____MINHAS FERRAMENTAS RENPY\PACOTE WELLS MANAGER CORRIGIDO\bosta\Nephilim-0.6.8-pc\game\tl\brazil\chapters\chapter3\script\ch3sc6.rpyc
    Decompiling C:\Users\user\Desktop\RenPy\____MINHAS FERRAMENTAS RENPY\PACOTE WELLS MANAGER CORRIGIDO\bosta\Nephilim-0.6.8-pc\game\tl\brazil\chapters\chapter3\script\ch3sc6.rpyc to ch3sc6.rpy ...
[OK] C:\Users\user\Desktop\RenPy\____MINHAS FERRAMENTAS RENPY\PACOTE WELLS MANAGER CORRIGIDO\bosta\Nephilim-0.6.8-pc\game\tl\brazil\chapters\chapter3\script\ch3sc6.rpy
[RPYC] C:\Users\user\Desktop\RenPy\____MINHAS FERRAMENTAS RENPY\PACOTE WELLS MANAGER CORRIGIDO\bosta\Nephilim-0.6.8-pc\game\tl\brazil\chapters\chapter3\script\ch3sc7.rpyc
    Decompiling C:\Users\user\Desktop\RenPy\____MINHAS FERRAMENTAS RENPY\PACOTE WELLS MANAGER CORRIGIDO\bosta\Nephilim-0.6.8-pc\game\tl\brazil\chapters\chapter3\script\ch3sc7.rpyc to ch3sc7.rpy ...
[OK] C:\Users\user\Desktop\RenPy\____MINHAS FERRAMENTAS RENPY\PACOTE WELLS MANAGER CORRIGIDO\bosta\Nephilim-0.6.8-pc\game\tl\brazil\chapters\chapter3\script\ch3sc7.rpy
[RPYC] C:\Users\user\Desktop\RenPy\____MINHAS FERRAMENTAS RENPY\PACOTE WELLS MANAGER CORRIGIDO\bosta\Nephilim-0.6.8-pc\game\tl\brazil\chapters\chapter3\script\ch3sc8.rpyc
    Decompiling C:\Users\user\Desktop\RenPy\____MINHAS FERRAMENTAS RENPY\PACOTE WELLS MANAGER CORRIGIDO\bosta\Nephilim-0.6.8-pc\game\tl\brazil\chapters\chapter3\script\ch3sc8.rpyc to ch3sc8.rpy ...
[OK] C:\Users\user\Desktop\RenPy\____MINHAS FERRAMENTAS RENPY\PACOTE WELLS MANAGER CORRIGIDO\bosta\Nephilim-0.6.8-pc\game\tl\brazil\chapters\chapter3\script\ch3sc8.rpy
[RPYC] C:\Users\user\Desktop\RenPy\____MINHAS FERRAMENTAS RENPY\PACOTE WELLS MANAGER CORRIGIDO\bosta\Nephilim-0.6.8-pc\game\tl\brazil\chapters\chapter3\script\ch3sc9.rpyc
    Decompiling C:\Users\user\Desktop\RenPy\____MINHAS FERRAMENTAS RENPY\PACOTE WELLS MANAGER CORRIGIDO\bosta\Nephilim-0.6.8-pc\game\tl\brazil\chapters\chapter3\script\ch3sc9.rpyc to ch3sc9.rpy ...
[OK] C:\Users\user\Desktop\RenPy\____MINHAS FERRAMENTAS RENPY\PACOTE WELLS MANAGER CORRIGIDO\bosta\Nephilim-0.6.8-pc\game\tl\brazil\chapters\chapter3\script\ch3sc9.rpy
[RPYC] C:\Users\user\Desktop\RenPy\____MINHAS FERRAMENTAS RENPY\PACOTE WELLS MANAGER CORRIGIDO\bosta\Nephilim-0.6.8-pc\game\tl\brazil\chapters\chapter4\script\ch4sc1.rpyc
    Decompiling C:\Users\user\Desktop\RenPy\____MINHAS FERRAMENTAS RENPY\PACOTE WELLS MANAGER CORRIGIDO\bosta\Nephilim-0.6.8-pc\game\tl\brazil\chapters\chapter4\script\ch4sc1.rpyc to ch4sc1.rpy ...
[OK] C:\Users\user\Desktop\RenPy\____MINHAS FERRAMENTAS RENPY\PACOTE WELLS MANAGER CORRIGIDO\bosta\Nephilim-0.6.8-pc\game\tl\brazil\chapters\chapter4\script\ch4sc1.rpy
[RPYC] C:\Users\user\Desktop\RenPy\____MINHAS FERRAMENTAS RENPY\PACOTE WELLS MANAGER CORRIGIDO\bosta\Nephilim-0.6.8-pc\game\tl\brazil\chapters\chapter4\script\ch4sc10.rpyc
    Decompiling C:\Users\user\Desktop\RenPy\____MINHAS FERRAMENTAS RENPY\PACOTE WELLS MANAGER CORRIGIDO\bosta\Nephilim-0.6.8-pc\game\tl\brazil\chapters\chapter4\script\ch4sc10.rpyc to ch4sc10.rpy ...
[OK] C:\Users\user\Desktop\RenPy\____MINHAS FERRAMENTAS RENPY\PACOTE WELLS MANAGER CORRIGIDO\bosta\Nephilim-0.6.8-pc\game\tl\brazil\chapters\chapter4\script\ch4sc10.rpy
[RPYC] C:\Users\user\Desktop\RenPy\____MINHAS FERRAMENTAS RENPY\PACOTE WELLS MANAGER CORRIGIDO\bosta\Nephilim-0.6.8-pc\game\tl\brazil\chapters\chapter4\script\ch4sc11.rpyc
    Decompiling C:\Users\user\Desktop\RenPy\____MINHAS FERRAMENTAS RENPY\PACOTE WELLS MANAGER CORRIGIDO\bosta\Nephilim-0.6.8-pc\game\tl\brazil\chapters\chapter4\script\ch4sc11.rpyc to ch4sc11.rpy ...
[OK] C:\Users\user\Desktop\RenPy\____MINHAS FERRAMENTAS RENPY\PACOTE WELLS MANAGER CORRIGIDO\bosta\Nephilim-0.6.8-pc\game\tl\brazil\chapters\chapter4\script\ch4sc11.rpy
[RPYC] C:\Users\user\Desktop\RenPy\____MINHAS FERRAMENTAS RENPY\PACOTE WELLS MANAGER CORRIGIDO\bosta\Nephilim-0.6.8-pc\game\tl\brazil\chapters\chapter4\script\ch4sc12.rpyc
    Decompiling C:\Users\user\Desktop\RenPy\____MINHAS FERRAMENTAS RENPY\PACOTE WELLS MANAGER CORRIGIDO\bosta\Nephilim-0.6.8-pc\game\tl\brazil\chapters\chapter4\script\ch4sc12.rpyc to ch4sc12.rpy ...
[OK] C:\Users\user\Desktop\RenPy\____MINHAS FERRAMENTAS RENPY\PACOTE WELLS MANAGER CORRIGIDO\bosta\Nephilim-0.6.8-pc\game\tl\brazil\chapters\chapter4\script\ch4sc12.rpy
[RPYC] C:\Users\user\Desktop\RenPy\____MINHAS FERRAMENTAS RENPY\PACOTE WELLS MANAGER CORRIGIDO\bosta\Nephilim-0.6.8-pc\game\tl\brazil\chapters\chapter4\script\ch4sc13.rpyc
    Decompiling C:\Users\user\Desktop\RenPy\____MINHAS FERRAMENTAS RENPY\PACOTE WELLS MANAGER CORRIGIDO\bosta\Nephilim-0.6.8-pc\game\tl\brazil\chapters\chapter4\script\ch4sc13.rpyc to ch4sc13.rpy ...
[OK] C:\Users\user\Desktop\RenPy\____MINHAS FERRAMENTAS RENPY\PACOTE WELLS MANAGER CORRIGIDO\bosta\Nephilim-0.6.8-pc\game\tl\brazil\chapters\chapter4\script\ch4sc13.rpy
[RPYC] C:\Users\user\Desktop\RenPy\____MINHAS FERRAMENTAS RENPY\PACOTE WELLS MANAGER CORRIGIDO\bosta\Nephilim-0.6.8-pc\game\tl\brazil\chapters\chapter4\script\ch4sc14.rpyc
    Decompiling C:\Users\user\Desktop\RenPy\____MINHAS FERRAMENTAS RENPY\PACOTE WELLS MANAGER CORRIGIDO\bosta\Nephilim-0.6.8-pc\game\tl\brazil\chapters\chapter4\script\ch4sc14.rpyc to ch4sc14.rpy ...
[OK] C:\Users\user\Desktop\RenPy\____MINHAS FERRAMENTAS RENPY\PACOTE WELLS MANAGER CORRIGIDO\bosta\Nephilim-0.6.8-pc\game\tl\brazil\chapters\chapter4\script\ch4sc14.rpy
[RPYC] C:\Users\user\Desktop\RenPy\____MINHAS FERRAMENTAS RENPY\PACOTE WELLS MANAGER CORRIGIDO\bosta\Nephilim-0.6.8-pc\game\tl\brazil\chapters\chapter4\script\ch4sc15.rpyc
    Decompiling C:\Users\user\Desktop\RenPy\____MINHAS FERRAMENTAS RENPY\PACOTE WELLS MANAGER CORRIGIDO\bosta\Nephilim-0.6.8-pc\game\tl\brazil\chapters\chapter4\script\ch4sc15.rpyc to ch4sc15.rpy ...
[OK] C:\Users\user\Desktop\RenPy\____MINHAS FERRAMENTAS RENPY\PACOTE WELLS MANAGER CORRIGIDO\bosta\Nephilim-0.6.8-pc\game\tl\brazil\chapters\chapter4\script\ch4sc15.rpy
[RPYC] C:\Users\user\Desktop\RenPy\____MINHAS FERRAMENTAS RENPY\PACOTE WELLS MANAGER CORRIGIDO\bosta\Nephilim-0.6.8-pc\game\tl\brazil\chapters\chapter4\script\ch4sc16.rpyc
    Decompiling C:\Users\user\Desktop\RenPy\____MINHAS FERRAMENTAS RENPY\PACOTE WELLS MANAGER CORRIGIDO\bosta\Nephilim-0.6.8-pc\game\tl\brazil\chapters\chapter4\script\ch4sc16.rpyc to ch4sc16.rpy ...
[OK] C:\Users\user\Desktop\RenPy\____MINHAS FERRAMENTAS RENPY\PACOTE WELLS MANAGER CORRIGIDO\bosta\Nephilim-0.6.8-pc\game\tl\brazil\chapters\chapter4\script\ch4sc16.rpy
[RPYC] C:\Users\user\Desktop\RenPy\____MINHAS FERRAMENTAS RENPY\PACOTE WELLS MANAGER CORRIGIDO\bosta\Nephilim-0.6.8-pc\game\tl\brazil\chapters\chapter4\script\ch4sc17.rpyc
    Decompiling C:\Users\user\Desktop\RenPy\____MINHAS FERRAMENTAS RENPY\PACOTE WELLS MANAGER CORRIGIDO\bosta\Nephilim-0.6.8-pc\game\tl\brazil\chapters\chapter4\script\ch4sc17.rpyc to ch4sc17.rpy ...
[OK] C:\Users\user\Desktop\RenPy\____MINHAS FERRAMENTAS RENPY\PACOTE WELLS MANAGER CORRIGIDO\bosta\Nephilim-0.6.8-pc\game\tl\brazil\chapters\chapter4\script\ch4sc17.rpy
[RPYC] C:\Users\user\Desktop\RenPy\____MINHAS FERRAMENTAS RENPY\PACOTE WELLS MANAGER CORRIGIDO\bosta\Nephilim-0.6.8-pc\game\tl\brazil\chapters\chapter4\script\ch4sc18.rpyc
    Decompiling C:\Users\user\Desktop\RenPy\____MINHAS FERRAMENTAS RENPY\PACOTE WELLS MANAGER CORRIGIDO\bosta\Nephilim-0.6.8-pc\game\tl\brazil\chapters\chapter4\script\ch4sc18.rpyc to ch4sc18.rpy ...
[OK] C:\Users\user\Desktop\RenPy\____MINHAS FERRAMENTAS RENPY\PACOTE WELLS MANAGER CORRIGIDO\bosta\Nephilim-0.6.8-pc\game\tl\brazil\chapters\chapter4\script\ch4sc18.rpy
[RPYC] C:\Users\user\Desktop\RenPy\____MINHAS FERRAMENTAS RENPY\PACOTE WELLS MANAGER CORRIGIDO\bosta\Nephilim-0.6.8-pc\game\tl\brazil\chapters\chapter4\script\ch4sc19.rpyc
    Decompiling C:\Users\user\Desktop\RenPy\____MINHAS FERRAMENTAS RENPY\PACOTE WELLS MANAGER CORRIGIDO\bosta\Nephilim-0.6.8-pc\game\tl\brazil\chapters\chapter4\script\ch4sc19.rpyc to ch4sc19.rpy ...
[OK] C:\Users\user\Desktop\RenPy\____MINHAS FERRAMENTAS RENPY\PACOTE WELLS MANAGER CORRIGIDO\bosta\Nephilim-0.6.8-pc\game\tl\brazil\chapters\chapter4\script\ch4sc19.rpy
[RPYC] C:\Users\user\Desktop\RenPy\____MINHAS FERRAMENTAS RENPY\PACOTE WELLS MANAGER CORRIGIDO\bosta\Nephilim-0.6.8-pc\game\tl\brazil\chapters\chapter4\script\ch4sc2.rpyc
    Decompiling C:\Users\user\Desktop\RenPy\____MINHAS FERRAMENTAS RENPY\PACOTE WELLS MANAGER CORRIGIDO\bosta\Nephilim-0.6.8-pc\game\tl\brazil\chapters\chapter4\script\ch4sc2.rpyc to ch4sc2.rpy ...
[OK] C:\Users\user\Desktop\RenPy\____MINHAS FERRAMENTAS RENPY\PACOTE WELLS MANAGER CORRIGIDO\bosta\Nephilim-0.6.8-pc\game\tl\brazil\chapters\chapter4\script\ch4sc2.rpy
[RPYC] C:\Users\user\Desktop\RenPy\____MINHAS FERRAMENTAS RENPY\PACOTE WELLS MANAGER CORRIGIDO\bosta\Nephilim-0.6.8-pc\game\tl\brazil\chapters\chapter4\script\ch4sc3.rpyc
    Decompiling C:\Users\user\Desktop\RenPy\____MINHAS FERRAMENTAS RENPY\PACOTE WELLS MANAGER CORRIGIDO\bosta\Nephilim-0.6.8-pc\game\tl\brazil\chapters\chapter4\script\ch4sc3.rpyc to ch4sc3.rpy ...
[OK] C:\Users\user\Desktop\RenPy\____MINHAS FERRAMENTAS RENPY\PACOTE WELLS MANAGER CORRIGIDO\bosta\Nephilim-0.6.8-pc\game\tl\brazil\chapters\chapter4\script\ch4sc3.rpy
[RPYC] C:\Users\user\Desktop\RenPy\____MINHAS FERRAMENTAS RENPY\PACOTE WELLS MANAGER CORRIGIDO\bosta\Nephilim-0.6.8-pc\game\tl\brazil\chapters\chapter4\script\ch4sc4.rpyc
    Decompiling C:\Users\user\Desktop\RenPy\____MINHAS FERRAMENTAS RENPY\PACOTE WELLS MANAGER CORRIGIDO\bosta\Nephilim-0.6.8-pc\game\tl\brazil\chapters\chapter4\script\ch4sc4.rpyc to ch4sc4.rpy ...
[OK] C:\Users\user\Desktop\RenPy\____MINHAS FERRAMENTAS RENPY\PACOTE WELLS MANAGER CORRIGIDO\bosta\Nephilim-0.6.8-pc\game\tl\brazil\chapters\chapter4\script\ch4sc4.rpy
[RPYC] C:\Users\user\Desktop\RenPy\____MINHAS FERRAMENTAS RENPY\PACOTE WELLS MANAGER CORRIGIDO\bosta\Nephilim-0.6.8-pc\game\tl\brazil\chapters\chapter4\script\ch4sc5.rpyc
    Decompiling C:\Users\user\Desktop\RenPy\____MINHAS FERRAMENTAS RENPY\PACOTE WELLS MANAGER CORRIGIDO\bosta\Nephilim-0.6.8-pc\game\tl\brazil\chapters\chapter4\script\ch4sc5.rpyc to ch4sc5.rpy ...
[OK] C:\Users\user\Desktop\RenPy\____MINHAS FERRAMENTAS RENPY\PACOTE WELLS MANAGER CORRIGIDO\bosta\Nephilim-0.6.8-pc\game\tl\brazil\chapters\chapter4\script\ch4sc5.rpy
[RPYC] C:\Users\user\Desktop\RenPy\____MINHAS FERRAMENTAS RENPY\PACOTE WELLS MANAGER CORRIGIDO\bosta\Nephilim-0.6.8-pc\game\tl\brazil\chapters\chapter4\script\ch4sc6.rpyc
    Decompiling C:\Users\user\Desktop\RenPy\____MINHAS FERRAMENTAS RENPY\PACOTE WELLS MANAGER CORRIGIDO\bosta\Nephilim-0.6.8-pc\game\tl\brazil\chapters\chapter4\script\ch4sc6.rpyc to ch4sc6.rpy ...
[OK] C:\Users\user\Desktop\RenPy\____MINHAS FERRAMENTAS RENPY\PACOTE WELLS MANAGER CORRIGIDO\bosta\Nephilim-0.6.8-pc\game\tl\brazil\chapters\chapter4\script\ch4sc6.rpy
[RPYC] C:\Users\user\Desktop\RenPy\____MINHAS FERRAMENTAS RENPY\PACOTE WELLS MANAGER CORRIGIDO\bosta\Nephilim-0.6.8-pc\game\tl\brazil\chapters\chapter4\script\ch4sc7.rpyc
    Decompiling C:\Users\user\Desktop\RenPy\____MINHAS FERRAMENTAS RENPY\PACOTE WELLS MANAGER CORRIGIDO\bosta\Nephilim-0.6.8-pc\game\tl\brazil\chapters\chapter4\script\ch4sc7.rpyc to ch4sc7.rpy ...
[OK] C:\Users\user\Desktop\RenPy\____MINHAS FERRAMENTAS RENPY\PACOTE WELLS MANAGER CORRIGIDO\bosta\Nephilim-0.6.8-pc\game\tl\brazil\chapters\chapter4\script\ch4sc7.rpy
[RPYC] C:\Users\user\Desktop\RenPy\____MINHAS FERRAMENTAS RENPY\PACOTE WELLS MANAGER CORRIGIDO\bosta\Nephilim-0.6.8-pc\game\tl\brazil\chapters\chapter4\script\ch4sc8.rpyc
    Decompiling C:\Users\user\Desktop\RenPy\____MINHAS FERRAMENTAS RENPY\PACOTE WELLS MANAGER CORRIGIDO\bosta\Nephilim-0.6.8-pc\game\tl\brazil\chapters\chapter4\script\ch4sc8.rpyc to ch4sc8.rpy ...
[OK] C:\Users\user\Desktop\RenPy\____MINHAS FERRAMENTAS RENPY\PACOTE WELLS MANAGER CORRIGIDO\bosta\Nephilim-0.6.8-pc\game\tl\brazil\chapters\chapter4\script\ch4sc8.rpy
[RPYC] C:\Users\user\Desktop\RenPy\____MINHAS FERRAMENTAS RENPY\PACOTE WELLS MANAGER CORRIGIDO\bosta\Nephilim-0.6.8-pc\game\tl\brazil\chapters\chapter4\script\ch4sc9.rpyc
    Decompiling C:\Users\user\Desktop\RenPy\____MINHAS FERRAMENTAS RENPY\PACOTE WELLS MANAGER CORRIGIDO\bosta\Nephilim-0.6.8-pc\game\tl\brazil\chapters\chapter4\script\ch4sc9.rpyc to ch4sc9.rpy ...
[OK] C:\Users\user\Desktop\RenPy\____MINHAS FERRAMENTAS RENPY\PACOTE WELLS MANAGER CORRIGIDO\bosta\Nephilim-0.6.8-pc\game\tl\brazil\chapters\chapter4\script\ch4sc9.rpy
[RPYC] C:\Users\user\Desktop\RenPy\____MINHAS FERRAMENTAS RENPY\PACOTE WELLS MANAGER CORRIGIDO\bosta\Nephilim-0.6.8-pc\game\tl\brazil\chapters\chapter5\script\ch5sc07.rpyc
    Decompiling C:\Users\user\Desktop\RenPy\____MINHAS FERRAMENTAS RENPY\PACOTE WELLS MANAGER CORRIGIDO\bosta\Nephilim-0.6.8-pc\game\tl\brazil\chapters\chapter5\script\ch5sc07.rpyc to ch5sc07.rpy ...
[OK] C:\Users\user\Desktop\RenPy\____MINHAS FERRAMENTAS RENPY\PACOTE WELLS MANAGER CORRIGIDO\bosta\Nephilim-0.6.8-pc\game\tl\brazil\chapters\chapter5\script\ch5sc07.rpy
[RPYC] C:\Users\user\Desktop\RenPy\____MINHAS FERRAMENTAS RENPY\PACOTE WELLS MANAGER CORRIGIDO\bosta\Nephilim-0.6.8-pc\game\tl\brazil\chapters\chapter5\script\ch5sc08.rpyc
    Decompiling C:\Users\user\Desktop\RenPy\____MINHAS FERRAMENTAS RENPY\PACOTE WELLS MANAGER CORRIGIDO\bosta\Nephilim-0.6.8-pc\game\tl\brazil\chapters\chapter5\script\ch5sc08.rpyc to ch5sc08.rpy ...
[OK] C:\Users\user\Desktop\RenPy\____MINHAS FERRAMENTAS RENPY\PACOTE WELLS MANAGER CORRIGIDO\bosta\Nephilim-0.6.8-pc\game\tl\brazil\chapters\chapter5\script\ch5sc08.rpy
[RPYC] C:\Users\user\Desktop\RenPy\____MINHAS FERRAMENTAS RENPY\PACOTE WELLS MANAGER CORRIGIDO\bosta\Nephilim-0.6.8-pc\game\tl\brazil\chapters\chapter5\script\ch5sc09.rpyc
    Decompiling C:\Users\user\Desktop\RenPy\____MINHAS FERRAMENTAS RENPY\PACOTE WELLS MANAGER CORRIGIDO\bosta\Nephilim-0.6.8-pc\game\tl\brazil\chapters\chapter5\script\ch5sc09.rpyc to ch5sc09.rpy ...
[OK] C:\Users\user\Desktop\RenPy\____MINHAS FERRAMENTAS RENPY\PACOTE WELLS MANAGER CORRIGIDO\bosta\Nephilim-0.6.8-pc\game\tl\brazil\chapters\chapter5\script\ch5sc09.rpy
[RPYC] C:\Users\user\Desktop\RenPy\____MINHAS FERRAMENTAS RENPY\PACOTE WELLS MANAGER CORRIGIDO\bosta\Nephilim-0.6.8-pc\game\tl\brazil\chapters\chapter5\script\ch5sc1.rpyc
    Decompiling C:\Users\user\Desktop\RenPy\____MINHAS FERRAMENTAS RENPY\PACOTE WELLS MANAGER CORRIGIDO\bosta\Nephilim-0.6.8-pc\game\tl\brazil\chapters\chapter5\script\ch5sc1.rpyc to ch5sc1.rpy ...
[OK] C:\Users\user\Desktop\RenPy\____MINHAS FERRAMENTAS RENPY\PACOTE WELLS MANAGER CORRIGIDO\bosta\Nephilim-0.6.8-pc\game\tl\brazil\chapters\chapter5\script\ch5sc1.rpy
[RPYC] C:\Users\user\Desktop\RenPy\____MINHAS FERRAMENTAS RENPY\PACOTE WELLS MANAGER CORRIGIDO\bosta\Nephilim-0.6.8-pc\game\tl\brazil\chapters\chapter5\script\ch5sc10.rpyc
    Decompiling C:\Users\user\Desktop\RenPy\____MINHAS FERRAMENTAS RENPY\PACOTE WELLS MANAGER CORRIGIDO\bosta\Nephilim-0.6.8-pc\game\tl\brazil\chapters\chapter5\script\ch5sc10.rpyc to ch5sc10.rpy ...
[OK] C:\Users\user\Desktop\RenPy\____MINHAS FERRAMENTAS RENPY\PACOTE WELLS MANAGER CORRIGIDO\bosta\Nephilim-0.6.8-pc\game\tl\brazil\chapters\chapter5\script\ch5sc10.rpy
[RPYC] C:\Users\user\Desktop\RenPy\____MINHAS FERRAMENTAS RENPY\PACOTE WELLS MANAGER CORRIGIDO\bosta\Nephilim-0.6.8-pc\game\tl\brazil\chapters\chapter5\script\ch5sc11.rpyc
    Decompiling C:\Users\user\Desktop\RenPy\____MINHAS FERRAMENTAS RENPY\PACOTE WELLS MANAGER CORRIGIDO\bosta\Nephilim-0.6.8-pc\game\tl\brazil\chapters\chapter5\script\ch5sc11.rpyc to ch5sc11.rpy ...
[OK] C:\Users\user\Desktop\RenPy\____MINHAS FERRAMENTAS RENPY\PACOTE WELLS MANAGER CORRIGIDO\bosta\Nephilim-0.6.8-pc\game\tl\brazil\chapters\chapter5\script\ch5sc11.rpy
[RPYC] C:\Users\user\Desktop\RenPy\____MINHAS FERRAMENTAS RENPY\PACOTE WELLS MANAGER CORRIGIDO\bosta\Nephilim-0.6.8-pc\game\tl\brazil\chapters\chapter5\script\ch5sc12.rpyc
    Decompiling C:\Users\user\Desktop\RenPy\____MINHAS FERRAMENTAS RENPY\PACOTE WELLS MANAGER CORRIGIDO\bosta\Nephilim-0.6.8-pc\game\tl\brazil\chapters\chapter5\script\ch5sc12.rpyc to ch5sc12.rpy ...
[OK] C:\Users\user\Desktop\RenPy\____MINHAS FERRAMENTAS RENPY\PACOTE WELLS MANAGER CORRIGIDO\bosta\Nephilim-0.6.8-pc\game\tl\brazil\chapters\chapter5\script\ch5sc12.rpy
[RPYC] C:\Users\user\Desktop\RenPy\____MINHAS FERRAMENTAS RENPY\PACOTE WELLS MANAGER CORRIGIDO\bosta\Nephilim-0.6.8-pc\game\tl\brazil\chapters\chapter5\script\ch5sc13.rpyc
    Decompiling C:\Users\user\Desktop\RenPy\____MINHAS FERRAMENTAS RENPY\PACOTE WELLS MANAGER CORRIGIDO\bosta\Nephilim-0.6.8-pc\game\tl\brazil\chapters\chapter5\script\ch5sc13.rpyc to ch5sc13.rpy ...
[OK] C:\Users\user\Desktop\RenPy\____MINHAS FERRAMENTAS RENPY\PACOTE WELLS MANAGER CORRIGIDO\bosta\Nephilim-0.6.8-pc\game\tl\brazil\chapters\chapter5\script\ch5sc13.rpy
[RPYC] C:\Users\user\Desktop\RenPy\____MINHAS FERRAMENTAS RENPY\PACOTE WELLS MANAGER CORRIGIDO\bosta\Nephilim-0.6.8-pc\game\tl\brazil\chapters\chapter5\script\ch5sc14.rpyc
    Decompiling C:\Users\user\Desktop\RenPy\____MINHAS FERRAMENTAS RENPY\PACOTE WELLS MANAGER CORRIGIDO\bosta\Nephilim-0.6.8-pc\game\tl\brazil\chapters\chapter5\script\ch5sc14.rpyc to ch5sc14.rpy ...
[OK] C:\Users\user\Desktop\RenPy\____MINHAS FERRAMENTAS RENPY\PACOTE WELLS MANAGER CORRIGIDO\bosta\Nephilim-0.6.8-pc\game\tl\brazil\chapters\chapter5\script\ch5sc14.rpy
[RPYC] C:\Users\user\Desktop\RenPy\____MINHAS FERRAMENTAS RENPY\PACOTE WELLS MANAGER CORRIGIDO\bosta\Nephilim-0.6.8-pc\game\tl\brazil\chapters\chapter5\script\ch5sc2.rpyc
    Decompiling C:\Users\user\Desktop\RenPy\____MINHAS FERRAMENTAS RENPY\PACOTE WELLS MANAGER CORRIGIDO\bosta\Nephilim-0.6.8-pc\game\tl\brazil\chapters\chapter5\script\ch5sc2.rpyc to ch5sc2.rpy ...
[OK] C:\Users\user\Desktop\RenPy\____MINHAS FERRAMENTAS RENPY\PACOTE WELLS MANAGER CORRIGIDO\bosta\Nephilim-0.6.8-pc\game\tl\brazil\chapters\chapter5\script\ch5sc2.rpy

DECOMPILAÇÃO COMPLETA!: 250, ignorados: 0, erros: 0

============================================================
03/10/2026 - 06:48:55
OPERAÇÃO: COMPACTAR RPA
============================================================
=== Wells Extractor — Compactar → RPA ===
Arquivos selecionados: 224
Saída: C:\Users\user\Desktop\RenPy\____MINHAS FERRAMENTAS RENPY\PACOTE WELLS MANAGER CORRIGIDO\bosta\Nephilim-0.6.8-pc\game\buceta.rpa
    [OK] chapters/chapter1/script/ch1sc1.rpy
    [OK] chapters/chapter1/script/ch1sc1.rpyc
    [OK] chapters/chapter1/script/ch1sc2.rpy
    [OK] chapters/chapter1/script/ch1sc2.rpyc
    [OK] chapters/chapter1/script/ch1sc3.rpy
    [OK] chapters/chapter1/script/ch1sc3.rpyc
    [OK] chapters/chapter1/script/ch1sc4.rpy
    [OK] chapters/chapter1/script/ch1sc4.rpyc
    [OK] chapters/chapter1/script/ch1sc5.rpy
    [OK] chapters/chapter1/script/ch1sc5.rpyc
    [OK] chapters/chapter1/script/ch1sc6.rpy
    [OK] chapters/chapter1/script/ch1sc6.rpyc
    [OK] chapters/chapter1/script/ch1sc7.rpy
    [OK] chapters/chapter1/script/ch1sc7.rpyc
    [OK] chapters/chapter1/script/ch1sc8.rpy
    [OK] chapters/chapter1/script/ch1sc8.rpyc
    [OK] chapters/chapter1_5/script/ch2sc1.rpy
    [OK] chapters/chapter1_5/script/ch2sc1.rpyc
    [OK] chapters/chapter1_5/script/ch2sc2.rpy
    [OK] chapters/chapter1_5/script/ch2sc2.rpyc
    [OK] chapters/chapter2/script/ch2sc10.rpy
    [OK] chapters/chapter2/script/ch2sc10.rpyc
    [OK] chapters/chapter2/script/ch2sc11.rpy
    [OK] chapters/chapter2/script/ch2sc11.rpyc
    [OK] chapters/chapter2/script/ch2sc12.rpy
    [OK] chapters/chapter2/script/ch2sc12.rpyc
    [OK] chapters/chapter2/script/ch2sc13.rpy
    [OK] chapters/chapter2/script/ch2sc13.rpyc
    [OK] chapters/chapter2/script/ch2sc14.rpy
    [OK] chapters/chapter2/script/ch2sc14.rpyc
    [OK] chapters/chapter2/script/ch2sc15.rpy
    [OK] chapters/chapter2/script/ch2sc15.rpyc
    [OK] chapters/chapter2/script/ch2sc15fb15.rpy
    [OK] chapters/chapter2/script/ch2sc15fb15.rpyc
    [OK] chapters/chapter2/script/ch2sc16.rpy
    [OK] chapters/chapter2/script/ch2sc16.rpyc
    [OK] chapters/chapter2/script/ch2sc17.rpy
    [OK] chapters/chapter2/script/ch2sc17.rpyc
    [OK] chapters/chapter2/script/ch2sc18.rpy
    [OK] chapters/chapter2/script/ch2sc18.rpyc
    [OK] chapters/chapter2/script/ch2sc19.rpy
    [OK] chapters/chapter2/script/ch2sc19.rpyc
    [OK] chapters/chapter2/script/ch2sc19_nz.rpy
    [OK] chapters/chapter2/script/ch2sc19_nz.rpyc
    [OK] chapters/chapter2/script/ch2sc23.rpy
    [OK] chapters/chapter2/script/ch2sc23.rpyc
    [OK] chapters/chapter2/script/ch2sc24.rpy
    [OK] chapters/chapter2/script/ch2sc24.rpyc
    [OK] chapters/chapter2/script/ch2sc25.rpy
    [OK] chapters/chapter2/script/ch2sc25.rpyc
    [OK] chapters/chapter2/script/ch2sc26.rpy
    [OK] chapters/chapter2/script/ch2sc26.rpyc
    [OK] chapters/chapter2/script/ch2sc27.rpy
    [OK] chapters/chapter2/script/ch2sc27.rpyc
    [OK] chapters/chapter2/script/ch2sc28.rpy
    [OK] chapters/chapter2/script/ch2sc28.rpyc
    [OK] chapters/chapter2/script/ch2sc29.rpy
    [OK] chapters/chapter2/script/ch2sc29.rpyc
    [OK] chapters/chapter2/script/ch2sc30.rpy
    [OK] chapters/chapter2/script/ch2sc30.rpyc
    [OK] chapters/chapter2/script/ch2sc31.rpy
    [OK] chapters/chapter2/script/ch2sc31.rpyc
    [OK] chapters/chapter2/script/ch2sc6.rpy
    [OK] chapters/chapter2/script/ch2sc6.rpyc
    [OK] chapters/chapter2/script/ch2sc7.rpy
    [OK] chapters/chapter2/script/ch2sc7.rpyc
    [OK] chapters/chapter2/script/ch2sc8.rpy
    [OK] chapters/chapter2/script/ch2sc8.rpyc
    [OK] chapters/chapter2/script/ch2sc9.rpy
    [OK] chapters/chapter2/script/ch2sc9.rpyc
    [OK] chapters/chapter3/script/ch3sc1.rpy
    [OK] chapters/chapter3/script/ch3sc1.rpyc
    [OK] chapters/chapter3/script/ch3sc10.rpy
    [OK] chapters/chapter3/script/ch3sc10.rpyc
    [OK] chapters/chapter3/script/ch3sc11.rpy
    [OK] chapters/chapter3/script/ch3sc11.rpyc
    [OK] chapters/chapter3/script/ch3sc12.rpy
    [OK] chapters/chapter3/script/ch3sc12.rpyc
    [OK] chapters/chapter3/script/ch3sc13.rpy
    [OK] chapters/chapter3/script/ch3sc13.rpyc
    [OK] chapters/chapter3/script/ch3sc14.rpy
    [OK] chapters/chapter3/script/ch3sc14.rpyc
    [OK] chapters/chapter3/script/ch3sc15.rpy
    [OK] chapters/chapter3/script/ch3sc15.rpyc
    [OK] chapters/chapter3/script/ch3sc16.rpy
    [OK] chapters/chapter3/script/ch3sc16.rpyc
    [OK] chapters/chapter3/script/ch3sc17.rpy
    [OK] chapters/chapter3/script/ch3sc17.rpyc
    [OK] chapters/chapter3/script/ch3sc18.rpy
    [OK] chapters/chapter3/script/ch3sc18.rpyc
    [OK] chapters/chapter3/script/ch3sc19.rpy
    [OK] chapters/chapter3/script/ch3sc19.rpyc
    [OK] chapters/chapter3/script/ch3sc2.rpy
    [OK] chapters/chapter3/script/ch3sc2.rpyc
    [OK] chapters/chapter3/script/ch3sc20.rpy
    [OK] chapters/chapter3/script/ch3sc20.rpyc
    [OK] chapters/chapter3/script/ch3sc20_b.rpy
    [OK] chapters/chapter3/script/ch3sc20_b.rpyc
    [OK] chapters/chapter3/script/ch3sc21.rpy
    [OK] chapters/chapter3/script/ch3sc21.rpyc
    [OK] chapters/chapter3/script/ch3sc22.rpy
    [OK] chapters/chapter3/script/ch3sc22.rpyc
    [OK] chapters/chapter3/script/ch3sc23.rpy
    [OK] chapters/chapter3/script/ch3sc23.rpyc
    [OK] chapters/chapter3/script/ch3sc24.rpy
    [OK] chapters/chapter3/script/ch3sc24.rpyc
    [OK] chapters/chapter3/script/ch3sc25.rpy
    [OK] chapters/chapter3/script/ch3sc25.rpyc
    [OK] chapters/chapter3/script/ch3sc26.rpy
    [OK] chapters/chapter3/script/ch3sc26.rpyc
    [OK] chapters/chapter3/script/ch3sc27.rpy
    [OK] chapters/chapter3/script/ch3sc27.rpyc
    [OK] chapters/chapter3/script/ch3sc28.rpy
    [OK] chapters/chapter3/script/ch3sc28.rpyc
    [OK] chapters/chapter3/script/ch3sc3.rpy
    [OK] chapters/chapter3/script/ch3sc3.rpyc
    [OK] chapters/chapter3/script/ch3sc4.rpy
    [OK] chapters/chapter3/script/ch3sc4.rpyc
    [OK] chapters/chapter3/script/ch3sc5.rpy
    [OK] chapters/chapter3/script/ch3sc5.rpyc
    [OK] chapters/chapter3/script/ch3sc6.rpy
    [OK] chapters/chapter3/script/ch3sc6.rpyc
    [OK] chapters/chapter3/script/ch3sc7.rpy
    [OK] chapters/chapter3/script/ch3sc7.rpyc
    [OK] chapters/chapter3/script/ch3sc8.rpy
    [OK] chapters/chapter3/script/ch3sc8.rpyc
    [OK] chapters/chapter3/script/ch3sc9.rpy
    [OK] chapters/chapter3/script/ch3sc9.rpyc
    [OK] chapters/chapter4/script/ch4sc1.rpy
    [OK] chapters/chapter4/script/ch4sc1.rpyc
    [OK] chapters/chapter4/script/ch4sc10.rpy
    [OK] chapters/chapter4/script/ch4sc10.rpyc
    [OK] chapters/chapter4/script/ch4sc11.rpy
    [OK] chapters/chapter4/script/ch4sc11.rpyc
    [OK] chapters/chapter4/script/ch4sc12.rpy
    [OK] chapters/chapter4/script/ch4sc12.rpyc
    [OK] chapters/chapter4/script/ch4sc13.rpy
    [OK] chapters/chapter4/script/ch4sc13.rpyc
    [OK] chapters/chapter4/script/ch4sc14.rpy
    [OK] chapters/chapter4/script/ch4sc14.rpyc
    [OK] chapters/chapter4/script/ch4sc15.rpy
    [OK] chapters/chapter4/script/ch4sc15.rpyc
    [OK] chapters/chapter4/script/ch4sc16.rpy
    [OK] chapters/chapter4/script/ch4sc16.rpyc
    [OK] chapters/chapter4/script/ch4sc17.rpy
    [OK] chapters/chapter4/script/ch4sc17.rpyc
    [OK] chapters/chapter4/script/ch4sc18.rpy
    [OK] chapters/chapter4/script/ch4sc18.rpyc
    [OK] chapters/chapter4/script/ch4sc19.rpy
    [OK] chapters/chapter4/script/ch4sc19.rpyc
    [OK] chapters/chapter4/script/ch4sc2.rpy
    [OK] chapters/chapter4/script/ch4sc2.rpyc
    [OK] chapters/chapter4/script/ch4sc3.rpy
    [OK] chapters/chapter4/script/ch4sc3.rpyc
    [OK] chapters/chapter4/script/ch4sc4.rpy
    [OK] chapters/chapter4/script/ch4sc4.rpyc
    [OK] chapters/chapter4/script/ch4sc5.rpy
    [OK] chapters/chapter4/script/ch4sc5.rpyc
    [OK] chapters/chapter4/script/ch4sc6.rpy
    [OK] chapters/chapter4/script/ch4sc6.rpyc
    [OK] chapters/chapter4/script/ch4sc7.rpy
    [OK] chapters/chapter4/script/ch4sc7.rpyc
    [OK] chapters/chapter4/script/ch4sc8.rpy
    [OK] chapters/chapter4/script/ch4sc8.rpyc
    [OK] chapters/chapter4/script/ch4sc9.rpy
    [OK] chapters/chapter4/script/ch4sc9.rpyc
    [OK] chapters/chapter5/script/ch5sc07.rpy
    [OK] chapters/chapter5/script/ch5sc07.rpyc
    [OK] chapters/chapter5/script/ch5sc08.rpy
    [OK] chapters/chapter5/script/ch5sc08.rpyc
    [OK] chapters/chapter5/script/ch5sc09.rpy
    [OK] chapters/chapter5/script/ch5sc09.rpyc
    [OK] chapters/chapter5/script/ch5sc1.rpy
    [OK] chapters/chapter5/script/ch5sc1.rpyc
    [OK] chapters/chapter5/script/ch5sc10.rpy
    [OK] chapters/chapter5/script/ch5sc10.rpyc
    [OK] chapters/chapter5/script/ch5sc11.rpy
    [OK] chapters/chapter5/script/ch5sc11.rpyc
    [OK] chapters/chapter5/script/ch5sc12.rpy
    [OK] chapters/chapter5/script/ch5sc12.rpyc
    [OK] chapters/chapter5/script/ch5sc13.rpy
    [OK] chapters/chapter5/script/ch5sc13.rpyc
    [OK] chapters/chapter5/script/ch5sc14.rpy
    [OK] chapters/chapter5/script/ch5sc14.rpyc
    [OK] chapters/chapter5/script/ch5sc2.rpy
    [OK] chapters/chapter5/script/ch5sc2.rpyc
    [OK] chapters/chapter6/ch6sc1.rpy
    [OK] chapters/chapter6/ch6sc1.rpyc
    [OK] chapters/chapter6/ch6sc10.rpy
    [OK] chapters/chapter6/ch6sc10.rpyc
    [OK] chapters/chapter6/ch6sc2.rpy
    [OK] chapters/chapter6/ch6sc2.rpyc
    [OK] chapters/chapter6/ch6sc3.rpy
    [OK] chapters/chapter6/ch6sc3.rpyc
    [OK] chapters/chapter6/ch6sc4.rpy
    [OK] chapters/chapter6/ch6sc4.rpyc
    [OK] chapters/chapter6/ch6sc5.rpy
    [OK] chapters/chapter6/ch6sc5.rpyc
    [OK] chapters/chapter6/ch6sc6.rpy
    [OK] chapters/chapter6/ch6sc6.rpyc
    [OK] chapters/chapter6/ch6sc7.rpy
    [OK] chapters/chapter6/ch6sc7.rpyc
    [OK] chapters/chapter6/ch6sc8.rpy
    [OK] chapters/chapter6/ch6sc8.rpyc
    [OK] chapters/chapter6/ch6sc9.rpy
    [OK] chapters/chapter6/ch6sc9.rpyc
    [OK] chapters/chapter7/ch7sc1.rpy
    [OK] chapters/chapter7/ch7sc1.rpyc
    [OK] chapters/chapter7/ch7sc2.rpy
    [OK] chapters/chapter7/ch7sc2.rpyc
    [OK] chapters/chapter7/ch7sc3.rpy
    [OK] chapters/chapter7/ch7sc3.rpyc
    [OK] chapters/chapter7/ch7sc4.rpy
    [OK] chapters/chapter7/ch7sc4.rpyc
    [OK] chapters/chapter7/ch7sc5.rpy
    [OK] chapters/chapter7/ch7sc5.rpyc
    [OK] chapters/chapter7/ch7sc6.rpy
    [OK] chapters/chapter7/ch7sc6.rpyc
    [OK] chapters/chapter7/ch7sc7.rpy
    [OK] chapters/chapter7/ch7sc7.rpyc
    [OK] chapters/chapter7/ch7sc8.rpy
    [OK] chapters/chapter7/ch7sc8.rpyc
    [OK] chapters/chapter7/ch7sc9.rpy
    [OK] chapters/chapter7/ch7sc9.rpyc

COMPACTADOS: 224
ERROS: 0
COMPACTAÇÃO COMPLETA!: 224 arquivos → buceta.rpa

============================================================
03/10/2026 - 06:50:10
OPERAÇÃO: EXTRAIR RPA
============================================================
=== Wells Extractor — RPA ===
Arquivos RPA encontrados: 1
[RPA] C:\Users\user\Desktop\RenPy\____MINHAS FERRAMENTAS RENPY\PACOTE WELLS MANAGER CORRIGIDO\bosta\Nephilim-0.6.8-pc\game\buceta.rpa
    Arquivos dentro do RPA: 224
    [OK] C:\Users\user\Desktop\RenPy\____MINHAS FERRAMENTAS RENPY\PACOTE WELLS MANAGER CORRIGIDO\bosta\Nephilim-0.6.8-pc\game\chapters\chapter1\script\ch1sc1.rpy
    [OK] C:\Users\user\Desktop\RenPy\____MINHAS FERRAMENTAS RENPY\PACOTE WELLS MANAGER CORRIGIDO\bosta\Nephilim-0.6.8-pc\game\chapters\chapter1\script\ch1sc1.rpyc
    [OK] C:\Users\user\Desktop\RenPy\____MINHAS FERRAMENTAS RENPY\PACOTE WELLS MANAGER CORRIGIDO\bosta\Nephilim-0.6.8-pc\game\chapters\chapter1\script\ch1sc2.rpy
    [OK] C:\Users\user\Desktop\RenPy\____MINHAS FERRAMENTAS RENPY\PACOTE WELLS MANAGER CORRIGIDO\bosta\Nephilim-0.6.8-pc\game\chapters\chapter1\script\ch1sc2.rpyc
    [OK] C:\Users\user\Desktop\RenPy\____MINHAS FERRAMENTAS RENPY\PACOTE WELLS MANAGER CORRIGIDO\bosta\Nephilim-0.6.8-pc\game\chapters\chapter1\script\ch1sc3.rpy
    [OK] C:\Users\user\Desktop\RenPy\____MINHAS FERRAMENTAS RENPY\PACOTE WELLS MANAGER CORRIGIDO\bosta\Nephilim-0.6.8-pc\game\chapters\chapter1\script\ch1sc3.rpyc
    [OK] C:\Users\user\Desktop\RenPy\____MINHAS FERRAMENTAS RENPY\PACOTE WELLS MANAGER CORRIGIDO\bosta\Nephilim-0.6.8-pc\game\chapters\chapter1\script\ch1sc4.rpy
    [OK] C:\Users\user\Desktop\RenPy\____MINHAS FERRAMENTAS RENPY\PACOTE WELLS MANAGER CORRIGIDO\bosta\Nephilim-0.6.8-pc\game\chapters\chapter1\script\ch1sc4.rpyc
    [OK] C:\Users\user\Desktop\RenPy\____MINHAS FERRAMENTAS RENPY\PACOTE WELLS MANAGER CORRIGIDO\bosta\Nephilim-0.6.8-pc\game\chapters\chapter1\script\ch1sc5.rpy
    [OK] C:\Users\user\Desktop\RenPy\____MINHAS FERRAMENTAS RENPY\PACOTE WELLS MANAGER CORRIGIDO\bosta\Nephilim-0.6.8-pc\game\chapters\chapter1\script\ch1sc5.rpyc
    [OK] C:\Users\user\Desktop\RenPy\____MINHAS FERRAMENTAS RENPY\PACOTE WELLS MANAGER CORRIGIDO\bosta\Nephilim-0.6.8-pc\game\chapters\chapter1\script\ch1sc6.rpy
    [OK] C:\Users\user\Desktop\RenPy\____MINHAS FERRAMENTAS RENPY\PACOTE WELLS MANAGER CORRIGIDO\bosta\Nephilim-0.6.8-pc\game\chapters\chapter1\script\ch1sc6.rpyc
    [OK] C:\Users\user\Desktop\RenPy\____MINHAS FERRAMENTAS RENPY\PACOTE WELLS MANAGER CORRIGIDO\bosta\Nephilim-0.6.8-pc\game\chapters\chapter1\script\ch1sc7.rpy
    [OK] C:\Users\user\Desktop\RenPy\____MINHAS FERRAMENTAS RENPY\PACOTE WELLS MANAGER CORRIGIDO\bosta\Nephilim-0.6.8-pc\game\chapters\chapter1\script\ch1sc7.rpyc
    [OK] C:\Users\user\Desktop\RenPy\____MINHAS FERRAMENTAS RENPY\PACOTE WELLS MANAGER CORRIGIDO\bosta\Nephilim-0.6.8-pc\game\chapters\chapter1\script\ch1sc8.rpy
    [OK] C:\Users\user\Desktop\RenPy\____MINHAS FERRAMENTAS RENPY\PACOTE WELLS MANAGER CORRIGIDO\bosta\Nephilim-0.6.8-pc\game\chapters\chapter1\script\ch1sc8.rpyc
    [OK] C:\Users\user\Desktop\RenPy\____MINHAS FERRAMENTAS RENPY\PACOTE WELLS MANAGER CORRIGIDO\bosta\Nephilim-0.6.8-pc\game\chapters\chapter1_5\script\ch2sc1.rpy
    [OK] C:\Users\user\Desktop\RenPy\____MINHAS FERRAMENTAS RENPY\PACOTE WELLS MANAGER CORRIGIDO\bosta\Nephilim-0.6.8-pc\game\chapters\chapter1_5\script\ch2sc1.rpyc
    [OK] C:\Users\user\Desktop\RenPy\____MINHAS FERRAMENTAS RENPY\PACOTE WELLS MANAGER CORRIGIDO\bosta\Nephilim-0.6.8-pc\game\chapters\chapter1_5\script\ch2sc2.rpy
    [OK] C:\Users\user\Desktop\RenPy\____MINHAS FERRAMENTAS RENPY\PACOTE WELLS MANAGER CORRIGIDO\bosta\Nephilim-0.6.8-pc\game\chapters\chapter1_5\script\ch2sc2.rpyc
    [OK] C:\Users\user\Desktop\RenPy\____MINHAS FERRAMENTAS RENPY\PACOTE WELLS MANAGER CORRIGIDO\bosta\Nephilim-0.6.8-pc\game\chapters\chapter2\script\ch2sc10.rpy
    [OK] C:\Users\user\Desktop\RenPy\____MINHAS FERRAMENTAS RENPY\PACOTE WELLS MANAGER CORRIGIDO\bosta\Nephilim-0.6.8-pc\game\chapters\chapter2\script\ch2sc10.rpyc
    [OK] C:\Users\user\Desktop\RenPy\____MINHAS FERRAMENTAS RENPY\PACOTE WELLS MANAGER CORRIGIDO\bosta\Nephilim-0.6.8-pc\game\chapters\chapter2\script\ch2sc11.rpy
    [OK] C:\Users\user\Desktop\RenPy\____MINHAS FERRAMENTAS RENPY\PACOTE WELLS MANAGER CORRIGIDO\bosta\Nephilim-0.6.8-pc\game\chapters\chapter2\script\ch2sc11.rpyc
    [OK] C:\Users\user\Desktop\RenPy\____MINHAS FERRAMENTAS RENPY\PACOTE WELLS MANAGER CORRIGIDO\bosta\Nephilim-0.6.8-pc\game\chapters\chapter2\script\ch2sc12.rpy
    [OK] C:\Users\user\Desktop\RenPy\____MINHAS FERRAMENTAS RENPY\PACOTE WELLS MANAGER CORRIGIDO\bosta\Nephilim-0.6.8-pc\game\chapters\chapter2\script\ch2sc12.rpyc
    [OK] C:\Users\user\Desktop\RenPy\____MINHAS FERRAMENTAS RENPY\PACOTE WELLS MANAGER CORRIGIDO\bosta\Nephilim-0.6.8-pc\game\chapters\chapter2\script\ch2sc13.rpy
    [OK] C:\Users\user\Desktop\RenPy\____MINHAS FERRAMENTAS RENPY\PACOTE WELLS MANAGER CORRIGIDO\bosta\Nephilim-0.6.8-pc\game\chapters\chapter2\script\ch2sc13.rpyc
    [OK] C:\Users\user\Desktop\RenPy\____MINHAS FERRAMENTAS RENPY\PACOTE WELLS MANAGER CORRIGIDO\bosta\Nephilim-0.6.8-pc\game\chapters\chapter2\script\ch2sc14.rpy
    [OK] C:\Users\user\Desktop\RenPy\____MINHAS FERRAMENTAS RENPY\PACOTE WELLS MANAGER CORRIGIDO\bosta\Nephilim-0.6.8-pc\game\chapters\chapter2\script\ch2sc14.rpyc
    [OK] C:\Users\user\Desktop\RenPy\____MINHAS FERRAMENTAS RENPY\PACOTE WELLS MANAGER CORRIGIDO\bosta\Nephilim-0.6.8-pc\game\chapters\chapter2\script\ch2sc15.rpy
    [OK] C:\Users\user\Desktop\RenPy\____MINHAS FERRAMENTAS RENPY\PACOTE WELLS MANAGER CORRIGIDO\bosta\Nephilim-0.6.8-pc\game\chapters\chapter2\script\ch2sc15.rpyc
    [OK] C:\Users\user\Desktop\RenPy\____MINHAS FERRAMENTAS RENPY\PACOTE WELLS MANAGER CORRIGIDO\bosta\Nephilim-0.6.8-pc\game\chapters\chapter2\script\ch2sc15fb15.rpy
    [OK] C:\Users\user\Desktop\RenPy\____MINHAS FERRAMENTAS RENPY\PACOTE WELLS MANAGER CORRIGIDO\bosta\Nephilim-0.6.8-pc\game\chapters\chapter2\script\ch2sc15fb15.rpyc
    [OK] C:\Users\user\Desktop\RenPy\____MINHAS FERRAMENTAS RENPY\PACOTE WELLS MANAGER CORRIGIDO\bosta\Nephilim-0.6.8-pc\game\chapters\chapter2\script\ch2sc16.rpy
    [OK] C:\Users\user\Desktop\RenPy\____MINHAS FERRAMENTAS RENPY\PACOTE WELLS MANAGER CORRIGIDO\bosta\Nephilim-0.6.8-pc\game\chapters\chapter2\script\ch2sc16.rpyc
    [OK] C:\Users\user\Desktop\RenPy\____MINHAS FERRAMENTAS RENPY\PACOTE WELLS MANAGER CORRIGIDO\bosta\Nephilim-0.6.8-pc\game\chapters\chapter2\script\ch2sc17.rpy
    [OK] C:\Users\user\Desktop\RenPy\____MINHAS FERRAMENTAS RENPY\PACOTE WELLS MANAGER CORRIGIDO\bosta\Nephilim-0.6.8-pc\game\chapters\chapter2\script\ch2sc17.rpyc
    [OK] C:\Users\user\Desktop\RenPy\____MINHAS FERRAMENTAS RENPY\PACOTE WELLS MANAGER CORRIGIDO\bosta\Nephilim-0.6.8-pc\game\chapters\chapter2\script\ch2sc18.rpy
    [OK] C:\Users\user\Desktop\RenPy\____MINHAS FERRAMENTAS RENPY\PACOTE WELLS MANAGER CORRIGIDO\bosta\Nephilim-0.6.8-pc\game\chapters\chapter2\script\ch2sc18.rpyc
    [OK] C:\Users\user\Desktop\RenPy\____MINHAS FERRAMENTAS RENPY\PACOTE WELLS MANAGER CORRIGIDO\bosta\Nephilim-0.6.8-pc\game\chapters\chapter2\script\ch2sc19.rpy
    [OK] C:\Users\user\Desktop\RenPy\____MINHAS FERRAMENTAS RENPY\PACOTE WELLS MANAGER CORRIGIDO\bosta\Nephilim-0.6.8-pc\game\chapters\chapter2\script\ch2sc19.rpyc
    [OK] C:\Users\user\Desktop\RenPy\____MINHAS FERRAMENTAS RENPY\PACOTE WELLS MANAGER CORRIGIDO\bosta\Nephilim-0.6.8-pc\game\chapters\chapter2\script\ch2sc19_nz.rpy
    [OK] C:\Users\user\Desktop\RenPy\____MINHAS FERRAMENTAS RENPY\PACOTE WELLS MANAGER CORRIGIDO\bosta\Nephilim-0.6.8-pc\game\chapters\chapter2\script\ch2sc19_nz.rpyc
    [OK] C:\Users\user\Desktop\RenPy\____MINHAS FERRAMENTAS RENPY\PACOTE WELLS MANAGER CORRIGIDO\bosta\Nephilim-0.6.8-pc\game\chapters\chapter2\script\ch2sc23.rpy
    [OK] C:\Users\user\Desktop\RenPy\____MINHAS FERRAMENTAS RENPY\PACOTE WELLS MANAGER CORRIGIDO\bosta\Nephilim-0.6.8-pc\game\chapters\chapter2\script\ch2sc23.rpyc
    [OK] C:\Users\user\Desktop\RenPy\____MINHAS FERRAMENTAS RENPY\PACOTE WELLS MANAGER CORRIGIDO\bosta\Nephilim-0.6.8-pc\game\chapters\chapter2\script\ch2sc24.rpy
    [OK] C:\Users\user\Desktop\RenPy\____MINHAS FERRAMENTAS RENPY\PACOTE WELLS MANAGER CORRIGIDO\bosta\Nephilim-0.6.8-pc\game\chapters\chapter2\script\ch2sc24.rpyc
    [OK] C:\Users\user\Desktop\RenPy\____MINHAS FERRAMENTAS RENPY\PACOTE WELLS MANAGER CORRIGIDO\bosta\Nephilim-0.6.8-pc\game\chapters\chapter2\script\ch2sc25.rpy
    [OK] C:\Users\user\Desktop\RenPy\____MINHAS FERRAMENTAS RENPY\PACOTE WELLS MANAGER CORRIGIDO\bosta\Nephilim-0.6.8-pc\game\chapters\chapter2\script\ch2sc25.rpyc
    [OK] C:\Users\user\Desktop\RenPy\____MINHAS FERRAMENTAS RENPY\PACOTE WELLS MANAGER CORRIGIDO\bosta\Nephilim-0.6.8-pc\game\chapters\chapter2\script\ch2sc26.rpy
    [OK] C:\Users\user\Desktop\RenPy\____MINHAS FERRAMENTAS RENPY\PACOTE WELLS MANAGER CORRIGIDO\bosta\Nephilim-0.6.8-pc\game\chapters\chapter2\script\ch2sc26.rpyc
    [OK] C:\Users\user\Desktop\RenPy\____MINHAS FERRAMENTAS RENPY\PACOTE WELLS MANAGER CORRIGIDO\bosta\Nephilim-0.6.8-pc\game\chapters\chapter2\script\ch2sc27.rpy
    [OK] C:\Users\user\Desktop\RenPy\____MINHAS FERRAMENTAS RENPY\PACOTE WELLS MANAGER CORRIGIDO\bosta\Nephilim-0.6.8-pc\game\chapters\chapter2\script\ch2sc27.rpyc
    [OK] C:\Users\user\Desktop\RenPy\____MINHAS FERRAMENTAS RENPY\PACOTE WELLS MANAGER CORRIGIDO\bosta\Nephilim-0.6.8-pc\game\chapters\chapter2\script\ch2sc28.rpy
    [OK] C:\Users\user\Desktop\RenPy\____MINHAS FERRAMENTAS RENPY\PACOTE WELLS MANAGER CORRIGIDO\bosta\Nephilim-0.6.8-pc\game\chapters\chapter2\script\ch2sc28.rpyc
    [OK] C:\Users\user\Desktop\RenPy\____MINHAS FERRAMENTAS RENPY\PACOTE WELLS MANAGER CORRIGIDO\bosta\Nephilim-0.6.8-pc\game\chapters\chapter2\script\ch2sc29.rpy
    [OK] C:\Users\user\Desktop\RenPy\____MINHAS FERRAMENTAS RENPY\PACOTE WELLS MANAGER CORRIGIDO\bosta\Nephilim-0.6.8-pc\game\chapters\chapter2\script\ch2sc29.rpyc
    [OK] C:\Users\user\Desktop\RenPy\____MINHAS FERRAMENTAS RENPY\PACOTE WELLS MANAGER CORRIGIDO\bosta\Nephilim-0.6.8-pc\game\chapters\chapter2\script\ch2sc30.rpy
    [OK] C:\Users\user\Desktop\RenPy\____MINHAS FERRAMENTAS RENPY\PACOTE WELLS MANAGER CORRIGIDO\bosta\Nephilim-0.6.8-pc\game\chapters\chapter2\script\ch2sc30.rpyc
    [OK] C:\Users\user\Desktop\RenPy\____MINHAS FERRAMENTAS RENPY\PACOTE WELLS MANAGER CORRIGIDO\bosta\Nephilim-0.6.8-pc\game\chapters\chapter2\script\ch2sc31.rpy
    [OK] C:\Users\user\Desktop\RenPy\____MINHAS FERRAMENTAS RENPY\PACOTE WELLS MANAGER CORRIGIDO\bosta\Nephilim-0.6.8-pc\game\chapters\chapter2\script\ch2sc31.rpyc
    [OK] C:\Users\user\Desktop\RenPy\____MINHAS FERRAMENTAS RENPY\PACOTE WELLS MANAGER CORRIGIDO\bosta\Nephilim-0.6.8-pc\game\chapters\chapter2\script\ch2sc6.rpy
    [OK] C:\Users\user\Desktop\RenPy\____MINHAS FERRAMENTAS RENPY\PACOTE WELLS MANAGER CORRIGIDO\bosta\Nephilim-0.6.8-pc\game\chapters\chapter2\script\ch2sc6.rpyc
    [OK] C:\Users\user\Desktop\RenPy\____MINHAS FERRAMENTAS RENPY\PACOTE WELLS MANAGER CORRIGIDO\bosta\Nephilim-0.6.8-pc\game\chapters\chapter2\script\ch2sc7.rpy
    [OK] C:\Users\user\Desktop\RenPy\____MINHAS FERRAMENTAS RENPY\PACOTE WELLS MANAGER CORRIGIDO\bosta\Nephilim-0.6.8-pc\game\chapters\chapter2\script\ch2sc7.rpyc
    [OK] C:\Users\user\Desktop\RenPy\____MINHAS FERRAMENTAS RENPY\PACOTE WELLS MANAGER CORRIGIDO\bosta\Nephilim-0.6.8-pc\game\chapters\chapter2\script\ch2sc8.rpy
    [OK] C:\Users\user\Desktop\RenPy\____MINHAS FERRAMENTAS RENPY\PACOTE WELLS MANAGER CORRIGIDO\bosta\Nephilim-0.6.8-pc\game\chapters\chapter2\script\ch2sc8.rpyc
    [OK] C:\Users\user\Desktop\RenPy\____MINHAS FERRAMENTAS RENPY\PACOTE WELLS MANAGER CORRIGIDO\bosta\Nephilim-0.6.8-pc\game\chapters\chapter2\script\ch2sc9.rpy
    [OK] C:\Users\user\Desktop\RenPy\____MINHAS FERRAMENTAS RENPY\PACOTE WELLS MANAGER CORRIGIDO\bosta\Nephilim-0.6.8-pc\game\chapters\chapter2\script\ch2sc9.rpyc
    [OK] C:\Users\user\Desktop\RenPy\____MINHAS FERRAMENTAS RENPY\PACOTE WELLS MANAGER CORRIGIDO\bosta\Nephilim-0.6.8-pc\game\chapters\chapter3\script\ch3sc1.rpy
    [OK] C:\Users\user\Desktop\RenPy\____MINHAS FERRAMENTAS RENPY\PACOTE WELLS MANAGER CORRIGIDO\bosta\Nephilim-0.6.8-pc\game\chapters\chapter3\script\ch3sc1.rpyc
    [OK] C:\Users\user\Desktop\RenPy\____MINHAS FERRAMENTAS RENPY\PACOTE WELLS MANAGER CORRIGIDO\bosta\Nephilim-0.6.8-pc\game\chapters\chapter3\script\ch3sc10.rpy
    [OK] C:\Users\user\Desktop\RenPy\____MINHAS FERRAMENTAS RENPY\PACOTE WELLS MANAGER CORRIGIDO\bosta\Nephilim-0.6.8-pc\game\chapters\chapter3\script\ch3sc10.rpyc
    [OK] C:\Users\user\Desktop\RenPy\____MINHAS FERRAMENTAS RENPY\PACOTE WELLS MANAGER CORRIGIDO\bosta\Nephilim-0.6.8-pc\game\chapters\chapter3\script\ch3sc11.rpy
    [OK] C:\Users\user\Desktop\RenPy\____MINHAS FERRAMENTAS RENPY\PACOTE WELLS MANAGER CORRIGIDO\bosta\Nephilim-0.6.8-pc\game\chapters\chapter3\script\ch3sc11.rpyc
    [OK] C:\Users\user\Desktop\RenPy\____MINHAS FERRAMENTAS RENPY\PACOTE WELLS MANAGER CORRIGIDO\bosta\Nephilim-0.6.8-pc\game\chapters\chapter3\script\ch3sc12.rpy
    [OK] C:\Users\user\Desktop\RenPy\____MINHAS FERRAMENTAS RENPY\PACOTE WELLS MANAGER CORRIGIDO\bosta\Nephilim-0.6.8-pc\game\chapters\chapter3\script\ch3sc12.rpyc
    [OK] C:\Users\user\Desktop\RenPy\____MINHAS FERRAMENTAS RENPY\PACOTE WELLS MANAGER CORRIGIDO\bosta\Nephilim-0.6.8-pc\game\chapters\chapter3\script\ch3sc13.rpy
    [OK] C:\Users\user\Desktop\RenPy\____MINHAS FERRAMENTAS RENPY\PACOTE WELLS MANAGER CORRIGIDO\bosta\Nephilim-0.6.8-pc\game\chapters\chapter3\script\ch3sc13.rpyc
    [OK] C:\Users\user\Desktop\RenPy\____MINHAS FERRAMENTAS RENPY\PACOTE WELLS MANAGER CORRIGIDO\bosta\Nephilim-0.6.8-pc\game\chapters\chapter3\script\ch3sc14.rpy
    [OK] C:\Users\user\Desktop\RenPy\____MINHAS FERRAMENTAS RENPY\PACOTE WELLS MANAGER CORRIGIDO\bosta\Nephilim-0.6.8-pc\game\chapters\chapter3\script\ch3sc14.rpyc
    [OK] C:\Users\user\Desktop\RenPy\____MINHAS FERRAMENTAS RENPY\PACOTE WELLS MANAGER CORRIGIDO\bosta\Nephilim-0.6.8-pc\game\chapters\chapter3\script\ch3sc15.rpy
    [OK] C:\Users\user\Desktop\RenPy\____MINHAS FERRAMENTAS RENPY\PACOTE WELLS MANAGER CORRIGIDO\bosta\Nephilim-0.6.8-pc\game\chapters\chapter3\script\ch3sc15.rpyc
    [OK] C:\Users\user\Desktop\RenPy\____MINHAS FERRAMENTAS RENPY\PACOTE WELLS MANAGER CORRIGIDO\bosta\Nephilim-0.6.8-pc\game\chapters\chapter3\script\ch3sc16.rpy
    [OK] C:\Users\user\Desktop\RenPy\____MINHAS FERRAMENTAS RENPY\PACOTE WELLS MANAGER CORRIGIDO\bosta\Nephilim-0.6.8-pc\game\chapters\chapter3\script\ch3sc16.rpyc
    [OK] C:\Users\user\Desktop\RenPy\____MINHAS FERRAMENTAS RENPY\PACOTE WELLS MANAGER CORRIGIDO\bosta\Nephilim-0.6.8-pc\game\chapters\chapter3\script\ch3sc17.rpy
    [OK] C:\Users\user\Desktop\RenPy\____MINHAS FERRAMENTAS RENPY\PACOTE WELLS MANAGER CORRIGIDO\bosta\Nephilim-0.6.8-pc\game\chapters\chapter3\script\ch3sc17.rpyc
    [OK] C:\Users\user\Desktop\RenPy\____MINHAS FERRAMENTAS RENPY\PACOTE WELLS MANAGER CORRIGIDO\bosta\Nephilim-0.6.8-pc\game\chapters\chapter3\script\ch3sc18.rpy
    [OK] C:\Users\user\Desktop\RenPy\____MINHAS FERRAMENTAS RENPY\PACOTE WELLS MANAGER CORRIGIDO\bosta\Nephilim-0.6.8-pc\game\chapters\chapter3\script\ch3sc18.rpyc
    [OK] C:\Users\user\Desktop\RenPy\____MINHAS FERRAMENTAS RENPY\PACOTE WELLS MANAGER CORRIGIDO\bosta\Nephilim-0.6.8-pc\game\chapters\chapter3\script\ch3sc19.rpy
    [OK] C:\Users\user\Desktop\RenPy\____MINHAS FERRAMENTAS RENPY\PACOTE WELLS MANAGER CORRIGIDO\bosta\Nephilim-0.6.8-pc\game\chapters\chapter3\script\ch3sc19.rpyc
    [OK] C:\Users\user\Desktop\RenPy\____MINHAS FERRAMENTAS RENPY\PACOTE WELLS MANAGER CORRIGIDO\bosta\Nephilim-0.6.8-pc\game\chapters\chapter3\script\ch3sc2.rpy
    [OK] C:\Users\user\Desktop\RenPy\____MINHAS FERRAMENTAS RENPY\PACOTE WELLS MANAGER CORRIGIDO\bosta\Nephilim-0.6.8-pc\game\chapters\chapter3\script\ch3sc2.rpyc
    [OK] C:\Users\user\Desktop\RenPy\____MINHAS FERRAMENTAS RENPY\PACOTE WELLS MANAGER CORRIGIDO\bosta\Nephilim-0.6.8-pc\game\chapters\chapter3\script\ch3sc20.rpy
    [OK] C:\Users\user\Desktop\RenPy\____MINHAS FERRAMENTAS RENPY\PACOTE WELLS MANAGER CORRIGIDO\bosta\Nephilim-0.6.8-pc\game\chapters\chapter3\script\ch3sc20.rpyc
    [OK] C:\Users\user\Desktop\RenPy\____MINHAS FERRAMENTAS RENPY\PACOTE WELLS MANAGER CORRIGIDO\bosta\Nephilim-0.6.8-pc\game\chapters\chapter3\script\ch3sc20_b.rpy
    [OK] C:\Users\user\Desktop\RenPy\____MINHAS FERRAMENTAS RENPY\PACOTE WELLS MANAGER CORRIGIDO\bosta\Nephilim-0.6.8-pc\game\chapters\chapter3\script\ch3sc20_b.rpyc
    [OK] C:\Users\user\Desktop\RenPy\____MINHAS FERRAMENTAS RENPY\PACOTE WELLS MANAGER CORRIGIDO\bosta\Nephilim-0.6.8-pc\game\chapters\chapter3\script\ch3sc21.rpy
    [OK] C:\Users\user\Desktop\RenPy\____MINHAS FERRAMENTAS RENPY\PACOTE WELLS MANAGER CORRIGIDO\bosta\Nephilim-0.6.8-pc\game\chapters\chapter3\script\ch3sc21.rpyc
    [OK] C:\Users\user\Desktop\RenPy\____MINHAS FERRAMENTAS RENPY\PACOTE WELLS MANAGER CORRIGIDO\bosta\Nephilim-0.6.8-pc\game\chapters\chapter3\script\ch3sc22.rpy
    [OK] C:\Users\user\Desktop\RenPy\____MINHAS FERRAMENTAS RENPY\PACOTE WELLS MANAGER CORRIGIDO\bosta\Nephilim-0.6.8-pc\game\chapters\chapter3\script\ch3sc22.rpyc
    [OK] C:\Users\user\Desktop\RenPy\____MINHAS FERRAMENTAS RENPY\PACOTE WELLS MANAGER CORRIGIDO\bosta\Nephilim-0.6.8-pc\game\chapters\chapter3\script\ch3sc23.rpy
    [OK] C:\Users\user\Desktop\RenPy\____MINHAS FERRAMENTAS RENPY\PACOTE WELLS MANAGER CORRIGIDO\bosta\Nephilim-0.6.8-pc\game\chapters\chapter3\script\ch3sc23.rpyc
    [OK] C:\Users\user\Desktop\RenPy\____MINHAS FERRAMENTAS RENPY\PACOTE WELLS MANAGER CORRIGIDO\bosta\Nephilim-0.6.8-pc\game\chapters\chapter3\script\ch3sc24.rpy
    [OK] C:\Users\user\Desktop\RenPy\____MINHAS FERRAMENTAS RENPY\PACOTE WELLS MANAGER CORRIGIDO\bosta\Nephilim-0.6.8-pc\game\chapters\chapter3\script\ch3sc24.rpyc
    [OK] C:\Users\user\Desktop\RenPy\____MINHAS FERRAMENTAS RENPY\PACOTE WELLS MANAGER CORRIGIDO\bosta\Nephilim-0.6.8-pc\game\chapters\chapter3\script\ch3sc25.rpy
    [OK] C:\Users\user\Desktop\RenPy\____MINHAS FERRAMENTAS RENPY\PACOTE WELLS MANAGER CORRIGIDO\bosta\Nephilim-0.6.8-pc\game\chapters\chapter3\script\ch3sc25.rpyc
    [OK] C:\Users\user\Desktop\RenPy\____MINHAS FERRAMENTAS RENPY\PACOTE WELLS MANAGER CORRIGIDO\bosta\Nephilim-0.6.8-pc\game\chapters\chapter3\script\ch3sc26.rpy
    [OK] C:\Users\user\Desktop\RenPy\____MINHAS FERRAMENTAS RENPY\PACOTE WELLS MANAGER CORRIGIDO\bosta\Nephilim-0.6.8-pc\game\chapters\chapter3\script\ch3sc26.rpyc
    [OK] C:\Users\user\Desktop\RenPy\____MINHAS FERRAMENTAS RENPY\PACOTE WELLS MANAGER CORRIGIDO\bosta\Nephilim-0.6.8-pc\game\chapters\chapter3\script\ch3sc27.rpy
    [OK] C:\Users\user\Desktop\RenPy\____MINHAS FERRAMENTAS RENPY\PACOTE WELLS MANAGER CORRIGIDO\bosta\Nephilim-0.6.8-pc\game\chapters\chapter3\script\ch3sc27.rpyc
    [OK] C:\Users\user\Desktop\RenPy\____MINHAS FERRAMENTAS RENPY\PACOTE WELLS MANAGER CORRIGIDO\bosta\Nephilim-0.6.8-pc\game\chapters\chapter3\script\ch3sc28.rpy
    [OK] C:\Users\user\Desktop\RenPy\____MINHAS FERRAMENTAS RENPY\PACOTE WELLS MANAGER CORRIGIDO\bosta\Nephilim-0.6.8-pc\game\chapters\chapter3\script\ch3sc28.rpyc
    [OK] C:\Users\user\Desktop\RenPy\____MINHAS FERRAMENTAS RENPY\PACOTE WELLS MANAGER CORRIGIDO\bosta\Nephilim-0.6.8-pc\game\chapters\chapter3\script\ch3sc3.rpy
    [OK] C:\Users\user\Desktop\RenPy\____MINHAS FERRAMENTAS RENPY\PACOTE WELLS MANAGER CORRIGIDO\bosta\Nephilim-0.6.8-pc\game\chapters\chapter3\script\ch3sc3.rpyc
    [OK] C:\Users\user\Desktop\RenPy\____MINHAS FERRAMENTAS RENPY\PACOTE WELLS MANAGER CORRIGIDO\bosta\Nephilim-0.6.8-pc\game\chapters\chapter3\script\ch3sc4.rpy
    [OK] C:\Users\user\Desktop\RenPy\____MINHAS FERRAMENTAS RENPY\PACOTE WELLS MANAGER CORRIGIDO\bosta\Nephilim-0.6.8-pc\game\chapters\chapter3\script\ch3sc4.rpyc
    [OK] C:\Users\user\Desktop\RenPy\____MINHAS FERRAMENTAS RENPY\PACOTE WELLS MANAGER CORRIGIDO\bosta\Nephilim-0.6.8-pc\game\chapters\chapter3\script\ch3sc5.rpy
    [OK] C:\Users\user\Desktop\RenPy\____MINHAS FERRAMENTAS RENPY\PACOTE WELLS MANAGER CORRIGIDO\bosta\Nephilim-0.6.8-pc\game\chapters\chapter3\script\ch3sc5.rpyc
    [OK] C:\Users\user\Desktop\RenPy\____MINHAS FERRAMENTAS RENPY\PACOTE WELLS MANAGER CORRIGIDO\bosta\Nephilim-0.6.8-pc\game\chapters\chapter3\script\ch3sc6.rpy
    [OK] C:\Users\user\Desktop\RenPy\____MINHAS FERRAMENTAS RENPY\PACOTE WELLS MANAGER CORRIGIDO\bosta\Nephilim-0.6.8-pc\game\chapters\chapter3\script\ch3sc6.rpyc
    [OK] C:\Users\user\Desktop\RenPy\____MINHAS FERRAMENTAS RENPY\PACOTE WELLS MANAGER CORRIGIDO\bosta\Nephilim-0.6.8-pc\game\chapters\chapter3\script\ch3sc7.rpy
    [OK] C:\Users\user\Desktop\RenPy\____MINHAS FERRAMENTAS RENPY\PACOTE WELLS MANAGER CORRIGIDO\bosta\Nephilim-0.6.8-pc\game\chapters\chapter3\script\ch3sc7.rpyc
    [OK] C:\Users\user\Desktop\RenPy\____MINHAS FERRAMENTAS RENPY\PACOTE WELLS MANAGER CORRIGIDO\bosta\Nephilim-0.6.8-pc\game\chapters\chapter3\script\ch3sc8.rpy
    [OK] C:\Users\user\Desktop\RenPy\____MINHAS FERRAMENTAS RENPY\PACOTE WELLS MANAGER CORRIGIDO\bosta\Nephilim-0.6.8-pc\game\chapters\chapter3\script\ch3sc8.rpyc
    [OK] C:\Users\user\Desktop\RenPy\____MINHAS FERRAMENTAS RENPY\PACOTE WELLS MANAGER CORRIGIDO\bosta\Nephilim-0.6.8-pc\game\chapters\chapter3\script\ch3sc9.rpy
    [OK] C:\Users\user\Desktop\RenPy\____MINHAS FERRAMENTAS RENPY\PACOTE WELLS MANAGER CORRIGIDO\bosta\Nephilim-0.6.8-pc\game\chapters\chapter3\script\ch3sc9.rpyc
    [OK] C:\Users\user\Desktop\RenPy\____MINHAS FERRAMENTAS RENPY\PACOTE WELLS MANAGER CORRIGIDO\bosta\Nephilim-0.6.8-pc\game\chapters\chapter4\script\ch4sc1.rpy
    [OK] C:\Users\user\Desktop\RenPy\____MINHAS FERRAMENTAS RENPY\PACOTE WELLS MANAGER CORRIGIDO\bosta\Nephilim-0.6.8-pc\game\chapters\chapter4\script\ch4sc1.rpyc
    [OK] C:\Users\user\Desktop\RenPy\____MINHAS FERRAMENTAS RENPY\PACOTE WELLS MANAGER CORRIGIDO\bosta\Nephilim-0.6.8-pc\game\chapters\chapter4\script\ch4sc10.rpy
    [OK] C:\Users\user\Desktop\RenPy\____MINHAS FERRAMENTAS RENPY\PACOTE WELLS MANAGER CORRIGIDO\bosta\Nephilim-0.6.8-pc\game\chapters\chapter4\script\ch4sc10.rpyc
    [OK] C:\Users\user\Desktop\RenPy\____MINHAS FERRAMENTAS RENPY\PACOTE WELLS MANAGER CORRIGIDO\bosta\Nephilim-0.6.8-pc\game\chapters\chapter4\script\ch4sc11.rpy
    [OK] C:\Users\user\Desktop\RenPy\____MINHAS FERRAMENTAS RENPY\PACOTE WELLS MANAGER CORRIGIDO\bosta\Nephilim-0.6.8-pc\game\chapters\chapter4\script\ch4sc11.rpyc
    [OK] C:\Users\user\Desktop\RenPy\____MINHAS FERRAMENTAS RENPY\PACOTE WELLS MANAGER CORRIGIDO\bosta\Nephilim-0.6.8-pc\game\chapters\chapter4\script\ch4sc12.rpy
    [OK] C:\Users\user\Desktop\RenPy\____MINHAS FERRAMENTAS RENPY\PACOTE WELLS MANAGER CORRIGIDO\bosta\Nephilim-0.6.8-pc\game\chapters\chapter4\script\ch4sc12.rpyc
    [OK] C:\Users\user\Desktop\RenPy\____MINHAS FERRAMENTAS RENPY\PACOTE WELLS MANAGER CORRIGIDO\bosta\Nephilim-0.6.8-pc\game\chapters\chapter4\script\ch4sc13.rpy
    [OK] C:\Users\user\Desktop\RenPy\____MINHAS FERRAMENTAS RENPY\PACOTE WELLS MANAGER CORRIGIDO\bosta\Nephilim-0.6.8-pc\game\chapters\chapter4\script\ch4sc13.rpyc
    [OK] C:\Users\user\Desktop\RenPy\____MINHAS FERRAMENTAS RENPY\PACOTE WELLS MANAGER CORRIGIDO\bosta\Nephilim-0.6.8-pc\game\chapters\chapter4\script\ch4sc14.rpy
    [OK] C:\Users\user\Desktop\RenPy\____MINHAS FERRAMENTAS RENPY\PACOTE WELLS MANAGER CORRIGIDO\bosta\Nephilim-0.6.8-pc\game\chapters\chapter4\script\ch4sc14.rpyc
    [OK] C:\Users\user\Desktop\RenPy\____MINHAS FERRAMENTAS RENPY\PACOTE WELLS MANAGER CORRIGIDO\bosta\Nephilim-0.6.8-pc\game\chapters\chapter4\script\ch4sc15.rpy
    [OK] C:\Users\user\Desktop\RenPy\____MINHAS FERRAMENTAS RENPY\PACOTE WELLS MANAGER CORRIGIDO\bosta\Nephilim-0.6.8-pc\game\chapters\chapter4\script\ch4sc15.rpyc
    [OK] C:\Users\user\Desktop\RenPy\____MINHAS FERRAMENTAS RENPY\PACOTE WELLS MANAGER CORRIGIDO\bosta\Nephilim-0.6.8-pc\game\chapters\chapter4\script\ch4sc16.rpy
    [OK] C:\Users\user\Desktop\RenPy\____MINHAS FERRAMENTAS RENPY\PACOTE WELLS MANAGER CORRIGIDO\bosta\Nephilim-0.6.8-pc\game\chapters\chapter4\script\ch4sc16.rpyc
    [OK] C:\Users\user\Desktop\RenPy\____MINHAS FERRAMENTAS RENPY\PACOTE WELLS MANAGER CORRIGIDO\bosta\Nephilim-0.6.8-pc\game\chapters\chapter4\script\ch4sc17.rpy
    [OK] C:\Users\user\Desktop\RenPy\____MINHAS FERRAMENTAS RENPY\PACOTE WELLS MANAGER CORRIGIDO\bosta\Nephilim-0.6.8-pc\game\chapters\chapter4\script\ch4sc17.rpyc
    [OK] C:\Users\user\Desktop\RenPy\____MINHAS FERRAMENTAS RENPY\PACOTE WELLS MANAGER CORRIGIDO\bosta\Nephilim-0.6.8-pc\game\chapters\chapter4\script\ch4sc18.rpy
    [OK] C:\Users\user\Desktop\RenPy\____MINHAS FERRAMENTAS RENPY\PACOTE WELLS MANAGER CORRIGIDO\bosta\Nephilim-0.6.8-pc\game\chapters\chapter4\script\ch4sc18.rpyc
    [OK] C:\Users\user\Desktop\RenPy\____MINHAS FERRAMENTAS RENPY\PACOTE WELLS MANAGER CORRIGIDO\bosta\Nephilim-0.6.8-pc\game\chapters\chapter4\script\ch4sc19.rpy
    [OK] C:\Users\user\Desktop\RenPy\____MINHAS FERRAMENTAS RENPY\PACOTE WELLS MANAGER CORRIGIDO\bosta\Nephilim-0.6.8-pc\game\chapters\chapter4\script\ch4sc19.rpyc
    [OK] C:\Users\user\Desktop\RenPy\____MINHAS FERRAMENTAS RENPY\PACOTE WELLS MANAGER CORRIGIDO\bosta\Nephilim-0.6.8-pc\game\chapters\chapter4\script\ch4sc2.rpy
    [OK] C:\Users\user\Desktop\RenPy\____MINHAS FERRAMENTAS RENPY\PACOTE WELLS MANAGER CORRIGIDO\bosta\Nephilim-0.6.8-pc\game\chapters\chapter4\script\ch4sc2.rpyc
    [OK] C:\Users\user\Desktop\RenPy\____MINHAS FERRAMENTAS RENPY\PACOTE WELLS MANAGER CORRIGIDO\bosta\Nephilim-0.6.8-pc\game\chapters\chapter4\script\ch4sc3.rpy
    [OK] C:\Users\user\Desktop\RenPy\____MINHAS FERRAMENTAS RENPY\PACOTE WELLS MANAGER CORRIGIDO\bosta\Nephilim-0.6.8-pc\game\chapters\chapter4\script\ch4sc3.rpyc
    [OK] C:\Users\user\Desktop\RenPy\____MINHAS FERRAMENTAS RENPY\PACOTE WELLS MANAGER CORRIGIDO\bosta\Nephilim-0.6.8-pc\game\chapters\chapter4\script\ch4sc4.rpy
    [OK] C:\Users\user\Desktop\RenPy\____MINHAS FERRAMENTAS RENPY\PACOTE WELLS MANAGER CORRIGIDO\bosta\Nephilim-0.6.8-pc\game\chapters\chapter4\script\ch4sc4.rpyc
    [OK] C:\Users\user\Desktop\RenPy\____MINHAS FERRAMENTAS RENPY\PACOTE WELLS MANAGER CORRIGIDO\bosta\Nephilim-0.6.8-pc\game\chapters\chapter4\script\ch4sc5.rpy
    [OK] C:\Users\user\Desktop\RenPy\____MINHAS FERRAMENTAS RENPY\PACOTE WELLS MANAGER CORRIGIDO\bosta\Nephilim-0.6.8-pc\game\chapters\chapter4\script\ch4sc5.rpyc
    [OK] C:\Users\user\Desktop\RenPy\____MINHAS FERRAMENTAS RENPY\PACOTE WELLS MANAGER CORRIGIDO\bosta\Nephilim-0.6.8-pc\game\chapters\chapter4\script\ch4sc6.rpy
    [OK] C:\Users\user\Desktop\RenPy\____MINHAS FERRAMENTAS RENPY\PACOTE WELLS MANAGER CORRIGIDO\bosta\Nephilim-0.6.8-pc\game\chapters\chapter4\script\ch4sc6.rpyc
    [OK] C:\Users\user\Desktop\RenPy\____MINHAS FERRAMENTAS RENPY\PACOTE WELLS MANAGER CORRIGIDO\bosta\Nephilim-0.6.8-pc\game\chapters\chapter4\script\ch4sc7.rpy
    [OK] C:\Users\user\Desktop\RenPy\____MINHAS FERRAMENTAS RENPY\PACOTE WELLS MANAGER CORRIGIDO\bosta\Nephilim-0.6.8-pc\game\chapters\chapter4\script\ch4sc7.rpyc
    [OK] C:\Users\user\Desktop\RenPy\____MINHAS FERRAMENTAS RENPY\PACOTE WELLS MANAGER CORRIGIDO\bosta\Nephilim-0.6.8-pc\game\chapters\chapter4\script\ch4sc8.rpy
    [OK] C:\Users\user\Desktop\RenPy\____MINHAS FERRAMENTAS RENPY\PACOTE WELLS MANAGER CORRIGIDO\bosta\Nephilim-0.6.8-pc\game\chapters\chapter4\script\ch4sc8.rpyc
    [OK] C:\Users\user\Desktop\RenPy\____MINHAS FERRAMENTAS RENPY\PACOTE WELLS MANAGER CORRIGIDO\bosta\Nephilim-0.6.8-pc\game\chapters\chapter4\script\ch4sc9.rpy
    [OK] C:\Users\user\Desktop\RenPy\____MINHAS FERRAMENTAS RENPY\PACOTE WELLS MANAGER CORRIGIDO\bosta\Nephilim-0.6.8-pc\game\chapters\chapter4\script\ch4sc9.rpyc
    [OK] C:\Users\user\Desktop\RenPy\____MINHAS FERRAMENTAS RENPY\PACOTE WELLS MANAGER CORRIGIDO\bosta\Nephilim-0.6.8-pc\game\chapters\chapter5\script\ch5sc07.rpy
    [OK] C:\Users\user\Desktop\RenPy\____MINHAS FERRAMENTAS RENPY\PACOTE WELLS MANAGER CORRIGIDO\bosta\Nephilim-0.6.8-pc\game\chapters\chapter5\script\ch5sc07.rpyc
    [OK] C:\Users\user\Desktop\RenPy\____MINHAS FERRAMENTAS RENPY\PACOTE WELLS MANAGER CORRIGIDO\bosta\Nephilim-0.6.8-pc\game\chapters\chapter5\script\ch5sc08.rpy
    [OK] C:\Users\user\Desktop\RenPy\____MINHAS FERRAMENTAS RENPY\PACOTE WELLS MANAGER CORRIGIDO\bosta\Nephilim-0.6.8-pc\game\chapters\chapter5\script\ch5sc08.rpyc
    [OK] C:\Users\user\Desktop\RenPy\____MINHAS FERRAMENTAS RENPY\PACOTE WELLS MANAGER CORRIGIDO\bosta\Nephilim-0.6.8-pc\game\chapters\chapter5\script\ch5sc09.rpy
    [OK] C:\Users\user\Desktop\RenPy\____MINHAS FERRAMENTAS RENPY\PACOTE WELLS MANAGER CORRIGIDO\bosta\Nephilim-0.6.8-pc\game\chapters\chapter5\script\ch5sc09.rpyc
    [OK] C:\Users\user\Desktop\RenPy\____MINHAS FERRAMENTAS RENPY\PACOTE WELLS MANAGER CORRIGIDO\bosta\Nephilim-0.6.8-pc\game\chapters\chapter5\script\ch5sc1.rpy
    [OK] C:\Users\user\Desktop\RenPy\____MINHAS FERRAMENTAS RENPY\PACOTE WELLS MANAGER CORRIGIDO\bosta\Nephilim-0.6.8-pc\game\chapters\chapter5\script\ch5sc1.rpyc
    [OK] C:\Users\user\Desktop\RenPy\____MINHAS FERRAMENTAS RENPY\PACOTE WELLS MANAGER CORRIGIDO\bosta\Nephilim-0.6.8-pc\game\chapters\chapter5\script\ch5sc10.rpy
    [OK] C:\Users\user\Desktop\RenPy\____MINHAS FERRAMENTAS RENPY\PACOTE WELLS MANAGER CORRIGIDO\bosta\Nephilim-0.6.8-pc\game\chapters\chapter5\script\ch5sc10.rpyc
    [OK] C:\Users\user\Desktop\RenPy\____MINHAS FERRAMENTAS RENPY\PACOTE WELLS MANAGER CORRIGIDO\bosta\Nephilim-0.6.8-pc\game\chapters\chapter5\script\ch5sc11.rpy
    [OK] C:\Users\user\Desktop\RenPy\____MINHAS FERRAMENTAS RENPY\PACOTE WELLS MANAGER CORRIGIDO\bosta\Nephilim-0.6.8-pc\game\chapters\chapter5\script\ch5sc11.rpyc
    [OK] C:\Users\user\Desktop\RenPy\____MINHAS FERRAMENTAS RENPY\PACOTE WELLS MANAGER CORRIGIDO\bosta\Nephilim-0.6.8-pc\game\chapters\chapter5\script\ch5sc12.rpy
    [OK] C:\Users\user\Desktop\RenPy\____MINHAS FERRAMENTAS RENPY\PACOTE WELLS MANAGER CORRIGIDO\bosta\Nephilim-0.6.8-pc\game\chapters\chapter5\script\ch5sc12.rpyc
    [OK] C:\Users\user\Desktop\RenPy\____MINHAS FERRAMENTAS RENPY\PACOTE WELLS MANAGER CORRIGIDO\bosta\Nephilim-0.6.8-pc\game\chapters\chapter5\script\ch5sc13.rpy
    [OK] C:\Users\user\Desktop\RenPy\____MINHAS FERRAMENTAS RENPY\PACOTE WELLS MANAGER CORRIGIDO\bosta\Nephilim-0.6.8-pc\game\chapters\chapter5\script\ch5sc13.rpyc
    [OK] C:\Users\user\Desktop\RenPy\____MINHAS FERRAMENTAS RENPY\PACOTE WELLS MANAGER CORRIGIDO\bosta\Nephilim-0.6.8-pc\game\chapters\chapter5\script\ch5sc14.rpy
    [OK] C:\Users\user\Desktop\RenPy\____MINHAS FERRAMENTAS RENPY\PACOTE WELLS MANAGER CORRIGIDO\bosta\Nephilim-0.6.8-pc\game\chapters\chapter5\script\ch5sc14.rpyc
    [OK] C:\Users\user\Desktop\RenPy\____MINHAS FERRAMENTAS RENPY\PACOTE WELLS MANAGER CORRIGIDO\bosta\Nephilim-0.6.8-pc\game\chapters\chapter5\script\ch5sc2.rpy
    [OK] C:\Users\user\Desktop\RenPy\____MINHAS FERRAMENTAS RENPY\PACOTE WELLS MANAGER CORRIGIDO\bosta\Nephilim-0.6.8-pc\game\chapters\chapter5\script\ch5sc2.rpyc
    [OK] C:\Users\user\Desktop\RenPy\____MINHAS FERRAMENTAS RENPY\PACOTE WELLS MANAGER CORRIGIDO\bosta\Nephilim-0.6.8-pc\game\chapters\chapter6\ch6sc1.rpy
    [OK] C:\Users\user\Desktop\RenPy\____MINHAS FERRAMENTAS RENPY\PACOTE WELLS MANAGER CORRIGIDO\bosta\Nephilim-0.6.8-pc\game\chapters\chapter6\ch6sc1.rpyc
    [OK] C:\Users\user\Desktop\RenPy\____MINHAS FERRAMENTAS RENPY\PACOTE WELLS MANAGER CORRIGIDO\bosta\Nephilim-0.6.8-pc\game\chapters\chapter6\ch6sc10.rpy
    [OK] C:\Users\user\Desktop\RenPy\____MINHAS FERRAMENTAS RENPY\PACOTE WELLS MANAGER CORRIGIDO\bosta\Nephilim-0.6.8-pc\game\chapters\chapter6\ch6sc10.rpyc
    [OK] C:\Users\user\Desktop\RenPy\____MINHAS FERRAMENTAS RENPY\PACOTE WELLS MANAGER CORRIGIDO\bosta\Nephilim-0.6.8-pc\game\chapters\chapter6\ch6sc2.rpy
    [OK] C:\Users\user\Desktop\RenPy\____MINHAS FERRAMENTAS RENPY\PACOTE WELLS MANAGER CORRIGIDO\bosta\Nephilim-0.6.8-pc\game\chapters\chapter6\ch6sc2.rpyc
    [OK] C:\Users\user\Desktop\RenPy\____MINHAS FERRAMENTAS RENPY\PACOTE WELLS MANAGER CORRIGIDO\bosta\Nephilim-0.6.8-pc\game\chapters\chapter6\ch6sc3.rpy
    [OK] C:\Users\user\Desktop\RenPy\____MINHAS FERRAMENTAS RENPY\PACOTE WELLS MANAGER CORRIGIDO\bosta\Nephilim-0.6.8-pc\game\chapters\chapter6\ch6sc3.rpyc
    [OK] C:\Users\user\Desktop\RenPy\____MINHAS FERRAMENTAS RENPY\PACOTE WELLS MANAGER CORRIGIDO\bosta\Nephilim-0.6.8-pc\game\chapters\chapter6\ch6sc4.rpy
    [OK] C:\Users\user\Desktop\RenPy\____MINHAS FERRAMENTAS RENPY\PACOTE WELLS MANAGER CORRIGIDO\bosta\Nephilim-0.6.8-pc\game\chapters\chapter6\ch6sc4.rpyc
    [OK] C:\Users\user\Desktop\RenPy\____MINHAS FERRAMENTAS RENPY\PACOTE WELLS MANAGER CORRIGIDO\bosta\Nephilim-0.6.8-pc\game\chapters\chapter6\ch6sc5.rpy
    [OK] C:\Users\user\Desktop\RenPy\____MINHAS FERRAMENTAS RENPY\PACOTE WELLS MANAGER CORRIGIDO\bosta\Nephilim-0.6.8-pc\game\chapters\chapter6\ch6sc5.rpyc
    [OK] C:\Users\user\Desktop\RenPy\____MINHAS FERRAMENTAS RENPY\PACOTE WELLS MANAGER CORRIGIDO\bosta\Nephilim-0.6.8-pc\game\chapters\chapter6\ch6sc6.rpy
    [OK] C:\Users\user\Desktop\RenPy\____MINHAS FERRAMENTAS RENPY\PACOTE WELLS MANAGER CORRIGIDO\bosta\Nephilim-0.6.8-pc\game\chapters\chapter6\ch6sc6.rpyc
    [OK] C:\Users\user\Desktop\RenPy\____MINHAS FERRAMENTAS RENPY\PACOTE WELLS MANAGER CORRIGIDO\bosta\Nephilim-0.6.8-pc\game\chapters\chapter6\ch6sc7.rpy
    [OK] C:\Users\user\Desktop\RenPy\____MINHAS FERRAMENTAS RENPY\PACOTE WELLS MANAGER CORRIGIDO\bosta\Nephilim-0.6.8-pc\game\chapters\chapter6\ch6sc7.rpyc
    [OK] C:\Users\user\Desktop\RenPy\____MINHAS FERRAMENTAS RENPY\PACOTE WELLS MANAGER CORRIGIDO\bosta\Nephilim-0.6.8-pc\game\chapters\chapter6\ch6sc8.rpy
    [OK] C:\Users\user\Desktop\RenPy\____MINHAS FERRAMENTAS RENPY\PACOTE WELLS MANAGER CORRIGIDO\bosta\Nephilim-0.6.8-pc\game\chapters\chapter6\ch6sc8.rpyc
    [OK] C:\Users\user\Desktop\RenPy\____MINHAS FERRAMENTAS RENPY\PACOTE WELLS MANAGER CORRIGIDO\bosta\Nephilim-0.6.8-pc\game\chapters\chapter6\ch6sc9.rpy
    [OK] C:\Users\user\Desktop\RenPy\____MINHAS FERRAMENTAS RENPY\PACOTE WELLS MANAGER CORRIGIDO\bosta\Nephilim-0.6.8-pc\game\chapters\chapter6\ch6sc9.rpyc
    [OK] C:\Users\user\Desktop\RenPy\____MINHAS FERRAMENTAS RENPY\PACOTE WELLS MANAGER CORRIGIDO\bosta\Nephilim-0.6.8-pc\game\chapters\chapter7\ch7sc1.rpy
    [OK] C:\Users\user\Desktop\RenPy\____MINHAS FERRAMENTAS RENPY\PACOTE WELLS MANAGER CORRIGIDO\bosta\Nephilim-0.6.8-pc\game\chapters\chapter7\ch7sc1.rpyc
    [OK] C:\Users\user\Desktop\RenPy\____MINHAS FERRAMENTAS RENPY\PACOTE WELLS MANAGER CORRIGIDO\bosta\Nephilim-0.6.8-pc\game\chapters\chapter7\ch7sc2.rpy
    [OK] C:\Users\user\Desktop\RenPy\____MINHAS FERRAMENTAS RENPY\PACOTE WELLS MANAGER CORRIGIDO\bosta\Nephilim-0.6.8-pc\game\chapters\chapter7\ch7sc2.rpyc
    [OK] C:\Users\user\Desktop\RenPy\____MINHAS FERRAMENTAS RENPY\PACOTE WELLS MANAGER CORRIGIDO\bosta\Nephilim-0.6.8-pc\game\chapters\chapter7\ch7sc3.rpy
    [OK] C:\Users\user\Desktop\RenPy\____MINHAS FERRAMENTAS RENPY\PACOTE WELLS MANAGER CORRIGIDO\bosta\Nephilim-0.6.8-pc\game\chapters\chapter7\ch7sc3.rpyc
    [OK] C:\Users\user\Desktop\RenPy\____MINHAS FERRAMENTAS RENPY\PACOTE WELLS MANAGER CORRIGIDO\bosta\Nephilim-0.6.8-pc\game\chapters\chapter7\ch7sc4.rpy
    [OK] C:\Users\user\Desktop\RenPy\____MINHAS FERRAMENTAS RENPY\PACOTE WELLS MANAGER CORRIGIDO\bosta\Nephilim-0.6.8-pc\game\chapters\chapter7\ch7sc4.rpyc
    [OK] C:\Users\user\Desktop\RenPy\____MINHAS FERRAMENTAS RENPY\PACOTE WELLS MANAGER CORRIGIDO\bosta\Nephilim-0.6.8-pc\game\chapters\chapter7\ch7sc5.rpy
    [OK] C:\Users\user\Desktop\RenPy\____MINHAS FERRAMENTAS RENPY\PACOTE WELLS MANAGER CORRIGIDO\bosta\Nephilim-0.6.8-pc\game\chapters\chapter7\ch7sc5.rpyc
    [OK] C:\Users\user\Desktop\RenPy\____MINHAS FERRAMENTAS RENPY\PACOTE WELLS MANAGER CORRIGIDO\bosta\Nephilim-0.6.8-pc\game\chapters\chapter7\ch7sc6.rpy
    [OK] C:\Users\user\Desktop\RenPy\____MINHAS FERRAMENTAS RENPY\PACOTE WELLS MANAGER CORRIGIDO\bosta\Nephilim-0.6.8-pc\game\chapters\chapter7\ch7sc6.rpyc
    [OK] C:\Users\user\Desktop\RenPy\____MINHAS FERRAMENTAS RENPY\PACOTE WELLS MANAGER CORRIGIDO\bosta\Nephilim-0.6.8-pc\game\chapters\chapter7\ch7sc7.rpy
    [OK] C:\Users\user\Desktop\RenPy\____MINHAS FERRAMENTAS RENPY\PACOTE WELLS MANAGER CORRIGIDO\bosta\Nephilim-0.6.8-pc\game\chapters\chapter7\ch7sc7.rpyc
    [OK] C:\Users\user\Desktop\RenPy\____MINHAS FERRAMENTAS RENPY\PACOTE WELLS MANAGER CORRIGIDO\bosta\Nephilim-0.6.8-pc\game\chapters\chapter7\ch7sc8.rpy
    [OK] C:\Users\user\Desktop\RenPy\____MINHAS FERRAMENTAS RENPY\PACOTE WELLS MANAGER CORRIGIDO\bosta\Nephilim-0.6.8-pc\game\chapters\chapter7\ch7sc8.rpyc
    [OK] C:\Users\user\Desktop\RenPy\____MINHAS FERRAMENTAS RENPY\PACOTE WELLS MANAGER CORRIGIDO\bosta\Nephilim-0.6.8-pc\game\chapters\chapter7\ch7sc9.rpy
    [OK] C:\Users\user\Desktop\RenPy\____MINHAS FERRAMENTAS RENPY\PACOTE WELLS MANAGER CORRIGIDO\bosta\Nephilim-0.6.8-pc\game\chapters\chapter7\ch7sc9.rpyc

EXTRAÇÃO COMPLETA!: 224, arquivos processados: 1, erros: 0
Pasta TL: C:/Users/user/Desktop/RenPy/____MINHAS FERRAMENTAS RENPY/PACOTE WELLS MANAGER CORRIGIDO/bosta/Nephilim-0.6.8-pc
[OK] Extração TXT completa: 1210 registros.
[OK] Arquivos: C:\Users\user\Desktop\RenPy\____MINHAS FERRAMENTAS RENPY\PACOTE WELLS MANAGER CORRIGIDO\Wells_Manager_TELA_CORRIGIDA\old.txt
[OK] Arquivos: C:\Users\user\Desktop\RenPy\____MINHAS FERRAMENTAS RENPY\PACOTE WELLS MANAGER CORRIGIDO\Wells_Manager_TELA_CORRIGIDA\new.txt
Pasta TL: C:/Users/user/Desktop/RenPy/____MINHAS FERRAMENTAS RENPY/PACOTE WELLS MANAGER CORRIGIDO/bosta/Nephilim-0.6.8-pc
[OK] Injeção concluída: 1210 registros (TXT completo).
Pasta TL: C:/Users/user/Desktop/RenPy/____MINHAS FERRAMENTAS RENPY/PACOTE WELLS MANAGER CORRIGIDO/bosta/Nephilim-0.6.8-pc
[OK] Extração TXT em blocos: 1210 registros / 1 blocos.
Pasta TL: C:/Users/user/Desktop/RenPy/____MINHAS FERRAMENTAS RENPY/PACOTE WELLS MANAGER CORRIGIDO/bosta/Nephilim-0.6.8-pc
[OK] Injeção concluída: 1210 registros (TXT em blocos).
Pasta TL: C:/Users/user/Desktop/RenPy/____MINHAS FERRAMENTAS RENPY/PACOTE WELLS MANAGER CORRIGIDO/bosta/Nephilim-0.6.8-pc
[OK] Extração TXT em blocos: 1210 registros / 1 blocos.
Pasta TL: C:/Users/user/Desktop/RenPy/____MINHAS FERRAMENTAS RENPY/PACOTE WELLS MANAGER CORRIGIDO/bosta/Nephilim-0.6.8-pc
[OK] Injeção concluída: 1210 registros (TXT em blocos).
Pasta TL: C:/Users/user/Desktop/RenPy/____MINHAS FERRAMENTAS RENPY/PACOTE WELLS MANAGER CORRIGIDO/bosta/Nephilim-0.6.8-pc/game/tl/brazil
[OK] Extração TXT em blocos: 1210 registros / 1 blocos.
Pasta TL: C:/Users/user/Desktop/RenPy/____MINHAS FERRAMENTAS RENPY/PACOTE WELLS MANAGER CORRIGIDO/bosta/Nephilim-0.6.8-pc/game/tl/brazil
[OK] Injeção concluída: 1210 registros (TXT em blocos).
Pasta TL: C:/Users/user/Desktop/RenPy/____MINHAS FERRAMENTAS RENPY/PACOTE WELLS MANAGER CORRIGIDO/bosta/Nephilim-0.6.8-pc/game
[OK] Extração DOCX completa: 1210 registros.
[OK] Arquivos: C:\Users\user\Desktop\RenPy\____MINHAS FERRAMENTAS RENPY\PACOTE WELLS MANAGER CORRIGIDO\Wells_Manager_TELA_CORRIGIDA\old.docx
[OK] Arquivos: C:\Users\user\Desktop\RenPy\____MINHAS FERRAMENTAS RENPY\PACOTE WELLS MANAGER CORRIGIDO\Wells_Manager_TELA_CORRIGIDA\new.docx
Pasta TL: C:/Users/user/Desktop/RenPy/____MINHAS FERRAMENTAS RENPY/PACOTE WELLS MANAGER CORRIGIDO/bosta/Nephilim-0.6.8-pc/game
[OK] Injeção concluída: 1210 registros (DOCX completo).
Pasta TL: C:/Users/user/Desktop/RenPy/____MINHAS FERRAMENTAS RENPY/PACOTE WELLS MANAGER CORRIGIDO/bosta/Nephilim-0.6.8-pc
[OK] Extração DOCX em blocos: 1210 registros / 1 blocos.
Pasta TL: C:/Users/user/Desktop/RenPy/____MINHAS FERRAMENTAS RENPY/PACOTE WELLS MANAGER CORRIGIDO/bosta/Nephilim-0.6.8-pc
[ERRO] Não encontrei old.docx/new.docx nem blocos DOCX numerados ao lado do programa.
Wells Manager iniciado.

============================================================
05/10/2026 - 17:24:38
OPERAÇÃO: COPIAR PROJETO
============================================================
Origem: C:\Users\user\Desktop\RenPy\amfa_episode018_v043-0.43-pc\game
Destino: C:\Users\user\Desktop\RenPy\____MINHAS FERRAMENTAS RENPY\PACOTE WELLS MANAGER CORRIGIDO\bosta\amfa_episode018_v043-0.43-pc\game
[OK] C:\Users\user\Desktop\RenPy\amfa_episode018_v043-0.43-pc\game\script_version.txt
[OK] C:\Users\user\Desktop\RenPy\amfa_episode018_v043-0.43-pc\game\cache\shaders.txt
[OK] C:\Users\user\Desktop\RenPy\amfa_episode018_v043-0.43-pc\game\wells\wells_choices.rpy
[OK] C:\Users\user\Desktop\RenPy\amfa_episode018_v043-0.43-pc\game\wells\wells_choices.rpyc
[OK] C:\Users\user\Desktop\RenPy\amfa_episode018_v043-0.43-pc\game\wells\wells_menu.rpy
[OK] C:\Users\user\Desktop\RenPy\amfa_episode018_v043-0.43-pc\game\wells\wells_menu.rpyc
[OK] C:\Users\user\Desktop\RenPy\amfa_episode018_v043-0.43-pc\game\wells\wells_performance.rpy
[OK] C:\Users\user\Desktop\RenPy\amfa_episode018_v043-0.43-pc\game\wells\wells_performance.rpyc
[OK] C:\Users\user\Desktop\RenPy\amfa_episode018_v043-0.43-pc\game\wells\wells_quickmenu.rpy
[OK] C:\Users\user\Desktop\RenPy\amfa_episode018_v043-0.43-pc\game\wells\wells_quickmenu.rpyc
[OK] C:\Users\user\Desktop\RenPy\amfa_episode018_v043-0.43-pc\game\wells\wells_saveload.rpy
[OK] C:\Users\user\Desktop\RenPy\amfa_episode018_v043-0.43-pc\game\wells\wells_saveload.rpyc
[OK] C:\Users\user\Desktop\RenPy\amfa_episode018_v043-0.43-pc\game\wells\wells_screens.rpy
[OK] C:\Users\user\Desktop\RenPy\amfa_episode018_v043-0.43-pc\game\wells\wells_screens.rpyc
[OK] C:\Users\user\Desktop\RenPy\amfa_episode018_v043-0.43-pc\game\wells\wells_screen_control.rpy
[OK] C:\Users\user\Desktop\RenPy\amfa_episode018_v043-0.43-pc\game\wells\wells_screen_control.rpyc
[OK] C:\Users\user\Desktop\RenPy\amfa_episode018_v043-0.43-pc\game\wells\wells_settings.rpy
[OK] C:\Users\user\Desktop\RenPy\amfa_episode018_v043-0.43-pc\game\wells\wells_settings.rpyc
[OK] C:\Users\user\Desktop\RenPy\amfa_episode018_v043-0.43-pc\game\wells\wells_styles.rpy
[OK] C:\Users\user\Desktop\RenPy\amfa_episode018_v043-0.43-pc\game\wells\wells_styles.rpyc
[OK] C:\Users\user\Desktop\RenPy\amfa_episode018_v043-0.43-pc\game\wells\wells_translate_selector.rpy
[OK] C:\Users\user\Desktop\RenPy\amfa_episode018_v043-0.43-pc\game\wells\wells_translate_selector.rpyc
[OK] C:\Users\user\Desktop\RenPy\amfa_episode018_v043-0.43-pc\game\wells\wells_Walkthrough.rpy
[OK] C:\Users\user\Desktop\RenPy\amfa_episode018_v043-0.43-pc\game\wells\wells_Walkthrough.rpyc
[OK] C:\Users\user\Desktop\RenPy\amfa_episode018_v043-0.43-pc\game\wells\wells_wt_screen.rpy
[OK] C:\Users\user\Desktop\RenPy\amfa_episode018_v043-0.43-pc\game\wells\wells_wt_screen.rpyc
[OK] C:\Users\user\Desktop\RenPy\amfa_episode018_v043-0.43-pc\game\wells\_wells_intro.rpy
[OK] C:\Users\user\Desktop\RenPy\amfa_episode018_v043-0.43-pc\game\wells\_wells_intro.rpyc
[OK] C:\Users\user\Desktop\RenPy\amfa_episode018_v043-0.43-pc\game\scripts\core\animations.rpy
[OK] C:\Users\user\Desktop\RenPy\amfa_episode018_v043-0.43-pc\game\scripts\core\animations.rpyc
[OK] C:\Users\user\Desktop\RenPy\amfa_episode018_v043-0.43-pc\game\scripts\core\definitions_text.rpy
[OK] C:\Users\user\Desktop\RenPy\amfa_episode018_v043-0.43-pc\game\scripts\core\definitions_text.rpyc
[OK] C:\Users\user\Desktop\RenPy\amfa_episode018_v043-0.43-pc\game\scripts\core\gui.rpy
[OK] C:\Users\user\Desktop\RenPy\amfa_episode018_v043-0.43-pc\game\scripts\core\gui.rpyc
[OK] C:\Users\user\Desktop\RenPy\amfa_episode018_v043-0.43-pc\game\scripts\core\music_credits.rpy
[OK] C:\Users\user\Desktop\RenPy\amfa_episode018_v043-0.43-pc\game\scripts\core\music_credits.rpyc
[OK] C:\Users\user\Desktop\RenPy\amfa_episode018_v043-0.43-pc\game\scripts\core\options.rpy
[OK] C:\Users\user\Desktop\RenPy\amfa_episode018_v043-0.43-pc\game\scripts\core\options.rpyc
[OK] C:\Users\user\Desktop\RenPy\amfa_episode018_v043-0.43-pc\game\scripts\core\relationship_status.rpy
[OK] C:\Users\user\Desktop\RenPy\amfa_episode018_v043-0.43-pc\game\scripts\core\relationship_status.rpyc
[OK] C:\Users\user\Desktop\RenPy\amfa_episode018_v043-0.43-pc\game\scripts\core\screens.rpy
[OK] C:\Users\user\Desktop\RenPy\amfa_episode018_v043-0.43-pc\game\scripts\core\screens.rpyc
[OK] C:\Users\user\Desktop\RenPy\amfa_episode018_v043-0.43-pc\game\scripts\core\script.rpy
[OK] C:\Users\user\Desktop\RenPy\amfa_episode018_v043-0.43-pc\game\scripts\core\script.rpyc
[OK] C:\Users\user\Desktop\RenPy\amfa_episode018_v043-0.43-pc\game\scripts\episode000\intro001.rpy
[OK] C:\Users\user\Desktop\RenPy\amfa_episode018_v043-0.43-pc\game\scripts\episode000\intro001.rpyc
[OK] C:\Users\user\Desktop\RenPy\amfa_episode018_v043-0.43-pc\game\scripts\episode000\prologue.rpy
[OK] C:\Users\user\Desktop\RenPy\amfa_episode018_v043-0.43-pc\game\scripts\episode000\prologue.rpyc
[OK] C:\Users\user\Desktop\RenPy\amfa_episode018_v043-0.43-pc\game\scripts\episode001\e01_000_stats_tutorial.rpy
[OK] C:\Users\user\Desktop\RenPy\amfa_episode018_v043-0.43-pc\game\scripts\episode001\e01_000_stats_tutorial.rpyc
[OK] C:\Users\user\Desktop\RenPy\amfa_episode018_v043-0.43-pc\game\scripts\episode001\e01_001.rpy
[OK] C:\Users\user\Desktop\RenPy\amfa_episode018_v043-0.43-pc\game\scripts\episode001\e01_001.rpyc
[OK] C:\Users\user\Desktop\RenPy\amfa_episode018_v043-0.43-pc\game\scripts\episode001\e01_002.rpy
[OK] C:\Users\user\Desktop\RenPy\amfa_episode018_v043-0.43-pc\game\scripts\episode001\e01_002.rpyc
[OK] C:\Users\user\Desktop\RenPy\amfa_episode018_v043-0.43-pc\game\scripts\episode001\e01_003.rpy
[OK] C:\Users\user\Desktop\RenPy\amfa_episode018_v043-0.43-pc\game\scripts\episode001\e01_003.rpyc
[OK] C:\Users\user\Desktop\RenPy\amfa_episode018_v043-0.43-pc\game\scripts\episode001\e01_004.rpy
[OK] C:\Users\user\Desktop\RenPy\amfa_episode018_v043-0.43-pc\game\scripts\episode001\e01_004.rpyc
[OK] C:\Users\user\Desktop\RenPy\amfa_episode018_v043-0.43-pc\game\scripts\episode001\e01_005.rpy
[OK] C:\Users\user\Desktop\RenPy\amfa_episode018_v043-0.43-pc\game\scripts\episode001\e01_005.rpyc
[OK] C:\Users\user\Desktop\RenPy\amfa_episode018_v043-0.43-pc\game\scripts\episode001\e01_006.rpy
[OK] C:\Users\user\Desktop\RenPy\amfa_episode018_v043-0.43-pc\game\scripts\episode001\e01_006.rpyc
[OK] C:\Users\user\Desktop\RenPy\amfa_episode018_v043-0.43-pc\game\scripts\episode001\e01_007.rpy
[OK] C:\Users\user\Desktop\RenPy\amfa_episode018_v043-0.43-pc\game\scripts\episode001\e01_007.rpyc
[OK] C:\Users\user\Desktop\RenPy\amfa_episode018_v043-0.43-pc\game\scripts\episode001\e01_008.rpy
[OK] C:\Users\user\Desktop\RenPy\amfa_episode018_v043-0.43-pc\game\scripts\episode001\e01_008.rpyc
[OK] C:\Users\user\Desktop\RenPy\amfa_episode018_v043-0.43-pc\game\scripts\episode001\e01_009.rpy
[OK] C:\Users\user\Desktop\RenPy\amfa_episode018_v043-0.43-pc\game\scripts\episode001\e01_009.rpyc
[OK] C:\Users\user\Desktop\RenPy\amfa_episode018_v043-0.43-pc\game\scripts\episode001\e01_010.rpy
[OK] C:\Users\user\Desktop\RenPy\amfa_episode018_v043-0.43-pc\game\scripts\episode001\e01_010.rpyc
[OK] C:\Users\user\Desktop\RenPy\amfa_episode018_v043-0.43-pc\game\scripts\episode001\e01_011.rpy
[OK] C:\Users\user\Desktop\RenPy\amfa_episode018_v043-0.43-pc\game\scripts\episode001\e01_011.rpyc
[OK] C:\Users\user\Desktop\RenPy\amfa_episode018_v043-0.43-pc\game\scripts\episode001\e01_012.rpy
[OK] C:\Users\user\Desktop\RenPy\amfa_episode018_v043-0.43-pc\game\scripts\episode001\e01_012.rpyc
[OK] C:\Users\user\Desktop\RenPy\amfa_episode018_v043-0.43-pc\game\scripts\episode001\e01_013.rpy
[OK] C:\Users\user\Desktop\RenPy\amfa_episode018_v043-0.43-pc\game\scripts\episode001\e01_013.rpyc
[OK] C:\Users\user\Desktop\RenPy\amfa_episode018_v043-0.43-pc\game\scripts\episode001\e01_014.rpy
[OK] C:\Users\user\Desktop\RenPy\amfa_episode018_v043-0.43-pc\game\scripts\episode001\e01_014.rpyc
[OK] C:\Users\user\Desktop\RenPy\amfa_episode018_v043-0.43-pc\game\scripts\episode001\e01_015.rpy
[OK] C:\Users\user\Desktop\RenPy\amfa_episode018_v043-0.43-pc\game\scripts\episode001\e01_015.rpyc
[OK] C:\Users\user\Desktop\RenPy\amfa_episode018_v043-0.43-pc\game\scripts\episode001\e01_016.rpy
[OK] C:\Users\user\Desktop\RenPy\amfa_episode018_v043-0.43-pc\game\scripts\episode001\e01_016.rpyc
[OK] C:\Users\user\Desktop\RenPy\amfa_episode018_v043-0.43-pc\game\scripts\episode002\e02_001.rpy
[OK] C:\Users\user\Desktop\RenPy\amfa_episode018_v043-0.43-pc\game\scripts\episode002\e02_001.rpyc
[OK] C:\Users\user\Desktop\RenPy\amfa_episode018_v043-0.43-pc\game\scripts\episode002\e02_002.rpy
[OK] C:\Users\user\Desktop\RenPy\amfa_episode018_v043-0.43-pc\game\scripts\episode002\e02_002.rpyc
[OK] C:\Users\user\Desktop\RenPy\amfa_episode018_v043-0.43-pc\game\scripts\episode002\e02_003.rpy
[OK] C:\Users\user\Desktop\RenPy\amfa_episode018_v043-0.43-pc\game\scripts\episode002\e02_003.rpyc
[OK] C:\Users\user\Desktop\RenPy\amfa_episode018_v043-0.43-pc\game\scripts\episode002\e02_004.rpy
[OK] C:\Users\user\Desktop\RenPy\amfa_episode018_v043-0.43-pc\game\scripts\episode002\e02_004.rpyc
[OK] C:\Users\user\Desktop\RenPy\amfa_episode018_v043-0.43-pc\game\scripts\episode002\e02_005.rpy
[OK] C:\Users\user\Desktop\RenPy\amfa_episode018_v043-0.43-pc\game\scripts\episode002\e02_005.rpyc
[OK] C:\Users\user\Desktop\RenPy\amfa_episode018_v043-0.43-pc\game\scripts\episode002\e02_006.rpy
[OK] C:\Users\user\Desktop\RenPy\amfa_episode018_v043-0.43-pc\game\scripts\episode002\e02_006.rpyc
[OK] C:\Users\user\Desktop\RenPy\amfa_episode018_v043-0.43-pc\game\scripts\episode002\e02_007.rpy
[OK] C:\Users\user\Desktop\RenPy\amfa_episode018_v043-0.43-pc\game\scripts\episode002\e02_007.rpyc
[OK] C:\Users\user\Desktop\RenPy\amfa_episode018_v043-0.43-pc\game\scripts\episode002\e02_008.rpy
[OK] C:\Users\user\Desktop\RenPy\amfa_episode018_v043-0.43-pc\game\scripts\episode002\e02_008.rpyc
[OK] C:\Users\user\Desktop\RenPy\amfa_episode018_v043-0.43-pc\game\scripts\episode002\e02_009.rpy
[OK] C:\Users\user\Desktop\RenPy\amfa_episode018_v043-0.43-pc\game\scripts\episode002\e02_009.rpyc
[OK] C:\Users\user\Desktop\RenPy\amfa_episode018_v043-0.43-pc\game\scripts\episode002\e02_010.rpy
[OK] C:\Users\user\Desktop\RenPy\amfa_episode018_v043-0.43-pc\game\scripts\episode002\e02_010.rpyc
[OK] C:\Users\user\Desktop\RenPy\amfa_episode018_v043-0.43-pc\game\scripts\episode002\e02_011.rpy
[OK] C:\Users\user\Desktop\RenPy\amfa_episode018_v043-0.43-pc\game\scripts\episode002\e02_011.rpyc
[OK] C:\Users\user\Desktop\RenPy\amfa_episode018_v043-0.43-pc\game\scripts\episode002\e02_012.rpy
[OK] C:\Users\user\Desktop\RenPy\amfa_episode018_v043-0.43-pc\game\scripts\episode002\e02_012.rpyc
[OK] C:\Users\user\Desktop\RenPy\amfa_episode018_v043-0.43-pc\game\scripts\episode002\e02_013.rpy
[OK] C:\Users\user\Desktop\RenPy\amfa_episode018_v043-0.43-pc\game\scripts\episode002\e02_013.rpyc
[OK] C:\Users\user\Desktop\RenPy\amfa_episode018_v043-0.43-pc\game\scripts\episode002\e02_014.rpy
[OK] C:\Users\user\Desktop\RenPy\amfa_episode018_v043-0.43-pc\game\scripts\episode002\e02_014.rpyc
[OK] C:\Users\user\Desktop\RenPy\amfa_episode018_v043-0.43-pc\game\scripts\episode002\e02_015.rpy
[OK] C:\Users\user\Desktop\RenPy\amfa_episode018_v043-0.43-pc\game\scripts\episode002\e02_015.rpyc
[OK] C:\Users\user\Desktop\RenPy\amfa_episode018_v043-0.43-pc\game\scripts\episode002\e02_016.rpy
[OK] C:\Users\user\Desktop\RenPy\amfa_episode018_v043-0.43-pc\game\scripts\episode002\e02_016.rpyc
[OK] C:\Users\user\Desktop\RenPy\amfa_episode018_v043-0.43-pc\game\scripts\episode002\e02_017.rpy
[OK] C:\Users\user\Desktop\RenPy\amfa_episode018_v043-0.43-pc\game\scripts\episode002\e02_017.rpyc
[OK] C:\Users\user\Desktop\RenPy\amfa_episode018_v043-0.43-pc\game\scripts\episode002\e02_018.rpy
[OK] C:\Users\user\Desktop\RenPy\amfa_episode018_v043-0.43-pc\game\scripts\episode002\e02_018.rpyc
[OK] C:\Users\user\Desktop\RenPy\amfa_episode018_v043-0.43-pc\game\scripts\episode002\e02_019.rpy
[OK] C:\Users\user\Desktop\RenPy\amfa_episode018_v043-0.43-pc\game\scripts\episode002\e02_019.rpyc
[OK] C:\Users\user\Desktop\RenPy\amfa_episode018_v043-0.43-pc\game\scripts\episode002\e02_020.rpy
[OK] C:\Users\user\Desktop\RenPy\amfa_episode018_v043-0.43-pc\game\scripts\episode002\e02_020.rpyc
[OK] C:\Users\user\Desktop\RenPy\amfa_episode018_v043-0.43-pc\game\scripts\episode002\e02_021.rpy
[OK] C:\Users\user\Desktop\RenPy\amfa_episode018_v043-0.43-pc\game\scripts\episode002\e02_021.rpyc
[OK] C:\Users\user\Desktop\RenPy\amfa_episode018_v043-0.43-pc\game\scripts\episode002\e02_022.rpy
[OK] C:\Users\user\Desktop\RenPy\amfa_episode018_v043-0.43-pc\game\scripts\episode002\e02_022.rpyc
[OK] C:\Users\user\Desktop\RenPy\amfa_episode018_v043-0.43-pc\game\scripts\episode004\e04_000.rpy
[OK] C:\Users\user\Desktop\RenPy\amfa_episode018_v043-0.43-pc\game\scripts\episode004\e04_000.rpyc
[OK] C:\Users\user\Desktop\RenPy\amfa_episode018_v043-0.43-pc\game\scripts\episode004\e04_001.rpy
[OK] C:\Users\user\Desktop\RenPy\amfa_episode018_v043-0.43-pc\game\scripts\episode004\e04_001.rpyc
[OK] C:\Users\user\Desktop\RenPy\amfa_episode018_v043-0.43-pc\game\scripts\episode004\e04_002.rpy
[OK] C:\Users\user\Desktop\RenPy\amfa_episode018_v043-0.43-pc\game\scripts\episode004\e04_002.rpyc
[OK] C:\Users\user\Desktop\RenPy\amfa_episode018_v043-0.43-pc\game\scripts\episode004\e04_003.rpy
[OK] C:\Users\user\Desktop\RenPy\amfa_episode018_v043-0.43-pc\game\scripts\episode004\e04_003.rpyc
[OK] C:\Users\user\Desktop\RenPy\amfa_episode018_v043-0.43-pc\game\scripts\episode004\e04_004.rpy
[OK] C:\Users\user\Desktop\RenPy\amfa_episode018_v043-0.43-pc\game\scripts\episode004\e04_004.rpyc
[OK] C:\Users\user\Desktop\RenPy\amfa_episode018_v043-0.43-pc\game\scripts\episode004\e04_005.rpy
[OK] C:\Users\user\Desktop\RenPy\amfa_episode018_v043-0.43-pc\game\scripts\episode004\e04_005.rpyc
[OK] C:\Users\user\Desktop\RenPy\amfa_episode018_v043-0.43-pc\game\scripts\episode004\e04_006.rpy
[OK] C:\Users\user\Desktop\RenPy\amfa_episode018_v043-0.43-pc\game\scripts\episode004\e04_006.rpyc
[OK] C:\Users\user\Desktop\RenPy\amfa_episode018_v043-0.43-pc\game\scripts\episode004\e04_007.rpy
[OK] C:\Users\user\Desktop\RenPy\amfa_episode018_v043-0.43-pc\game\scripts\episode004\e04_007.rpyc
[OK] C:\Users\user\Desktop\RenPy\amfa_episode018_v043-0.43-pc\game\scripts\episode004\e04_008.rpy
[OK] C:\Users\user\Desktop\RenPy\amfa_episode018_v043-0.43-pc\game\scripts\episode004\e04_008.rpyc
[OK] C:\Users\user\Desktop\RenPy\amfa_episode018_v043-0.43-pc\game\scripts\episode004\e04_009.rpy
[OK] C:\Users\user\Desktop\RenPy\amfa_episode018_v043-0.43-pc\game\scripts\episode004\e04_009.rpyc
[OK] C:\Users\user\Desktop\RenPy\amfa_episode018_v043-0.43-pc\game\scripts\episode004\e04_010.rpy
[OK] C:\Users\user\Desktop\RenPy\amfa_episode018_v043-0.43-pc\game\scripts\episode004\e04_010.rpyc
[OK] C:\Users\user\Desktop\RenPy\amfa_episode018_v043-0.43-pc\game\scripts\episode004\e04_011.rpy
[OK] C:\Users\user\Desktop\RenPy\amfa_episode018_v043-0.43-pc\game\scripts\episode004\e04_011.rpyc
[OK] C:\Users\user\Desktop\RenPy\amfa_episode018_v043-0.43-pc\game\scripts\episode004\e04_012.rpy
[OK] C:\Users\user\Desktop\RenPy\amfa_episode018_v043-0.43-pc\game\scripts\episode004\e04_012.rpyc
[OK] C:\Users\user\Desktop\RenPy\amfa_episode018_v043-0.43-pc\game\scripts\episode004\e04_013.rpy
[OK] C:\Users\user\Desktop\RenPy\amfa_episode018_v043-0.43-pc\game\scripts\episode004\e04_013.rpyc
[OK] C:\Users\user\Desktop\RenPy\amfa_episode018_v043-0.43-pc\game\scripts\episode004\e04_014.rpy
[OK] C:\Users\user\Desktop\RenPy\amfa_episode018_v043-0.43-pc\game\scripts\episode004\e04_014.rpyc
[OK] C:\Users\user\Desktop\RenPy\amfa_episode018_v043-0.43-pc\game\scripts\episode004\e04_015.rpy
[OK] C:\Users\user\Desktop\RenPy\amfa_episode018_v043-0.43-pc\game\scripts\episode004\e04_015.rpyc
[OK] C:\Users\user\Desktop\RenPy\amfa_episode018_v043-0.43-pc\game\scripts\episode004\e04_016.rpy
[OK] C:\Users\user\Desktop\RenPy\amfa_episode018_v043-0.43-pc\game\scripts\episode004\e04_016.rpyc
[OK] C:\Users\user\Desktop\RenPy\amfa_episode018_v043-0.43-pc\game\scripts\episode004\e04_017.rpy
[OK] C:\Users\user\Desktop\RenPy\amfa_episode018_v043-0.43-pc\game\scripts\episode004\e04_017.rpyc
[OK] C:\Users\user\Desktop\RenPy\amfa_episode018_v043-0.43-pc\game\scripts\episode004\e04_018.rpy
[OK] C:\Users\user\Desktop\RenPy\amfa_episode018_v043-0.43-pc\game\scripts\episode004\e04_018.rpyc
[OK] C:\Users\user\Desktop\RenPy\amfa_episode018_v043-0.43-pc\game\scripts\episode004\e04_019.rpy
[OK] C:\Users\user\Desktop\RenPy\amfa_episode018_v043-0.43-pc\game\scripts\episode004\e04_019.rpyc
[OK] C:\Users\user\Desktop\RenPy\amfa_episode018_v043-0.43-pc\game\scripts\episode004\e04_020.rpy
[OK] C:\Users\user\Desktop\RenPy\amfa_episode018_v043-0.43-pc\game\scripts\episode004\e04_020.rpyc
[OK] C:\Users\user\Desktop\RenPy\amfa_episode018_v043-0.43-pc\game\scripts\episode004\e04_021.rpy
[OK] C:\Users\user\Desktop\RenPy\amfa_episode018_v043-0.43-pc\game\scripts\episode004\e04_021.rpyc
[OK] C:\Users\user\Desktop\RenPy\amfa_episode018_v043-0.43-pc\game\scripts\episode004\e04_022.rpy
[OK] C:\Users\user\Desktop\RenPy\amfa_episode018_v043-0.43-pc\game\scripts\episode004\e04_022.rpyc
[OK] C:\Users\user\Desktop\RenPy\amfa_episode018_v043-0.43-pc\game\scripts\episode004\e04_023.rpy
[OK] C:\Users\user\Desktop\RenPy\amfa_episode018_v043-0.43-pc\game\scripts\episode004\e04_023.rpyc
[OK] C:\Users\user\Desktop\RenPy\amfa_episode018_v043-0.43-pc\game\scripts\episode005\e05_000.rpy
[OK] C:\Users\user\Desktop\RenPy\amfa_episode018_v043-0.43-pc\game\scripts\episode005\e05_000.rpyc
[OK] C:\Users\user\Desktop\RenPy\amfa_episode018_v043-0.43-pc\game\scripts\episode005\e05_001.rpy
[OK] C:\Users\user\Desktop\RenPy\amfa_episode018_v043-0.43-pc\game\scripts\episode005\e05_001.rpyc
[OK] C:\Users\user\Desktop\RenPy\amfa_episode018_v043-0.43-pc\game\scripts\episode005\e05_002.rpy
[OK] C:\Users\user\Desktop\RenPy\amfa_episode018_v043-0.43-pc\game\scripts\episode005\e05_002.rpyc
[OK] C:\Users\user\Desktop\RenPy\amfa_episode018_v043-0.43-pc\game\scripts\episode005\e05_003.rpy
[OK] C:\Users\user\Desktop\RenPy\amfa_episode018_v043-0.43-pc\game\scripts\episode005\e05_003.rpyc
[OK] C:\Users\user\Desktop\RenPy\amfa_episode018_v043-0.43-pc\game\scripts\episode005\e05_004.rpy
[OK] C:\Users\user\Desktop\RenPy\amfa_episode018_v043-0.43-pc\game\scripts\episode005\e05_004.rpyc
[OK] C:\Users\user\Desktop\RenPy\amfa_episode018_v043-0.43-pc\game\scripts\episode005\e05_005.rpy
[OK] C:\Users\user\Desktop\RenPy\amfa_episode018_v043-0.43-pc\game\scripts\episode005\e05_005.rpyc
[OK] C:\Users\user\Desktop\RenPy\amfa_episode018_v043-0.43-pc\game\scripts\episode005\e05_006.rpy
[OK] C:\Users\user\Desktop\RenPy\amfa_episode018_v043-0.43-pc\game\scripts\episode005\e05_006.rpyc
[OK] C:\Users\user\Desktop\RenPy\amfa_episode018_v043-0.43-pc\game\scripts\episode005\e05_007.rpy
[OK] C:\Users\user\Desktop\RenPy\amfa_episode018_v043-0.43-pc\game\scripts\episode005\e05_007.rpyc
[OK] C:\Users\user\Desktop\RenPy\amfa_episode018_v043-0.43-pc\game\scripts\episode005\e05_008.rpy
[OK] C:\Users\user\Desktop\RenPy\amfa_episode018_v043-0.43-pc\game\scripts\episode005\e05_008.rpyc
[OK] C:\Users\user\Desktop\RenPy\amfa_episode018_v043-0.43-pc\game\scripts\episode005\e05_009.rpy
[OK] C:\Users\user\Desktop\RenPy\amfa_episode018_v043-0.43-pc\game\scripts\episode005\e05_009.rpyc
[OK] C:\Users\user\Desktop\RenPy\amfa_episode018_v043-0.43-pc\game\scripts\episode005\e05_010.rpy
[OK] C:\Users\user\Desktop\RenPy\amfa_episode018_v043-0.43-pc\game\scripts\episode005\e05_010.rpyc
[OK] C:\Users\user\Desktop\RenPy\amfa_episode018_v043-0.43-pc\game\scripts\episode005\e05_011.rpy
[OK] C:\Users\user\Desktop\RenPy\amfa_episode018_v043-0.43-pc\game\scripts\episode005\e05_011.rpyc
[OK] C:\Users\user\Desktop\RenPy\amfa_episode018_v043-0.43-pc\game\scripts\episode005\e05_012.rpy
[OK] C:\Users\user\Desktop\RenPy\amfa_episode018_v043-0.43-pc\game\scripts\episode005\e05_012.rpyc
[OK] C:\Users\user\Desktop\RenPy\amfa_episode018_v043-0.43-pc\game\scripts\episode005\e05_013.rpy
[OK] C:\Users\user\Desktop\RenPy\amfa_episode018_v043-0.43-pc\game\scripts\episode005\e05_013.rpyc
[OK] C:\Users\user\Desktop\RenPy\amfa_episode018_v043-0.43-pc\game\scripts\episode005\e05_014.rpy
[OK] C:\Users\user\Desktop\RenPy\amfa_episode018_v043-0.43-pc\game\scripts\episode005\e05_014.rpyc
[OK] C:\Users\user\Desktop\RenPy\amfa_episode018_v043-0.43-pc\game\scripts\episode005\e05_015.rpy
[OK] C:\Users\user\Desktop\RenPy\amfa_episode018_v043-0.43-pc\game\scripts\episode005\e05_015.rpyc
[OK] C:\Users\user\Desktop\RenPy\amfa_episode018_v043-0.43-pc\game\scripts\episode005\e05_016.rpy
[OK] C:\Users\user\Desktop\RenPy\amfa_episode018_v043-0.43-pc\game\scripts\episode005\e05_016.rpyc
[OK] C:\Users\user\Desktop\RenPy\amfa_episode018_v043-0.43-pc\game\scripts\episode005\e05_017.rpy
[OK] C:\Users\user\Desktop\RenPy\amfa_episode018_v043-0.43-pc\game\scripts\episode005\e05_017.rpyc
[OK] C:\Users\user\Desktop\RenPy\amfa_episode018_v043-0.43-pc\game\scripts\episode005\e05_018.rpy
[OK] C:\Users\user\Desktop\RenPy\amfa_episode018_v043-0.43-pc\game\scripts\episode005\e05_018.rpyc
[OK] C:\Users\user\Desktop\RenPy\amfa_episode018_v043-0.43-pc\game\scripts\episode005\e05_019.rpy
[OK] C:\Users\user\Desktop\RenPy\amfa_episode018_v043-0.43-pc\game\scripts\episode005\e05_019.rpyc
[OK] C:\Users\user\Desktop\RenPy\amfa_episode018_v043-0.43-pc\game\scripts\episode005\e05_020.rpy
[OK] C:\Users\user\Desktop\RenPy\amfa_episode018_v043-0.43-pc\game\scripts\episode005\e05_020.rpyc
[OK] C:\Users\user\Desktop\RenPy\amfa_episode018_v043-0.43-pc\game\scripts\episode005\e05_021.rpy
[OK] C:\Users\user\Desktop\RenPy\amfa_episode018_v043-0.43-pc\game\scripts\episode005\e05_021.rpyc
[OK] C:\Users\user\Desktop\RenPy\amfa_episode018_v043-0.43-pc\game\scripts\episode005\e05_022.rpy
[OK] C:\Users\user\Desktop\RenPy\amfa_episode018_v043-0.43-pc\game\scripts\episode005\e05_022.rpyc
[OK] C:\Users\user\Desktop\RenPy\amfa_episode018_v043-0.43-pc\game\scripts\episode005\e05_023.rpy
[OK] C:\Users\user\Desktop\RenPy\amfa_episode018_v043-0.43-pc\game\scripts\episode005\e05_023.rpyc
[OK] C:\Users\user\Desktop\RenPy\amfa_episode018_v043-0.43-pc\game\scripts\episode005\e05_024.rpy
[OK] C:\Users\user\Desktop\RenPy\amfa_episode018_v043-0.43-pc\game\scripts\episode005\e05_024.rpyc
[OK] C:\Users\user\Desktop\RenPy\amfa_episode018_v043-0.43-pc\game\scripts\episode005\e05_025.rpy
[OK] C:\Users\user\Desktop\RenPy\amfa_episode018_v043-0.43-pc\game\scripts\episode005\e05_025.rpyc
[OK] C:\Users\user\Desktop\RenPy\amfa_episode018_v043-0.43-pc\game\scripts\episode005\e05_026.rpy
[OK] C:\Users\user\Desktop\RenPy\amfa_episode018_v043-0.43-pc\game\scripts\episode005\e05_026.rpyc
[OK] C:\Users\user\Desktop\RenPy\amfa_episode018_v043-0.43-pc\game\scripts\episode005\e05_027.rpy
[OK] C:\Users\user\Desktop\RenPy\amfa_episode018_v043-0.43-pc\game\scripts\episode005\e05_027.rpyc
[OK] C:\Users\user\Desktop\RenPy\amfa_episode018_v043-0.43-pc\game\scripts\episode006\e06_000.rpy
[OK] C:\Users\user\Desktop\RenPy\amfa_episode018_v043-0.43-pc\game\scripts\episode006\e06_000.rpyc
[OK] C:\Users\user\Desktop\RenPy\amfa_episode018_v043-0.43-pc\game\scripts\episode006\e06_001.rpy
[OK] C:\Users\user\Desktop\RenPy\amfa_episode018_v043-0.43-pc\game\scripts\episode006\e06_001.rpyc
[OK] C:\Users\user\Desktop\RenPy\amfa_episode018_v043-0.43-pc\game\scripts\episode006\e06_002.rpy
[OK] C:\Users\user\Desktop\RenPy\amfa_episode018_v043-0.43-pc\game\scripts\episode006\e06_002.rpyc
[OK] C:\Users\user\Desktop\RenPy\amfa_episode018_v043-0.43-pc\game\scripts\episode006\e06_003.rpy
[OK] C:\Users\user\Desktop\RenPy\amfa_episode018_v043-0.43-pc\game\scripts\episode006\e06_003.rpyc
[OK] C:\Users\user\Desktop\RenPy\amfa_episode018_v043-0.43-pc\game\scripts\episode006\e06_004.rpy
[OK] C:\Users\user\Desktop\RenPy\amfa_episode018_v043-0.43-pc\game\scripts\episode006\e06_004.rpyc
[OK] C:\Users\user\Desktop\RenPy\amfa_episode018_v043-0.43-pc\game\scripts\episode006\e06_005.rpy
[OK] C:\Users\user\Desktop\RenPy\amfa_episode018_v043-0.43-pc\game\scripts\episode006\e06_005.rpyc
[OK] C:\Users\user\Desktop\RenPy\amfa_episode018_v043-0.43-pc\game\scripts\episode006\e06_006.rpy
[OK] C:\Users\user\Desktop\RenPy\amfa_episode018_v043-0.43-pc\game\scripts\episode006\e06_006.rpyc
[OK] C:\Users\user\Desktop\RenPy\amfa_episode018_v043-0.43-pc\game\scripts\episode006\e06_007.rpy
[OK] C:\Users\user\Desktop\RenPy\amfa_episode018_v043-0.43-pc\game\scripts\episode006\e06_007.rpyc
[OK] C:\Users\user\Desktop\RenPy\amfa_episode018_v043-0.43-pc\game\scripts\episode006\e06_008.rpy
[OK] C:\Users\user\Desktop\RenPy\amfa_episode018_v043-0.43-pc\game\scripts\episode006\e06_008.rpyc
[OK] C:\Users\user\Desktop\RenPy\amfa_episode018_v043-0.43-pc\game\scripts\episode006\e06_009.rpy
[OK] C:\Users\user\Desktop\RenPy\amfa_episode018_v043-0.43-pc\game\scripts\episode006\e06_009.rpyc
[OK] C:\Users\user\Desktop\RenPy\amfa_episode018_v043-0.43-pc\game\scripts\episode006\e06_010.rpy
[OK] C:\Users\user\Desktop\RenPy\amfa_episode018_v043-0.43-pc\game\scripts\episode006\e06_010.rpyc
[OK] C:\Users\user\Desktop\RenPy\amfa_episode018_v043-0.43-pc\game\scripts\episode006\e06_011.rpy
[OK] C:\Users\user\Desktop\RenPy\amfa_episode018_v043-0.43-pc\game\scripts\episode006\e06_011.rpyc
[OK] C:\Users\user\Desktop\RenPy\amfa_episode018_v043-0.43-pc\game\scripts\episode006\e06_012.rpy
[OK] C:\Users\user\Desktop\RenPy\amfa_episode018_v043-0.43-pc\game\scripts\episode006\e06_012.rpyc
[OK] C:\Users\user\Desktop\RenPy\amfa_episode018_v043-0.43-pc\game\scripts\episode006\e06_013.rpy
[OK] C:\Users\user\Desktop\RenPy\amfa_episode018_v043-0.43-pc\game\scripts\episode006\e06_013.rpyc
[OK] C:\Users\user\Desktop\RenPy\amfa_episode018_v043-0.43-pc\game\scripts\episode006\e06_014.rpy
[OK] C:\Users\user\Desktop\RenPy\amfa_episode018_v043-0.43-pc\game\scripts\episode006\e06_014.rpyc
[OK] C:\Users\user\Desktop\RenPy\amfa_episode018_v043-0.43-pc\game\scripts\episode006\e06_015.rpy
[OK] C:\Users\user\Desktop\RenPy\amfa_episode018_v043-0.43-pc\game\scripts\episode006\e06_015.rpyc
[OK] C:\Users\user\Desktop\RenPy\amfa_episode018_v043-0.43-pc\game\scripts\episode006\e06_016.rpy
[OK] C:\Users\user\Desktop\RenPy\amfa_episode018_v043-0.43-pc\game\scripts\episode006\e06_016.rpyc
[OK] C:\Users\user\Desktop\RenPy\amfa_episode018_v043-0.43-pc\game\scripts\episode006\e06_017.rpy
[OK] C:\Users\user\Desktop\RenPy\amfa_episode018_v043-0.43-pc\game\scripts\episode006\e06_017.rpyc
[OK] C:\Users\user\Desktop\RenPy\amfa_episode018_v043-0.43-pc\game\scripts\episode006\e06_018.rpy
[OK] C:\Users\user\Desktop\RenPy\amfa_episode018_v043-0.43-pc\game\scripts\episode006\e06_018.rpyc
[OK] C:\Users\user\Desktop\RenPy\amfa_episode018_v043-0.43-pc\game\scripts\episode006\e06_019.rpy
[OK] C:\Users\user\Desktop\RenPy\amfa_episode018_v043-0.43-pc\game\scripts\episode006\e06_019.rpyc
[OK] C:\Users\user\Desktop\RenPy\amfa_episode018_v043-0.43-pc\game\scripts\episode006\e06_020.rpy
[OK] C:\Users\user\Desktop\RenPy\amfa_episode018_v043-0.43-pc\game\scripts\episode006\e06_020.rpyc
[OK] C:\Users\user\Desktop\RenPy\amfa_episode018_v043-0.43-pc\game\scripts\episode006\e06_021.rpy
[OK] C:\Users\user\Desktop\RenPy\amfa_episode018_v043-0.43-pc\game\scripts\episode006\e06_021.rpyc
[OK] C:\Users\user\Desktop\RenPy\amfa_episode018_v043-0.43-pc\game\scripts\episode006\e06_022.rpy
[OK] C:\Users\user\Desktop\RenPy\amfa_episode018_v043-0.43-pc\game\scripts\episode006\e06_022.rpyc
[OK] C:\Users\user\Desktop\RenPy\amfa_episode018_v043-0.43-pc\game\scripts\episode006\e06_023.rpy
[OK] C:\Users\user\Desktop\RenPy\amfa_episode018_v043-0.43-pc\game\scripts\episode006\e06_023.rpyc
[OK] C:\Users\user\Desktop\RenPy\amfa_episode018_v043-0.43-pc\game\scripts\episode006\e06_024.rpy
[OK] C:\Users\user\Desktop\RenPy\amfa_episode018_v043-0.43-pc\game\scripts\episode006\e06_024.rpyc
[OK] C:\Users\user\Desktop\RenPy\amfa_episode018_v043-0.43-pc\game\scripts\episode006\e06_025.rpy
[OK] C:\Users\user\Desktop\RenPy\amfa_episode018_v043-0.43-pc\game\scripts\episode006\e06_025.rpyc
[OK] C:\Users\user\Desktop\RenPy\amfa_episode018_v043-0.43-pc\game\scripts\episode007\e07_000.rpy
[OK] C:\Users\user\Desktop\RenPy\amfa_episode018_v043-0.43-pc\game\scripts\episode007\e07_000.rpyc
[OK] C:\Users\user\Desktop\RenPy\amfa_episode018_v043-0.43-pc\game\scripts\episode007\e07_000_recap.rpy
[OK] C:\Users\user\Desktop\RenPy\amfa_episode018_v043-0.43-pc\game\scripts\episode007\e07_000_recap.rpyc
[OK] C:\Users\user\Desktop\RenPy\amfa_episode018_v043-0.43-pc\game\scripts\episode007\e07_001.rpy
[OK] C:\Users\user\Desktop\RenPy\amfa_episode018_v043-0.43-pc\game\scripts\episode007\e07_001.rpyc
[OK] C:\Users\user\Desktop\RenPy\amfa_episode018_v043-0.43-pc\game\scripts\episode007\e07_002.rpy
[OK] C:\Users\user\Desktop\RenPy\amfa_episode018_v043-0.43-pc\game\scripts\episode007\e07_002.rpyc
[OK] C:\Users\user\Desktop\RenPy\amfa_episode018_v043-0.43-pc\game\scripts\episode007\e07_003.rpy
[OK] C:\Users\user\Desktop\RenPy\amfa_episode018_v043-0.43-pc\game\scripts\episode007\e07_003.rpyc
[OK] C:\Users\user\Desktop\RenPy\amfa_episode018_v043-0.43-pc\game\scripts\episode007\e07_004.rpy
[OK] C:\Users\user\Desktop\RenPy\amfa_episode018_v043-0.43-pc\game\scripts\episode007\e07_004.rpyc
[OK] C:\Users\user\Desktop\RenPy\amfa_episode018_v043-0.43-pc\game\scripts\episode007\e07_005.rpy
[OK] C:\Users\user\Desktop\RenPy\amfa_episode018_v043-0.43-pc\game\scripts\episode007\e07_005.rpyc
[OK] C:\Users\user\Desktop\RenPy\amfa_episode018_v043-0.43-pc\game\scripts\episode007\e07_006.rpy
[OK] C:\Users\user\Desktop\RenPy\amfa_episode018_v043-0.43-pc\game\scripts\episode007\e07_006.rpyc
[OK] C:\Users\user\Desktop\RenPy\amfa_episode018_v043-0.43-pc\game\scripts\episode007\e07_007.rpy
[OK] C:\Users\user\Desktop\RenPy\amfa_episode018_v043-0.43-pc\game\scripts\episode007\e07_007.rpyc
[OK] C:\Users\user\Desktop\RenPy\amfa_episode018_v043-0.43-pc\game\scripts\episode007\e07_008.rpy
[OK] C:\Users\user\Desktop\RenPy\amfa_episode018_v043-0.43-pc\game\scripts\episode007\e07_008.rpyc
[OK] C:\Users\user\Desktop\RenPy\amfa_episode018_v043-0.43-pc\game\scripts\episode007\e07_009.rpy
[OK] C:\Users\user\Desktop\RenPy\amfa_episode018_v043-0.43-pc\game\scripts\episode007\e07_009.rpyc
[OK] C:\Users\user\Desktop\RenPy\amfa_episode018_v043-0.43-pc\game\scripts\episode007\e07_010.rpy
[OK] C:\Users\user\Desktop\RenPy\amfa_episode018_v043-0.43-pc\game\scripts\episode007\e07_010.rpyc
[OK] C:\Users\user\Desktop\RenPy\amfa_episode018_v043-0.43-pc\game\scripts\episode007\e07_011.rpy
[OK] C:\Users\user\Desktop\RenPy\amfa_episode018_v043-0.43-pc\game\scripts\episode007\e07_011.rpyc
[OK] C:\Users\user\Desktop\RenPy\amfa_episode018_v043-0.43-pc\game\scripts\episode007\e07_012.rpy
[OK] C:\Users\user\Desktop\RenPy\amfa_episode018_v043-0.43-pc\game\scripts\episode007\e07_012.rpyc
[OK] C:\Users\user\Desktop\RenPy\amfa_episode018_v043-0.43-pc\game\scripts\episode007\e07_013.rpy
[OK] C:\Users\user\Desktop\RenPy\amfa_episode018_v043-0.43-pc\game\scripts\episode007\e07_013.rpyc
[OK] C:\Users\user\Desktop\RenPy\amfa_episode018_v043-0.43-pc\game\scripts\episode007\e07_014.rpy
[OK] C:\Users\user\Desktop\RenPy\amfa_episode018_v043-0.43-pc\game\scripts\episode007\e07_014.rpyc
[OK] C:\Users\user\Desktop\RenPy\amfa_episode018_v043-0.43-pc\game\scripts\episode007\e07_015.rpy
[OK] C:\Users\user\Desktop\RenPy\amfa_episode018_v043-0.43-pc\game\scripts\episode007\e07_015.rpyc
[OK] C:\Users\user\Desktop\RenPy\amfa_episode018_v043-0.43-pc\game\scripts\episode007\e07_016.rpy
[OK] C:\Users\user\Desktop\RenPy\amfa_episode018_v043-0.43-pc\game\scripts\episode007\e07_016.rpyc
[OK] C:\Users\user\Desktop\RenPy\amfa_episode018_v043-0.43-pc\game\scripts\episode007\e07_017.rpy
[OK] C:\Users\user\Desktop\RenPy\amfa_episode018_v043-0.43-pc\game\scripts\episode007\e07_017.rpyc
[OK] C:\Users\user\Desktop\RenPy\amfa_episode018_v043-0.43-pc\game\scripts\episode007\e07_018.rpy
[OK] C:\Users\user\Desktop\RenPy\amfa_episode018_v043-0.43-pc\game\scripts\episode007\e07_018.rpyc
[OK] C:\Users\user\Desktop\RenPy\amfa_episode018_v043-0.43-pc\game\scripts\episode007\e07_019.rpy
[OK] C:\Users\user\Desktop\RenPy\amfa_episode018_v043-0.43-pc\game\scripts\episode007\e07_019.rpyc
[OK] C:\Users\user\Desktop\RenPy\amfa_episode018_v043-0.43-pc\game\scripts\episode007\e07_020.rpy
[OK] C:\Users\user\Desktop\RenPy\amfa_episode018_v043-0.43-pc\game\scripts\episode007\e07_020.rpyc
[OK] C:\Users\user\Desktop\RenPy\amfa_episode018_v043-0.43-pc\game\scripts\episode007\e07_021.rpy
[OK] C:\Users\user\Desktop\RenPy\amfa_episode018_v043-0.43-pc\game\scripts\episode007\e07_021.rpyc
[OK] C:\Users\user\Desktop\RenPy\amfa_episode018_v043-0.43-pc\game\scripts\episode007\e07_022.rpy
[OK] C:\Users\user\Desktop\RenPy\amfa_episode018_v043-0.43-pc\game\scripts\episode007\e07_022.rpyc
[OK] C:\Users\user\Desktop\RenPy\amfa_episode018_v043-0.43-pc\game\scripts\episode007\e07_023.rpy
[OK] C:\Users\user\Desktop\RenPy\amfa_episode018_v043-0.43-pc\game\scripts\episode007\e07_023.rpyc
[OK] C:\Users\user\Desktop\RenPy\amfa_episode018_v043-0.43-pc\game\scripts\episode008\e08_000.rpy
[OK] C:\Users\user\Desktop\RenPy\amfa_episode018_v043-0.43-pc\game\scripts\episode008\e08_000.rpyc
[OK] C:\Users\user\Desktop\RenPy\amfa_episode018_v043-0.43-pc\game\scripts\episode008\e08_000_recap.rpy
[OK] C:\Users\user\Desktop\RenPy\amfa_episode018_v043-0.43-pc\game\scripts\episode008\e08_000_recap.rpyc
[OK] C:\Users\user\Desktop\RenPy\amfa_episode018_v043-0.43-pc\game\scripts\episode008\e08_001.rpy
[OK] C:\Users\user\Desktop\RenPy\amfa_episode018_v043-0.43-pc\game\scripts\episode008\e08_001.rpyc
[OK] C:\Users\user\Desktop\RenPy\amfa_episode018_v043-0.43-pc\game\scripts\episode008\e08_002.rpy
[OK] C:\Users\user\Desktop\RenPy\amfa_episode018_v043-0.43-pc\game\scripts\episode008\e08_002.rpyc
[OK] C:\Users\user\Desktop\RenPy\amfa_episode018_v043-0.43-pc\game\scripts\episode008\e08_003.rpy
[OK] C:\Users\user\Desktop\RenPy\amfa_episode018_v043-0.43-pc\game\scripts\episode008\e08_003.rpyc
[OK] C:\Users\user\Desktop\RenPy\amfa_episode018_v043-0.43-pc\game\scripts\episode008\e08_004.rpy
[OK] C:\Users\user\Desktop\RenPy\amfa_episode018_v043-0.43-pc\game\scripts\episode008\e08_004.rpyc
[OK] C:\Users\user\Desktop\RenPy\amfa_episode018_v043-0.43-pc\game\scripts\episode008\e08_005.rpy
[OK] C:\Users\user\Desktop\RenPy\amfa_episode018_v043-0.43-pc\game\scripts\episode008\e08_005.rpyc
[OK] C:\Users\user\Desktop\RenPy\amfa_episode018_v043-0.43-pc\game\scripts\episode008\e08_006.rpy
[OK] C:\Users\user\Desktop\RenPy\amfa_episode018_v043-0.43-pc\game\scripts\episode008\e08_006.rpyc
[OK] C:\Users\user\Desktop\RenPy\amfa_episode018_v043-0.43-pc\game\scripts\episode008\e08_007.rpy
[OK] C:\Users\user\Desktop\RenPy\amfa_episode018_v043-0.43-pc\game\scripts\episode008\e08_007.rpyc
[OK] C:\Users\user\Desktop\RenPy\amfa_episode018_v043-0.43-pc\game\scripts\episode008\e08_008.rpy
[OK] C:\Users\user\Desktop\RenPy\amfa_episode018_v043-0.43-pc\game\scripts\episode008\e08_008.rpyc
[OK] C:\Users\user\Desktop\RenPy\amfa_episode018_v043-0.43-pc\game\scripts\episode008\e08_009.rpy
[OK] C:\Users\user\Desktop\RenPy\amfa_episode018_v043-0.43-pc\game\scripts\episode008\e08_009.rpyc
[OK] C:\Users\user\Desktop\RenPy\amfa_episode018_v043-0.43-pc\game\scripts\episode008\e08_010.rpy
[OK] C:\Users\user\Desktop\RenPy\amfa_episode018_v043-0.43-pc\game\scripts\episode008\e08_010.rpyc
[OK] C:\Users\user\Desktop\RenPy\amfa_episode018_v043-0.43-pc\game\scripts\episode008\e08_011.rpy
[OK] C:\Users\user\Desktop\RenPy\amfa_episode018_v043-0.43-pc\game\scripts\episode008\e08_011.rpyc
[OK] C:\Users\user\Desktop\RenPy\amfa_episode018_v043-0.43-pc\game\scripts\episode008\e08_012.rpy
[OK] C:\Users\user\Desktop\RenPy\amfa_episode018_v043-0.43-pc\game\scripts\episode008\e08_012.rpyc
[OK] C:\Users\user\Desktop\RenPy\amfa_episode018_v043-0.43-pc\game\scripts\episode008\e08_013.rpy
[OK] C:\Users\user\Desktop\RenPy\amfa_episode018_v043-0.43-pc\game\scripts\episode008\e08_013.rpyc
[OK] C:\Users\user\Desktop\RenPy\amfa_episode018_v043-0.43-pc\game\scripts\episode008\e08_014.rpy
[OK] C:\Users\user\Desktop\RenPy\amfa_episode018_v043-0.43-pc\game\scripts\episode008\e08_014.rpyc
[OK] C:\Users\user\Desktop\RenPy\amfa_episode018_v043-0.43-pc\game\scripts\episode008\e08_015.rpy
[OK] C:\Users\user\Desktop\RenPy\amfa_episode018_v043-0.43-pc\game\scripts\episode008\e08_015.rpyc
[OK] C:\Users\user\Desktop\RenPy\amfa_episode018_v043-0.43-pc\game\scripts\episode008\e08_016.rpy
[OK] C:\Users\user\Desktop\RenPy\amfa_episode018_v043-0.43-pc\game\scripts\episode008\e08_016.rpyc
[OK] C:\Users\user\Desktop\RenPy\amfa_episode018_v043-0.43-pc\game\scripts\episode008\e08_017.rpy
[OK] C:\Users\user\Desktop\RenPy\amfa_episode018_v043-0.43-pc\game\scripts\episode008\e08_017.rpyc
[OK] C:\Users\user\Desktop\RenPy\amfa_episode018_v043-0.43-pc\game\scripts\episode008\e08_018.rpy
[OK] C:\Users\user\Desktop\RenPy\amfa_episode018_v043-0.43-pc\game\scripts\episode008\e08_018.rpyc
[OK] C:\Users\user\Desktop\RenPy\amfa_episode018_v043-0.43-pc\game\scripts\episode008\e08_019.rpy
[OK] C:\Users\user\Desktop\RenPy\amfa_episode018_v043-0.43-pc\game\scripts\episode008\e08_019.rpyc
[OK] C:\Users\user\Desktop\RenPy\amfa_episode018_v043-0.43-pc\game\scripts\episode008\e08_020.rpy
[OK] C:\Users\user\Desktop\RenPy\amfa_episode018_v043-0.43-pc\game\scripts\episode008\e08_020.rpyc
[OK] C:\Users\user\Desktop\RenPy\amfa_episode018_v043-0.43-pc\game\scripts\episode008\e08_021.rpy
[OK] C:\Users\user\Desktop\RenPy\amfa_episode018_v043-0.43-pc\game\scripts\episode008\e08_021.rpyc
[OK] C:\Users\user\Desktop\RenPy\amfa_episode018_v043-0.43-pc\game\scripts\episode008\e08_022.rpy
[OK] C:\Users\user\Desktop\RenPy\amfa_episode018_v043-0.43-pc\game\scripts\episode008\e08_022.rpyc
[OK] C:\Users\user\Desktop\RenPy\amfa_episode018_v043-0.43-pc\game\scripts\episode008\e08_023.rpy
[OK] C:\Users\user\Desktop\RenPy\amfa_episode018_v043-0.43-pc\game\scripts\episode008\e08_023.rpyc
[OK] C:\Users\user\Desktop\RenPy\amfa_episode018_v043-0.43-pc\game\scripts\episode008\e08_024.rpy
[OK] C:\Users\user\Desktop\RenPy\amfa_episode018_v043-0.43-pc\game\scripts\episode008\e08_024.rpyc
[OK] C:\Users\user\Desktop\RenPy\amfa_episode018_v043-0.43-pc\game\scripts\episode008\e08_025.rpy
[OK] C:\Users\user\Desktop\RenPy\amfa_episode018_v043-0.43-pc\game\scripts\episode008\e08_025.rpyc
[OK] C:\Users\user\Desktop\RenPy\amfa_episode018_v043-0.43-pc\game\scripts\episode008\e08_026.rpy
[OK] C:\Users\user\Desktop\RenPy\amfa_episode018_v043-0.43-pc\game\scripts\episode008\e08_026.rpyc
[OK] C:\Users\user\Desktop\RenPy\amfa_episode018_v043-0.43-pc\game\scripts\episode008\e08_027.rpy
[OK] C:\Users\user\Desktop\RenPy\amfa_episode018_v043-0.43-pc\game\scripts\episode008\e08_027.rpyc
[OK] C:\Users\user\Desktop\RenPy\amfa_episode018_v043-0.43-pc\game\scripts\episode008\e08_028.rpy
[OK] C:\Users\user\Desktop\RenPy\amfa_episode018_v043-0.43-pc\game\scripts\episode008\e08_028.rpyc
[OK] C:\Users\user\Desktop\RenPy\amfa_episode018_v043-0.43-pc\game\scripts\episode008\e08_029.rpy
[OK] C:\Users\user\Desktop\RenPy\amfa_episode018_v043-0.43-pc\game\scripts\episode008\e08_029.rpyc
[OK] C:\Users\user\Desktop\RenPy\amfa_episode018_v043-0.43-pc\game\scripts\episode008\e08_030.rpy
[OK] C:\Users\user\Desktop\RenPy\amfa_episode018_v043-0.43-pc\game\scripts\episode008\e08_030.rpyc
[OK] C:\Users\user\Desktop\RenPy\amfa_episode018_v043-0.43-pc\game\scripts\episode008\e08_031.rpy
[OK] C:\Users\user\Desktop\RenPy\amfa_episode018_v043-0.43-pc\game\scripts\episode008\e08_031.rpyc
[OK] C:\Users\user\Desktop\RenPy\amfa_episode018_v043-0.43-pc\game\scripts\episode009\e09_000.rpy
[OK] C:\Users\user\Desktop\RenPy\amfa_episode018_v043-0.43-pc\game\scripts\episode009\e09_000.rpyc
[OK] C:\Users\user\Desktop\RenPy\amfa_episode018_v043-0.43-pc\game\scripts\episode009\e09_000_recap.rpy
[OK] C:\Users\user\Desktop\RenPy\amfa_episode018_v043-0.43-pc\game\scripts\episode009\e09_000_recap.rpyc
[OK] C:\Users\user\Desktop\RenPy\amfa_episode018_v043-0.43-pc\game\scripts\episode009\e09_001.rpy
[OK] C:\Users\user\Desktop\RenPy\amfa_episode018_v043-0.43-pc\game\scripts\episode009\e09_001.rpyc
[OK] C:\Users\user\Desktop\RenPy\amfa_episode018_v043-0.43-pc\game\scripts\episode009\e09_002.rpy
[OK] C:\Users\user\Desktop\RenPy\amfa_episode018_v043-0.43-pc\game\scripts\episode009\e09_002.rpyc
[OK] C:\Users\user\Desktop\RenPy\amfa_episode018_v043-0.43-pc\game\scripts\episode009\e09_003.rpy
[OK] C:\Users\user\Desktop\RenPy\amfa_episode018_v043-0.43-pc\game\scripts\episode009\e09_003.rpyc
[OK] C:\Users\user\Desktop\RenPy\amfa_episode018_v043-0.43-pc\game\scripts\episode009\e09_004.rpy
[OK] C:\Users\user\Desktop\RenPy\amfa_episode018_v043-0.43-pc\game\scripts\episode009\e09_004.rpyc
[OK] C:\Users\user\Desktop\RenPy\amfa_episode018_v043-0.43-pc\game\scripts\episode009\e09_005.rpy
[OK] C:\Users\user\Desktop\RenPy\amfa_episode018_v043-0.43-pc\game\scripts\episode009\e09_005.rpyc
[OK] C:\Users\user\Desktop\RenPy\amfa_episode018_v043-0.43-pc\game\scripts\episode009\e09_006.rpy
[OK] C:\Users\user\Desktop\RenPy\amfa_episode018_v043-0.43-pc\game\scripts\episode009\e09_006.rpyc
[OK] C:\Users\user\Desktop\RenPy\amfa_episode018_v043-0.43-pc\game\scripts\episode009\e09_007.rpy
[OK] C:\Users\user\Desktop\RenPy\amfa_episode018_v043-0.43-pc\game\scripts\episode009\e09_007.rpyc
[OK] C:\Users\user\Desktop\RenPy\amfa_episode018_v043-0.43-pc\game\scripts\episode009\e09_008.rpy
[OK] C:\Users\user\Desktop\RenPy\amfa_episode018_v043-0.43-pc\game\scripts\episode009\e09_008.rpyc
[OK] C:\Users\user\Desktop\RenPy\amfa_episode018_v043-0.43-pc\game\scripts\episode009\e09_009.rpy
[OK] C:\Users\user\Desktop\RenPy\amfa_episode018_v043-0.43-pc\game\scripts\episode009\e09_009.rpyc
[OK] C:\Users\user\Desktop\RenPy\amfa_episode018_v043-0.43-pc\game\scripts\episode009\e09_010.rpy
[OK] C:\Users\user\Desktop\RenPy\amfa_episode018_v043-0.43-pc\game\scripts\episode009\e09_010.rpyc
[OK] C:\Users\user\Desktop\RenPy\amfa_episode018_v043-0.43-pc\game\scripts\episode009\e09_011.rpy
[OK] C:\Users\user\Desktop\RenPy\amfa_episode018_v043-0.43-pc\game\scripts\episode009\e09_011.rpyc
[OK] C:\Users\user\Desktop\RenPy\amfa_episode018_v043-0.43-pc\game\scripts\episode009\e09_012.rpy
[OK] C:\Users\user\Desktop\RenPy\amfa_episode018_v043-0.43-pc\game\scripts\episode009\e09_012.rpyc
[OK] C:\Users\user\Desktop\RenPy\amfa_episode018_v043-0.43-pc\game\scripts\episode009\e09_013.rpy
[OK] C:\Users\user\Desktop\RenPy\amfa_episode018_v043-0.43-pc\game\scripts\episode009\e09_013.rpyc
[OK] C:\Users\user\Desktop\RenPy\amfa_episode018_v043-0.43-pc\game\scripts\episode009\e09_014.rpy
[OK] C:\Users\user\Desktop\RenPy\amfa_episode018_v043-0.43-pc\game\scripts\episode009\e09_014.rpyc
[OK] C:\Users\user\Desktop\RenPy\amfa_episode018_v043-0.43-pc\game\scripts\episode009\e09_015.rpy
[OK] C:\Users\user\Desktop\RenPy\amfa_episode018_v043-0.43-pc\game\scripts\episode009\e09_015.rpyc
[OK] C:\Users\user\Desktop\RenPy\amfa_episode018_v043-0.43-pc\game\scripts\episode009\e09_016.rpy
[OK] C:\Users\user\Desktop\RenPy\amfa_episode018_v043-0.43-pc\game\scripts\episode009\e09_016.rpyc
[OK] C:\Users\user\Desktop\RenPy\amfa_episode018_v043-0.43-pc\game\scripts\episode009\e09_017.rpy
[OK] C:\Users\user\Desktop\RenPy\amfa_episode018_v043-0.43-pc\game\scripts\episode009\e09_017.rpyc
[OK] C:\Users\user\Desktop\RenPy\amfa_episode018_v043-0.43-pc\game\scripts\episode009\e09_018.rpy
[OK] C:\Users\user\Desktop\RenPy\amfa_episode018_v043-0.43-pc\game\scripts\episode009\e09_018.rpyc
[OK] C:\Users\user\Desktop\RenPy\amfa_episode018_v043-0.43-pc\game\scripts\episode009\e09_019.rpy
[OK] C:\Users\user\Desktop\RenPy\amfa_episode018_v043-0.43-pc\game\scripts\episode009\e09_019.rpyc
[OK] C:\Users\user\Desktop\RenPy\amfa_episode018_v043-0.43-pc\game\scripts\episode009\e09_020.rpy
[OK] C:\Users\user\Desktop\RenPy\amfa_episode018_v043-0.43-pc\game\scripts\episode009\e09_020.rpyc
[OK] C:\Users\user\Desktop\RenPy\amfa_episode018_v043-0.43-pc\game\scripts\episode009\e09_021.rpy
[OK] C:\Users\user\Desktop\RenPy\amfa_episode018_v043-0.43-pc\game\scripts\episode009\e09_021.rpyc
[OK] C:\Users\user\Desktop\RenPy\amfa_episode018_v043-0.43-pc\game\scripts\episode010\e010_000.rpy
[OK] C:\Users\user\Desktop\RenPy\amfa_episode018_v043-0.43-pc\game\scripts\episode010\e010_000.rpyc
[OK] C:\Users\user\Desktop\RenPy\amfa_episode018_v043-0.43-pc\game\scripts\episode010\e010_000_recap.rpy
[OK] C:\Users\user\Desktop\RenPy\amfa_episode018_v043-0.43-pc\game\scripts\episode010\e010_000_recap.rpyc
[OK] C:\Users\user\Desktop\RenPy\amfa_episode018_v043-0.43-pc\game\scripts\episode010\e010_001.rpy
[OK] C:\Users\user\Desktop\RenPy\amfa_episode018_v043-0.43-pc\game\scripts\episode010\e010_001.rpyc
[OK] C:\Users\user\Desktop\RenPy\amfa_episode018_v043-0.43-pc\game\scripts\episode010\e010_002.rpy
[OK] C:\Users\user\Desktop\RenPy\amfa_episode018_v043-0.43-pc\game\scripts\episode010\e010_002.rpyc
[OK] C:\Users\user\Desktop\RenPy\amfa_episode018_v043-0.43-pc\game\scripts\episode010\e010_003.rpy
[OK] C:\Users\user\Desktop\RenPy\amfa_episode018_v043-0.43-pc\game\scripts\episode010\e010_003.rpyc
[OK] C:\Users\user\Desktop\RenPy\amfa_episode018_v043-0.43-pc\game\scripts\episode010\e010_004.rpy
[OK] C:\Users\user\Desktop\RenPy\amfa_episode018_v043-0.43-pc\game\scripts\episode010\e010_004.rpyc
[OK] C:\Users\user\Desktop\RenPy\amfa_episode018_v043-0.43-pc\game\scripts\episode010\e010_005.rpy
[OK] C:\Users\user\Desktop\RenPy\amfa_episode018_v043-0.43-pc\game\scripts\episode010\e010_005.rpyc
[OK] C:\Users\user\Desktop\RenPy\amfa_episode018_v043-0.43-pc\game\scripts\episode010\e010_006.rpy
[OK] C:\Users\user\Desktop\RenPy\amfa_episode018_v043-0.43-pc\game\scripts\episode010\e010_006.rpyc
[OK] C:\Users\user\Desktop\RenPy\amfa_episode018_v043-0.43-pc\game\scripts\episode010\e010_007.rpy
[OK] C:\Users\user\Desktop\RenPy\amfa_episode018_v043-0.43-pc\game\scripts\episode010\e010_007.rpyc
[OK] C:\Users\user\Desktop\RenPy\amfa_episode018_v043-0.43-pc\game\scripts\episode010\e010_008.rpy
[OK] C:\Users\user\Desktop\RenPy\amfa_episode018_v043-0.43-pc\game\scripts\episode010\e010_008.rpyc
[OK] C:\Users\user\Desktop\RenPy\amfa_episode018_v043-0.43-pc\game\scripts\episode010\e010_009.rpy
[OK] C:\Users\user\Desktop\RenPy\amfa_episode018_v043-0.43-pc\game\scripts\episode010\e010_009.rpyc
[OK] C:\Users\user\Desktop\RenPy\amfa_episode018_v043-0.43-pc\game\scripts\episode010\e010_010.rpy
[OK] C:\Users\user\Desktop\RenPy\amfa_episode018_v043-0.43-pc\game\scripts\episode010\e010_010.rpyc
[OK] C:\Users\user\Desktop\RenPy\amfa_episode018_v043-0.43-pc\game\scripts\episode010\e010_011.rpy
[OK] C:\Users\user\Desktop\RenPy\amfa_episode018_v043-0.43-pc\game\scripts\episode010\e010_011.rpyc
[OK] C:\Users\user\Desktop\RenPy\amfa_episode018_v043-0.43-pc\game\scripts\episode010\e010_012.rpy
[OK] C:\Users\user\Desktop\RenPy\amfa_episode018_v043-0.43-pc\game\scripts\episode010\e010_012.rpyc
[OK] C:\Users\user\Desktop\RenPy\amfa_episode018_v043-0.43-pc\game\scripts\episode010\e010_013.rpy
[OK] C:\Users\user\Desktop\RenPy\amfa_episode018_v043-0.43-pc\game\scripts\episode010\e010_013.rpyc
[OK] C:\Users\user\Desktop\RenPy\amfa_episode018_v043-0.43-pc\game\scripts\episode010\e010_014.rpy
[OK] C:\Users\user\Desktop\RenPy\amfa_episode018_v043-0.43-pc\game\scripts\episode010\e010_014.rpyc
[OK] C:\Users\user\Desktop\RenPy\amfa_episode018_v043-0.43-pc\game\scripts\episode011\e011_000.rpy
[OK] C:\Users\user\Desktop\RenPy\amfa_episode018_v043-0.43-pc\game\scripts\episode011\e011_000.rpyc
[OK] C:\Users\user\Desktop\RenPy\amfa_episode018_v043-0.43-pc\game\scripts\episode011\e011_000_recap.rpy
[OK] C:\Users\user\Desktop\RenPy\amfa_episode018_v043-0.43-pc\game\scripts\episode011\e011_000_recap.rpyc
[OK] C:\Users\user\Desktop\RenPy\amfa_episode018_v043-0.43-pc\game\scripts\episode011\e011_001.rpy
[OK] C:\Users\user\Desktop\RenPy\amfa_episode018_v043-0.43-pc\game\scripts\episode011\e011_001.rpyc
[OK] C:\Users\user\Desktop\RenPy\amfa_episode018_v043-0.43-pc\game\scripts\episode011\e011_002.rpy
[OK] C:\Users\user\Desktop\RenPy\amfa_episode018_v043-0.43-pc\game\scripts\episode011\e011_002.rpyc
[OK] C:\Users\user\Desktop\RenPy\amfa_episode018_v043-0.43-pc\game\scripts\episode011\e011_003.rpy
[OK] C:\Users\user\Desktop\RenPy\amfa_episode018_v043-0.43-pc\game\scripts\episode011\e011_003.rpyc
[OK] C:\Users\user\Desktop\RenPy\amfa_episode018_v043-0.43-pc\game\scripts\episode011\e011_004.rpy
[OK] C:\Users\user\Desktop\RenPy\amfa_episode018_v043-0.43-pc\game\scripts\episode011\e011_004.rpyc
[OK] C:\Users\user\Desktop\RenPy\amfa_episode018_v043-0.43-pc\game\scripts\episode011\e011_005.rpy
[OK] C:\Users\user\Desktop\RenPy\amfa_episode018_v043-0.43-pc\game\scripts\episode011\e011_005.rpyc
[OK] C:\Users\user\Desktop\RenPy\amfa_episode018_v043-0.43-pc\game\scripts\episode011\e011_006.rpy
[OK] C:\Users\user\Desktop\RenPy\amfa_episode018_v043-0.43-pc\game\scripts\episode011\e011_006.rpyc
[OK] C:\Users\user\Desktop\RenPy\amfa_episode018_v043-0.43-pc\game\scripts\episode011\e011_007.rpy
[OK] C:\Users\user\Desktop\RenPy\amfa_episode018_v043-0.43-pc\game\scripts\episode011\e011_007.rpyc
[OK] C:\Users\user\Desktop\RenPy\amfa_episode018_v043-0.43-pc\game\scripts\episode011\e011_008.rpy
[OK] C:\Users\user\Desktop\RenPy\amfa_episode018_v043-0.43-pc\game\scripts\episode011\e011_008.rpyc
[OK] C:\Users\user\Desktop\RenPy\amfa_episode018_v043-0.43-pc\game\scripts\episode011\e011_009.rpy
[OK] C:\Users\user\Desktop\RenPy\amfa_episode018_v043-0.43-pc\game\scripts\episode011\e011_009.rpyc
[OK] C:\Users\user\Desktop\RenPy\amfa_episode018_v043-0.43-pc\game\scripts\episode011\e011_010.rpy
[OK] C:\Users\user\Desktop\RenPy\amfa_episode018_v043-0.43-pc\game\scripts\episode011\e011_010.rpyc
[OK] C:\Users\user\Desktop\RenPy\amfa_episode018_v043-0.43-pc\game\scripts\episode011\e011_011.rpy
[OK] C:\Users\user\Desktop\RenPy\amfa_episode018_v043-0.43-pc\game\scripts\episode011\e011_011.rpyc
[OK] C:\Users\user\Desktop\RenPy\amfa_episode018_v043-0.43-pc\game\scripts\episode011\e011_012.rpy
[OK] C:\Users\user\Desktop\RenPy\amfa_episode018_v043-0.43-pc\game\scripts\episode011\e011_012.rpyc
[OK] C:\Users\user\Desktop\RenPy\amfa_episode018_v043-0.43-pc\game\scripts\episode011\e011_013.rpy
[OK] C:\Users\user\Desktop\RenPy\amfa_episode018_v043-0.43-pc\game\scripts\episode011\e011_013.rpyc
[OK] C:\Users\user\Desktop\RenPy\amfa_episode018_v043-0.43-pc\game\scripts\episode011\e011_014.rpy
[OK] C:\Users\user\Desktop\RenPy\amfa_episode018_v043-0.43-pc\game\scripts\episode011\e011_014.rpyc
[OK] C:\Users\user\Desktop\RenPy\amfa_episode018_v043-0.43-pc\game\scripts\episode011\e011_015.rpy
[OK] C:\Users\user\Desktop\RenPy\amfa_episode018_v043-0.43-pc\game\scripts\episode011\e011_015.rpyc
[OK] C:\Users\user\Desktop\RenPy\amfa_episode018_v043-0.43-pc\game\scripts\episode011\e011_016.rpy
[OK] C:\Users\user\Desktop\RenPy\amfa_episode018_v043-0.43-pc\game\scripts\episode011\e011_016.rpyc
[OK] C:\Users\user\Desktop\RenPy\amfa_episode018_v043-0.43-pc\game\scripts\episode011\e011_017.rpy
[OK] C:\Users\user\Desktop\RenPy\amfa_episode018_v043-0.43-pc\game\scripts\episode011\e011_017.rpyc
[OK] C:\Users\user\Desktop\RenPy\amfa_episode018_v043-0.43-pc\game\scripts\episode012\e012_000.rpy
[OK] C:\Users\user\Desktop\RenPy\amfa_episode018_v043-0.43-pc\game\scripts\episode012\e012_000.rpyc
[OK] C:\Users\user\Desktop\RenPy\amfa_episode018_v043-0.43-pc\game\scripts\episode012\e012_000_recap.rpy
[OK] C:\Users\user\Desktop\RenPy\amfa_episode018_v043-0.43-pc\game\scripts\episode012\e012_000_recap.rpyc
[OK] C:\Users\user\Desktop\RenPy\amfa_episode018_v043-0.43-pc\game\scripts\episode012\e012_001.rpy
[OK] C:\Users\user\Desktop\RenPy\amfa_episode018_v043-0.43-pc\game\scripts\episode012\e012_001.rpyc
[OK] C:\Users\user\Desktop\RenPy\amfa_episode018_v043-0.43-pc\game\scripts\episode012\e012_002.rpy
[OK] C:\Users\user\Desktop\RenPy\amfa_episode018_v043-0.43-pc\game\scripts\episode012\e012_002.rpyc
[OK] C:\Users\user\Desktop\RenPy\amfa_episode018_v043-0.43-pc\game\scripts\episode012\e012_003.rpy
[OK] C:\Users\user\Desktop\RenPy\amfa_episode018_v043-0.43-pc\game\scripts\episode012\e012_003.rpyc
[OK] C:\Users\user\Desktop\RenPy\amfa_episode018_v043-0.43-pc\game\scripts\episode012\e012_004.rpy
[OK] C:\Users\user\Desktop\RenPy\amfa_episode018_v043-0.43-pc\game\scripts\episode012\e012_004.rpyc
[OK] C:\Users\user\Desktop\RenPy\amfa_episode018_v043-0.43-pc\game\scripts\episode012\e012_005.rpy
[OK] C:\Users\user\Desktop\RenPy\amfa_episode018_v043-0.43-pc\game\scripts\episode012\e012_005.rpyc
[OK] C:\Users\user\Desktop\RenPy\amfa_episode018_v043-0.43-pc\game\scripts\episode012\e012_006.rpy
[OK] C:\Users\user\Desktop\RenPy\amfa_episode018_v043-0.43-pc\game\scripts\episode012\e012_006.rpyc
[OK] C:\Users\user\Desktop\RenPy\amfa_episode018_v043-0.43-pc\game\scripts\episode012\e012_007.rpy
[OK] C:\Users\user\Desktop\RenPy\amfa_episode018_v043-0.43-pc\game\scripts\episode012\e012_007.rpyc
[OK] C:\Users\user\Desktop\RenPy\amfa_episode018_v043-0.43-pc\game\scripts\episode012\e012_008.rpy
[OK] C:\Users\user\Desktop\RenPy\amfa_episode018_v043-0.43-pc\game\scripts\episode012\e012_008.rpyc
[OK] C:\Users\user\Desktop\RenPy\amfa_episode018_v043-0.43-pc\game\scripts\episode012\e012_009.rpy
[OK] C:\Users\user\Desktop\RenPy\amfa_episode018_v043-0.43-pc\game\scripts\episode012\e012_009.rpyc
[OK] C:\Users\user\Desktop\RenPy\amfa_episode018_v043-0.43-pc\game\scripts\episode012\e012_010.rpy
[OK] C:\Users\user\Desktop\RenPy\amfa_episode018_v043-0.43-pc\game\scripts\episode012\e012_010.rpyc
[OK] C:\Users\user\Desktop\RenPy\amfa_episode018_v043-0.43-pc\game\scripts\episode012\e012_011.rpy
[OK] C:\Users\user\Desktop\RenPy\amfa_episode018_v043-0.43-pc\game\scripts\episode012\e012_011.rpyc
[OK] C:\Users\user\Desktop\RenPy\amfa_episode018_v043-0.43-pc\game\scripts\episode012\e012_012.rpy
[OK] C:\Users\user\Desktop\RenPy\amfa_episode018_v043-0.43-pc\game\scripts\episode012\e012_012.rpyc
[OK] C:\Users\user\Desktop\RenPy\amfa_episode018_v043-0.43-pc\game\scripts\episode012\e012_013.rpy
[OK] C:\Users\user\Desktop\RenPy\amfa_episode018_v043-0.43-pc\game\scripts\episode012\e012_013.rpyc
[OK] C:\Users\user\Desktop\RenPy\amfa_episode018_v043-0.43-pc\game\scripts\episode012\e012_014.rpy
[OK] C:\Users\user\Desktop\RenPy\amfa_episode018_v043-0.43-pc\game\scripts\episode012\e012_014.rpyc
[OK] C:\Users\user\Desktop\RenPy\amfa_episode018_v043-0.43-pc\game\scripts\episode012\e012_015.rpy
[OK] C:\Users\user\Desktop\RenPy\amfa_episode018_v043-0.43-pc\game\scripts\episode012\e012_015.rpyc
[OK] C:\Users\user\Desktop\RenPy\amfa_episode018_v043-0.43-pc\game\scripts\episode012\e012_016.rpy
[OK] C:\Users\user\Desktop\RenPy\amfa_episode018_v043-0.43-pc\game\scripts\episode012\e012_016.rpyc
[OK] C:\Users\user\Desktop\RenPy\amfa_episode018_v043-0.43-pc\game\scripts\episode012\e012_017.rpy
[OK] C:\Users\user\Desktop\RenPy\amfa_episode018_v043-0.43-pc\game\scripts\episode012\e012_017.rpyc
[OK] C:\Users\user\Desktop\RenPy\amfa_episode018_v043-0.43-pc\game\scripts\episode012\e012_018.rpy
[OK] C:\Users\user\Desktop\RenPy\amfa_episode018_v043-0.43-pc\game\scripts\episode012\e012_018.rpyc
[OK] C:\Users\user\Desktop\RenPy\amfa_episode018_v043-0.43-pc\game\scripts\episode012\e012_019.rpy
[OK] C:\Users\user\Desktop\RenPy\amfa_episode018_v043-0.43-pc\game\scripts\episode012\e012_019.rpyc
[OK] C:\Users\user\Desktop\RenPy\amfa_episode018_v043-0.43-pc\game\scripts\episode012\e012_020.rpy
[OK] C:\Users\user\Desktop\RenPy\amfa_episode018_v043-0.43-pc\game\scripts\episode012\e012_020.rpyc
[OK] C:\Users\user\Desktop\RenPy\amfa_episode018_v043-0.43-pc\game\scripts\episode012\e012_021.rpy
[OK] C:\Users\user\Desktop\RenPy\amfa_episode018_v043-0.43-pc\game\scripts\episode012\e012_021.rpyc
[OK] C:\Users\user\Desktop\RenPy\amfa_episode018_v043-0.43-pc\game\scripts\episode012\e012_022.rpy
[OK] C:\Users\user\Desktop\RenPy\amfa_episode018_v043-0.43-pc\game\scripts\episode012\e012_022.rpyc
[OK] C:\Users\user\Desktop\RenPy\amfa_episode018_v043-0.43-pc\game\scripts\episode012\e012_023.rpy
[OK] C:\Users\user\Desktop\RenPy\amfa_episode018_v043-0.43-pc\game\scripts\episode012\e012_023.rpyc
[OK] C:\Users\user\Desktop\RenPy\amfa_episode018_v043-0.43-pc\game\scripts\episode013\e013_000.rpy
[OK] C:\Users\user\Desktop\RenPy\amfa_episode018_v043-0.43-pc\game\scripts\episode013\e013_000.rpyc
[OK] C:\Users\user\Desktop\RenPy\amfa_episode018_v043-0.43-pc\game\scripts\episode013\e013_000_recap.rpy
[OK] C:\Users\user\Desktop\RenPy\amfa_episode018_v043-0.43-pc\game\scripts\episode013\e013_000_recap.rpyc
[OK] C:\Users\user\Desktop\RenPy\amfa_episode018_v043-0.43-pc\game\scripts\episode013\e013_001.rpy
[OK] C:\Users\user\Desktop\RenPy\amfa_episode018_v043-0.43-pc\game\scripts\episode013\e013_001.rpyc
[OK] C:\Users\user\Desktop\RenPy\amfa_episode018_v043-0.43-pc\game\scripts\episode013\e013_002.rpy
[OK] C:\Users\user\Desktop\RenPy\amfa_episode018_v043-0.43-pc\game\scripts\episode013\e013_002.rpyc
[OK] C:\Users\user\Desktop\RenPy\amfa_episode018_v043-0.43-pc\game\scripts\episode013\e013_003.rpy
[OK] C:\Users\user\Desktop\RenPy\amfa_episode018_v043-0.43-pc\game\scripts\episode013\e013_003.rpyc
[OK] C:\Users\user\Desktop\RenPy\amfa_episode018_v043-0.43-pc\game\scripts\episode013\e013_004.rpy
[OK] C:\Users\user\Desktop\RenPy\amfa_episode018_v043-0.43-pc\game\scripts\episode013\e013_004.rpyc
[OK] C:\Users\user\Desktop\RenPy\amfa_episode018_v043-0.43-pc\game\scripts\episode013\e013_005.rpy
[OK] C:\Users\user\Desktop\RenPy\amfa_episode018_v043-0.43-pc\game\scripts\episode013\e013_005.rpyc
[OK] C:\Users\user\Desktop\RenPy\amfa_episode018_v043-0.43-pc\game\scripts\episode013\e013_006.rpy
[OK] C:\Users\user\Desktop\RenPy\amfa_episode018_v043-0.43-pc\game\scripts\episode013\e013_006.rpyc
[OK] C:\Users\user\Desktop\RenPy\amfa_episode018_v043-0.43-pc\game\scripts\episode013\e013_007.rpy
[OK] C:\Users\user\Desktop\RenPy\amfa_episode018_v043-0.43-pc\game\scripts\episode013\e013_007.rpyc
[OK] C:\Users\user\Desktop\RenPy\amfa_episode018_v043-0.43-pc\game\scripts\episode013\e013_008.rpy
[OK] C:\Users\user\Desktop\RenPy\amfa_episode018_v043-0.43-pc\game\scripts\episode013\e013_008.rpyc
[OK] C:\Users\user\Desktop\RenPy\amfa_episode018_v043-0.43-pc\game\scripts\episode013\e013_009.rpy
[OK] C:\Users\user\Desktop\RenPy\amfa_episode018_v043-0.43-pc\game\scripts\episode013\e013_009.rpyc
[OK] C:\Users\user\Desktop\RenPy\amfa_episode018_v043-0.43-pc\game\scripts\episode013\e013_010.rpy
[OK] C:\Users\user\Desktop\RenPy\amfa_episode018_v043-0.43-pc\game\scripts\episode013\e013_010.rpyc
[OK] C:\Users\user\Desktop\RenPy\amfa_episode018_v043-0.43-pc\game\scripts\episode013\e013_011.rpy
[OK] C:\Users\user\Desktop\RenPy\amfa_episode018_v043-0.43-pc\game\scripts\episode013\e013_011.rpyc
[OK] C:\Users\user\Desktop\RenPy\amfa_episode018_v043-0.43-pc\game\scripts\episode013\e013_012.rpy
[OK] C:\Users\user\Desktop\RenPy\amfa_episode018_v043-0.43-pc\game\scripts\episode013\e013_012.rpyc
[OK] C:\Users\user\Desktop\RenPy\amfa_episode018_v043-0.43-pc\game\scripts\episode013\e013_013.rpy
[OK] C:\Users\user\Desktop\RenPy\amfa_episode018_v043-0.43-pc\game\scripts\episode013\e013_013.rpyc
[OK] C:\Users\user\Desktop\RenPy\amfa_episode018_v043-0.43-pc\game\scripts\episode013\e013_014.rpy
[OK] C:\Users\user\Desktop\RenPy\amfa_episode018_v043-0.43-pc\game\scripts\episode013\e013_014.rpyc
[OK] C:\Users\user\Desktop\RenPy\amfa_episode018_v043-0.43-pc\game\scripts\episode013\e013_015.rpy
[OK] C:\Users\user\Desktop\RenPy\amfa_episode018_v043-0.43-pc\game\scripts\episode013\e013_015.rpyc
[OK] C:\Users\user\Desktop\RenPy\amfa_episode018_v043-0.43-pc\game\scripts\episode013\e013_016.rpy
[OK] C:\Users\user\Desktop\RenPy\amfa_episode018_v043-0.43-pc\game\scripts\episode013\e013_016.rpyc
[OK] C:\Users\user\Desktop\RenPy\amfa_episode018_v043-0.43-pc\game\scripts\episode014\e014_000.rpy
[OK] C:\Users\user\Desktop\RenPy\amfa_episode018_v043-0.43-pc\game\scripts\episode014\e014_000.rpyc
[OK] C:\Users\user\Desktop\RenPy\amfa_episode018_v043-0.43-pc\game\scripts\episode014\e014_000_recap.rpy
[OK] C:\Users\user\Desktop\RenPy\amfa_episode018_v043-0.43-pc\game\scripts\episode014\e014_000_recap.rpyc
[OK] C:\Users\user\Desktop\RenPy\amfa_episode018_v043-0.43-pc\game\scripts\episode014\e014_001.rpy
[OK] C:\Users\user\Desktop\RenPy\amfa_episode018_v043-0.43-pc\game\scripts\episode014\e014_001.rpyc
[OK] C:\Users\user\Desktop\RenPy\amfa_episode018_v043-0.43-pc\game\scripts\episode014\e014_002.rpy
[OK] C:\Users\user\Desktop\RenPy\amfa_episode018_v043-0.43-pc\game\scripts\episode014\e014_002.rpyc
[OK] C:\Users\user\Desktop\RenPy\amfa_episode018_v043-0.43-pc\game\scripts\episode014\e014_003.rpy
[OK] C:\Users\user\Desktop\RenPy\amfa_episode018_v043-0.43-pc\game\scripts\episode014\e014_003.rpyc
[OK] C:\Users\user\Desktop\RenPy\amfa_episode018_v043-0.43-pc\game\scripts\episode014\e014_004.rpy
[OK] C:\Users\user\Desktop\RenPy\amfa_episode018_v043-0.43-pc\game\scripts\episode014\e014_004.rpyc
[OK] C:\Users\user\Desktop\RenPy\amfa_episode018_v043-0.43-pc\game\scripts\episode014\e014_005.rpy
[OK] C:\Users\user\Desktop\RenPy\amfa_episode018_v043-0.43-pc\game\scripts\episode014\e014_005.rpyc
[OK] C:\Users\user\Desktop\RenPy\amfa_episode018_v043-0.43-pc\game\scripts\episode014\e014_006.rpy
[OK] C:\Users\user\Desktop\RenPy\amfa_episode018_v043-0.43-pc\game\scripts\episode014\e014_006.rpyc
[OK] C:\Users\user\Desktop\RenPy\amfa_episode018_v043-0.43-pc\game\scripts\episode014\e014_007.rpy
[OK] C:\Users\user\Desktop\RenPy\amfa_episode018_v043-0.43-pc\game\scripts\episode014\e014_007.rpyc
[OK] C:\Users\user\Desktop\RenPy\amfa_episode018_v043-0.43-pc\game\scripts\episode014\e014_008.rpy
[OK] C:\Users\user\Desktop\RenPy\amfa_episode018_v043-0.43-pc\game\scripts\episode014\e014_008.rpyc
[OK] C:\Users\user\Desktop\RenPy\amfa_episode018_v043-0.43-pc\game\scripts\episode014\e014_009.rpy
[OK] C:\Users\user\Desktop\RenPy\amfa_episode018_v043-0.43-pc\game\scripts\episode014\e014_009.rpyc
[OK] C:\Users\user\Desktop\RenPy\amfa_episode018_v043-0.43-pc\game\scripts\episode014\e014_010.rpy
[OK] C:\Users\user\Desktop\RenPy\amfa_episode018_v043-0.43-pc\game\scripts\episode014\e014_010.rpyc
[OK] C:\Users\user\Desktop\RenPy\amfa_episode018_v043-0.43-pc\game\scripts\episode014\e014_011.rpy
[OK] C:\Users\user\Desktop\RenPy\amfa_episode018_v043-0.43-pc\game\scripts\episode014\e014_011.rpyc
[OK] C:\Users\user\Desktop\RenPy\amfa_episode018_v043-0.43-pc\game\scripts\episode014\e014_012.rpy
[OK] C:\Users\user\Desktop\RenPy\amfa_episode018_v043-0.43-pc\game\scripts\episode014\e014_012.rpyc
[OK] C:\Users\user\Desktop\RenPy\amfa_episode018_v043-0.43-pc\game\scripts\episode014\e014_013.rpy
[OK] C:\Users\user\Desktop\RenPy\amfa_episode018_v043-0.43-pc\game\scripts\episode014\e014_013.rpyc
[OK] C:\Users\user\Desktop\RenPy\amfa_episode018_v043-0.43-pc\game\scripts\episode014\e014_014.rpy
[OK] C:\Users\user\Desktop\RenPy\amfa_episode018_v043-0.43-pc\game\scripts\episode014\e014_014.rpyc
[OK] C:\Users\user\Desktop\RenPy\amfa_episode018_v043-0.43-pc\game\scripts\episode015\e015_000.rpy
[OK] C:\Users\user\Desktop\RenPy\amfa_episode018_v043-0.43-pc\game\scripts\episode015\e015_000.rpyc
[OK] C:\Users\user\Desktop\RenPy\amfa_episode018_v043-0.43-pc\game\scripts\episode015\e015_000_recap.rpy
[OK] C:\Users\user\Desktop\RenPy\amfa_episode018_v043-0.43-pc\game\scripts\episode015\e015_000_recap.rpyc
[OK] C:\Users\user\Desktop\RenPy\amfa_episode018_v043-0.43-pc\game\scripts\episode015\e015_001.rpy
[OK] C:\Users\user\Desktop\RenPy\amfa_episode018_v043-0.43-pc\game\scripts\episode015\e015_001.rpyc
[OK] C:\Users\user\Desktop\RenPy\amfa_episode018_v043-0.43-pc\game\scripts\episode015\e015_002.rpy
[OK] C:\Users\user\Desktop\RenPy\amfa_episode018_v043-0.43-pc\game\scripts\episode015\e015_002.rpyc
[OK] C:\Users\user\Desktop\RenPy\amfa_episode018_v043-0.43-pc\game\scripts\episode015\e015_003.rpy
[OK] C:\Users\user\Desktop\RenPy\amfa_episode018_v043-0.43-pc\game\scripts\episode015\e015_003.rpyc
[OK] C:\Users\user\Desktop\RenPy\amfa_episode018_v043-0.43-pc\game\scripts\episode015\e015_004.rpy
[OK] C:\Users\user\Desktop\RenPy\amfa_episode018_v043-0.43-pc\game\scripts\episode015\e015_004.rpyc
[OK] C:\Users\user\Desktop\RenPy\amfa_episode018_v043-0.43-pc\game\scripts\episode015\e015_005.rpy
[OK] C:\Users\user\Desktop\RenPy\amfa_episode018_v043-0.43-pc\game\scripts\episode015\e015_005.rpyc
[OK] C:\Users\user\Desktop\RenPy\amfa_episode018_v043-0.43-pc\game\scripts\episode015\e015_006.rpy
[OK] C:\Users\user\Desktop\RenPy\amfa_episode018_v043-0.43-pc\game\scripts\episode015\e015_006.rpyc
[OK] C:\Users\user\Desktop\RenPy\amfa_episode018_v043-0.43-pc\game\scripts\episode015\e015_007.rpy
[OK] C:\Users\user\Desktop\RenPy\amfa_episode018_v043-0.43-pc\game\scripts\episode015\e015_007.rpyc
[OK] C:\Users\user\Desktop\RenPy\amfa_episode018_v043-0.43-pc\game\scripts\episode015\e015_008.rpy
[OK] C:\Users\user\Desktop\RenPy\amfa_episode018_v043-0.43-pc\game\scripts\episode015\e015_008.rpyc
[OK] C:\Users\user\Desktop\RenPy\amfa_episode018_v043-0.43-pc\game\scripts\episode015\e015_009.rpy
[OK] C:\Users\user\Desktop\RenPy\amfa_episode018_v043-0.43-pc\game\scripts\episode015\e015_009.rpyc
[OK] C:\Users\user\Desktop\RenPy\amfa_episode018_v043-0.43-pc\game\scripts\episode015\e015_010.rpy
[OK] C:\Users\user\Desktop\RenPy\amfa_episode018_v043-0.43-pc\game\scripts\episode015\e015_010.rpyc
[OK] C:\Users\user\Desktop\RenPy\amfa_episode018_v043-0.43-pc\game\scripts\episode015\e015_011.rpy
[OK] C:\Users\user\Desktop\RenPy\amfa_episode018_v043-0.43-pc\game\scripts\episode015\e015_011.rpyc
[OK] C:\Users\user\Desktop\RenPy\amfa_episode018_v043-0.43-pc\game\scripts\episode015\e015_012.rpy
[OK] C:\Users\user\Desktop\RenPy\amfa_episode018_v043-0.43-pc\game\scripts\episode015\e015_012.rpyc
[OK] C:\Users\user\Desktop\RenPy\amfa_episode018_v043-0.43-pc\game\scripts\episode015\e015_013.rpy
[OK] C:\Users\user\Desktop\RenPy\amfa_episode018_v043-0.43-pc\game\scripts\episode015\e015_013.rpyc
[OK] C:\Users\user\Desktop\RenPy\amfa_episode018_v043-0.43-pc\game\scripts\episode015\e015_014.rpy
[OK] C:\Users\user\Desktop\RenPy\amfa_episode018_v043-0.43-pc\game\scripts\episode015\e015_014.rpyc
[OK] C:\Users\user\Desktop\RenPy\amfa_episode018_v043-0.43-pc\game\scripts\episode016\e016_000.rpy
[OK] C:\Users\user\Desktop\RenPy\amfa_episode018_v043-0.43-pc\game\scripts\episode016\e016_000.rpyc
[OK] C:\Users\user\Desktop\RenPy\amfa_episode018_v043-0.43-pc\game\scripts\episode016\e016_000_recap.rpy
[OK] C:\Users\user\Desktop\RenPy\amfa_episode018_v043-0.43-pc\game\scripts\episode016\e016_000_recap.rpyc
[OK] C:\Users\user\Desktop\RenPy\amfa_episode018_v043-0.43-pc\game\scripts\episode016\e016_001.rpy
[OK] C:\Users\user\Desktop\RenPy\amfa_episode018_v043-0.43-pc\game\scripts\episode016\e016_001.rpyc
[OK] C:\Users\user\Desktop\RenPy\amfa_episode018_v043-0.43-pc\game\scripts\episode016\e016_002.rpy
[OK] C:\Users\user\Desktop\RenPy\amfa_episode018_v043-0.43-pc\game\scripts\episode016\e016_002.rpyc
[OK] C:\Users\user\Desktop\RenPy\amfa_episode018_v043-0.43-pc\game\scripts\episode016\e016_003.rpy
[OK] C:\Users\user\Desktop\RenPy\amfa_episode018_v043-0.43-pc\game\scripts\episode016\e016_003.rpyc
[OK] C:\Users\user\Desktop\RenPy\amfa_episode018_v043-0.43-pc\game\scripts\episode016\e016_004.rpy
[OK] C:\Users\user\Desktop\RenPy\amfa_episode018_v043-0.43-pc\game\scripts\episode016\e016_004.rpyc
[OK] C:\Users\user\Desktop\RenPy\amfa_episode018_v043-0.43-pc\game\scripts\episode016\e016_005.rpy
[OK] C:\Users\user\Desktop\RenPy\amfa_episode018_v043-0.43-pc\game\scripts\episode016\e016_005.rpyc
[OK] C:\Users\user\Desktop\RenPy\amfa_episode018_v043-0.43-pc\game\scripts\episode016\e016_006.rpy
[OK] C:\Users\user\Desktop\RenPy\amfa_episode018_v043-0.43-pc\game\scripts\episode016\e016_006.rpyc
[OK] C:\Users\user\Desktop\RenPy\amfa_episode018_v043-0.43-pc\game\scripts\episode016\e016_007.rpy
[OK] C:\Users\user\Desktop\RenPy\amfa_episode018_v043-0.43-pc\game\scripts\episode016\e016_007.rpyc
[OK] C:\Users\user\Desktop\RenPy\amfa_episode018_v043-0.43-pc\game\scripts\episode016\e016_008.rpy
[OK] C:\Users\user\Desktop\RenPy\amfa_episode018_v043-0.43-pc\game\scripts\episode016\e016_008.rpyc
[OK] C:\Users\user\Desktop\RenPy\amfa_episode018_v043-0.43-pc\game\scripts\episode016\e016_009.rpy
[OK] C:\Users\user\Desktop\RenPy\amfa_episode018_v043-0.43-pc\game\scripts\episode016\e016_009.rpyc
[OK] C:\Users\user\Desktop\RenPy\amfa_episode018_v043-0.43-pc\game\scripts\episode016\e016_010.rpy
[OK] C:\Users\user\Desktop\RenPy\amfa_episode018_v043-0.43-pc\game\scripts\episode016\e016_010.rpyc
[OK] C:\Users\user\Desktop\RenPy\amfa_episode018_v043-0.43-pc\game\scripts\episode016\e016_011.rpy
[OK] C:\Users\user\Desktop\RenPy\amfa_episode018_v043-0.43-pc\game\scripts\episode016\e016_011.rpyc
[OK] C:\Users\user\Desktop\RenPy\amfa_episode018_v043-0.43-pc\game\scripts\episode016\e016_012.rpy
[OK] C:\Users\user\Desktop\RenPy\amfa_episode018_v043-0.43-pc\game\scripts\episode016\e016_012.rpyc
[OK] C:\Users\user\Desktop\RenPy\amfa_episode018_v043-0.43-pc\game\scripts\episode016\e016_013.rpy
[OK] C:\Users\user\Desktop\RenPy\amfa_episode018_v043-0.43-pc\game\scripts\episode016\e016_013.rpyc
[OK] C:\Users\user\Desktop\RenPy\amfa_episode018_v043-0.43-pc\game\scripts\episode017\e017_000.rpy
[OK] C:\Users\user\Desktop\RenPy\amfa_episode018_v043-0.43-pc\game\scripts\episode017\e017_000.rpyc
[OK] C:\Users\user\Desktop\RenPy\amfa_episode018_v043-0.43-pc\game\scripts\episode017\e017_000_recap.rpy
[OK] C:\Users\user\Desktop\RenPy\amfa_episode018_v043-0.43-pc\game\scripts\episode017\e017_000_recap.rpyc
[OK] C:\Users\user\Desktop\RenPy\amfa_episode018_v043-0.43-pc\game\scripts\episode017\e017_001.rpy
[OK] C:\Users\user\Desktop\RenPy\amfa_episode018_v043-0.43-pc\game\scripts\episode017\e017_001.rpyc
[OK] C:\Users\user\Desktop\RenPy\amfa_episode018_v043-0.43-pc\game\scripts\episode017\e017_002.rpy
[OK] C:\Users\user\Desktop\RenPy\amfa_episode018_v043-0.43-pc\game\scripts\episode017\e017_002.rpyc
[OK] C:\Users\user\Desktop\RenPy\amfa_episode018_v043-0.43-pc\game\scripts\episode017\e017_003.rpy
[OK] C:\Users\user\Desktop\RenPy\amfa_episode018_v043-0.43-pc\game\scripts\episode017\e017_003.rpyc
[OK] C:\Users\user\Desktop\RenPy\amfa_episode018_v043-0.43-pc\game\scripts\episode017\e017_004.rpy
[OK] C:\Users\user\Desktop\RenPy\amfa_episode018_v043-0.43-pc\game\scripts\episode017\e017_004.rpyc
[OK] C:\Users\user\Desktop\RenPy\amfa_episode018_v043-0.43-pc\game\scripts\episode017\e017_005.rpy
[OK] C:\Users\user\Desktop\RenPy\amfa_episode018_v043-0.43-pc\game\scripts\episode017\e017_005.rpyc
[OK] C:\Users\user\Desktop\RenPy\amfa_episode018_v043-0.43-pc\game\scripts\episode017\e017_006.rpy
[OK] C:\Users\user\Desktop\RenPy\amfa_episode018_v043-0.43-pc\game\scripts\episode017\e017_006.rpyc
[OK] C:\Users\user\Desktop\RenPy\amfa_episode018_v043-0.43-pc\game\scripts\episode017\e017_007.rpy
[OK] C:\Users\user\Desktop\RenPy\amfa_episode018_v043-0.43-pc\game\scripts\episode017\e017_007.rpyc
[OK] C:\Users\user\Desktop\RenPy\amfa_episode018_v043-0.43-pc\game\scripts\episode017\e017_008.rpy
[OK] C:\Users\user\Desktop\RenPy\amfa_episode018_v043-0.43-pc\game\scripts\episode017\e017_008.rpyc
[OK] C:\Users\user\Desktop\RenPy\amfa_episode018_v043-0.43-pc\game\scripts\episode017\e017_009.rpy
[OK] C:\Users\user\Desktop\RenPy\amfa_episode018_v043-0.43-pc\game\scripts\episode017\e017_009.rpyc
[OK] C:\Users\user\Desktop\RenPy\amfa_episode018_v043-0.43-pc\game\scripts\episode017\e017_010.rpy
[OK] C:\Users\user\Desktop\RenPy\amfa_episode018_v043-0.43-pc\game\scripts\episode017\e017_010.rpyc
[OK] C:\Users\user\Desktop\RenPy\amfa_episode018_v043-0.43-pc\game\scripts\episode017\e017_011.rpy
[OK] C:\Users\user\Desktop\RenPy\amfa_episode018_v043-0.43-pc\game\scripts\episode017\e017_011.rpyc
[OK] C:\Users\user\Desktop\RenPy\amfa_episode018_v043-0.43-pc\game\scripts\episode017\e017_012.rpy
[OK] C:\Users\user\Desktop\RenPy\amfa_episode018_v043-0.43-pc\game\scripts\episode017\e017_012.rpyc
[OK] C:\Users\user\Desktop\RenPy\amfa_episode018_v043-0.43-pc\game\scripts\episode017\e017_013.rpy
[OK] C:\Users\user\Desktop\RenPy\amfa_episode018_v043-0.43-pc\game\scripts\episode017\e017_013.rpyc
[OK] C:\Users\user\Desktop\RenPy\amfa_episode018_v043-0.43-pc\game\scripts\episode018\e018_000.rpy
[OK] C:\Users\user\Desktop\RenPy\amfa_episode018_v043-0.43-pc\game\scripts\episode018\e018_000.rpyc
[OK] C:\Users\user\Desktop\RenPy\amfa_episode018_v043-0.43-pc\game\scripts\episode018\e018_000_recap.rpy
[OK] C:\Users\user\Desktop\RenPy\amfa_episode018_v043-0.43-pc\game\scripts\episode018\e018_000_recap.rpyc
[OK] C:\Users\user\Desktop\RenPy\amfa_episode018_v043-0.43-pc\game\scripts\episode018\e018_001.rpy
[OK] C:\Users\user\Desktop\RenPy\amfa_episode018_v043-0.43-pc\game\scripts\episode018\e018_001.rpyc
[OK] C:\Users\user\Desktop\RenPy\amfa_episode018_v043-0.43-pc\game\scripts\episode018\e018_002.rpy
[OK] C:\Users\user\Desktop\RenPy\amfa_episode018_v043-0.43-pc\game\scripts\episode018\e018_002.rpyc
[OK] C:\Users\user\Desktop\RenPy\amfa_episode018_v043-0.43-pc\game\scripts\episode018\e018_003.rpy
[OK] C:\Users\user\Desktop\RenPy\amfa_episode018_v043-0.43-pc\game\scripts\episode018\e018_003.rpyc
[OK] C:\Users\user\Desktop\RenPy\amfa_episode018_v043-0.43-pc\game\scripts\episode018\e018_004.rpy
[OK] C:\Users\user\Desktop\RenPy\amfa_episode018_v043-0.43-pc\game\scripts\episode018\e018_004.rpyc
[OK] C:\Users\user\Desktop\RenPy\amfa_episode018_v043-0.43-pc\game\scripts\episode018\e018_005.rpy
[OK] C:\Users\user\Desktop\RenPy\amfa_episode018_v043-0.43-pc\game\scripts\episode018\e018_005.rpyc
[OK] C:\Users\user\Desktop\RenPy\amfa_episode018_v043-0.43-pc\game\scripts\episode018\e018_006.rpy
[OK] C:\Users\user\Desktop\RenPy\amfa_episode018_v043-0.43-pc\game\scripts\episode018\e018_006.rpyc
[OK] C:\Users\user\Desktop\RenPy\amfa_episode018_v043-0.43-pc\game\scripts\episode018\e018_007.rpy
[OK] C:\Users\user\Desktop\RenPy\amfa_episode018_v043-0.43-pc\game\scripts\episode018\e018_007.rpyc
[OK] C:\Users\user\Desktop\RenPy\amfa_episode018_v043-0.43-pc\game\scripts\episode018\e018_008.rpy
[OK] C:\Users\user\Desktop\RenPy\amfa_episode018_v043-0.43-pc\game\scripts\episode018\e018_008.rpyc
[OK] C:\Users\user\Desktop\RenPy\amfa_episode018_v043-0.43-pc\game\scripts\episode018\e018_009.rpy
[OK] C:\Users\user\Desktop\RenPy\amfa_episode018_v043-0.43-pc\game\scripts\episode018\e018_009.rpyc
[OK] C:\Users\user\Desktop\RenPy\amfa_episode018_v043-0.43-pc\game\scripts\episode018\e018_010.rpy
[OK] C:\Users\user\Desktop\RenPy\amfa_episode018_v043-0.43-pc\game\scripts\episode018\e018_010.rpyc
[OK] C:\Users\user\Desktop\RenPy\amfa_episode018_v043-0.43-pc\game\scripts\episode018\e018_011.rpy
[OK] C:\Users\user\Desktop\RenPy\amfa_episode018_v043-0.43-pc\game\scripts\episode018\e018_011.rpyc
[OK] C:\Users\user\Desktop\RenPy\amfa_episode018_v043-0.43-pc\game\scripts\episode018\e018_012.rpy
[OK] C:\Users\user\Desktop\RenPy\amfa_episode018_v043-0.43-pc\game\scripts\episode018\e018_012.rpyc
[OK] C:\Users\user\Desktop\RenPy\amfa_episode018_v043-0.43-pc\game\scripts\episode018\e018_013.rpy
[OK] C:\Users\user\Desktop\RenPy\amfa_episode018_v043-0.43-pc\game\scripts\episode018\e018_013.rpyc
[OK] C:\Users\user\Desktop\RenPy\amfa_episode018_v043-0.43-pc\game\scripts\episode018\e018_014.rpy
[OK] C:\Users\user\Desktop\RenPy\amfa_episode018_v043-0.43-pc\game\scripts\episode018\e018_014.rpyc
[OK] C:\Users\user\Desktop\RenPy\amfa_episode018_v043-0.43-pc\game\scripts\episode018\e018_015.rpy
[OK] C:\Users\user\Desktop\RenPy\amfa_episode018_v043-0.43-pc\game\scripts\episode018\e018_015.rpyc
[OK] C:\Users\user\Desktop\RenPy\amfa_episode018_v043-0.43-pc\game\scripts\episode018\e018_016.rpy
[OK] C:\Users\user\Desktop\RenPy\amfa_episode018_v043-0.43-pc\game\scripts\episode018\e018_016.rpyc
[OK] C:\Users\user\Desktop\RenPy\amfa_episode018_v043-0.43-pc\game\scripts\episode018\e018_017.rpy
[OK] C:\Users\user\Desktop\RenPy\amfa_episode018_v043-0.43-pc\game\scripts\episode018\e018_017.rpyc
[OK] C:\Users\user\Desktop\RenPy\amfa_episode018_v043-0.43-pc\game\scripts\episode018\e018_018.rpy
[OK] C:\Users\user\Desktop\RenPy\amfa_episode018_v043-0.43-pc\game\scripts\episode018\e018_018.rpyc
[OK] C:\Users\user\Desktop\RenPy\amfa_episode018_v043-0.43-pc\game\scripts\episode018\e018_019.rpy
[OK] C:\Users\user\Desktop\RenPy\amfa_episode018_v043-0.43-pc\game\scripts\episode018\e018_019.rpyc
[OK] C:\Users\user\Desktop\RenPy\amfa_episode018_v043-0.43-pc\game\scripts\episode018\e018_020.rpy
[OK] C:\Users\user\Desktop\RenPy\amfa_episode018_v043-0.43-pc\game\scripts\episode018\e018_020.rpyc
[OK] C:\Users\user\Desktop\RenPy\amfa_episode018_v043-0.43-pc\game\scripts\episode018\e018_021.rpy
[OK] C:\Users\user\Desktop\RenPy\amfa_episode018_v043-0.43-pc\game\scripts\episode018\e018_021.rpyc
[OK] C:\Users\user\Desktop\RenPy\amfa_episode018_v043-0.43-pc\game\scripts\episode018\e018_022.rpy
[OK] C:\Users\user\Desktop\RenPy\amfa_episode018_v043-0.43-pc\game\scripts\episode018\e018_022.rpyc
[OK] C:\Users\user\Desktop\RenPy\amfa_episode018_v043-0.43-pc\game\scripts\episode018\e018_023.rpy
[OK] C:\Users\user\Desktop\RenPy\amfa_episode018_v043-0.43-pc\game\scripts\episode018\e018_023.rpyc
[OK] C:\Users\user\Desktop\RenPy\amfa_episode018_v043-0.43-pc\game\scripts\episode018\e018_024.rpy
[OK] C:\Users\user\Desktop\RenPy\amfa_episode018_v043-0.43-pc\game\scripts\episode018\e018_024.rpyc
[OK] C:\Users\user\Desktop\RenPy\amfa_episode018_v043-0.43-pc\game\scripts\episode018\e018_025.rpy
[OK] C:\Users\user\Desktop\RenPy\amfa_episode018_v043-0.43-pc\game\scripts\episode018\e018_025.rpyc
[OK] C:\Users\user\Desktop\RenPy\amfa_episode018_v043-0.43-pc\game\scripts\episode018\e018_026.rpy
[OK] C:\Users\user\Desktop\RenPy\amfa_episode018_v043-0.43-pc\game\scripts\episode018\e018_026.rpyc
[OK] C:\Users\user\Desktop\RenPy\amfa_episode018_v043-0.43-pc\game\scripts\episode018\e018_027.rpy
[OK] C:\Users\user\Desktop\RenPy\amfa_episode018_v043-0.43-pc\game\scripts\episode018\e018_027.rpyc
[OK] C:\Users\user\Desktop\RenPy\amfa_episode018_v043-0.43-pc\game\scripts\episode018\e018_028.rpy
[OK] C:\Users\user\Desktop\RenPy\amfa_episode018_v043-0.43-pc\game\scripts\episode018\e018_028.rpyc
[OK] C:\Users\user\Desktop\RenPy\amfa_episode018_v043-0.43-pc\game\scripts\episode018\e018_029.rpy
[OK] C:\Users\user\Desktop\RenPy\amfa_episode018_v043-0.43-pc\game\scripts\episode018\e018_029.rpyc
[OK] C:\Users\user\Desktop\RenPy\amfa_episode018_v043-0.43-pc\game\scripts\episode018\e018_030.rpy
[OK] C:\Users\user\Desktop\RenPy\amfa_episode018_v043-0.43-pc\game\scripts\episode018\e018_030.rpyc
[OK] C:\Users\user\Desktop\RenPy\amfa_episode018_v043-0.43-pc\game\scripts\episode018\e018_031.rpy
[OK] C:\Users\user\Desktop\RenPy\amfa_episode018_v043-0.43-pc\game\scripts\episode018\e018_031.rpyc
[OK] C:\Users\user\Desktop\RenPy\amfa_episode018_v043-0.43-pc\game\scripts\episode018\e018_032.rpy
[OK] C:\Users\user\Desktop\RenPy\amfa_episode018_v043-0.43-pc\game\scripts\episode018\e018_032.rpyc
[OK] C:\Users\user\Desktop\RenPy\amfa_episode018_v043-0.43-pc\game\scripts\episode018\e018_033.rpy
[OK] C:\Users\user\Desktop\RenPy\amfa_episode018_v043-0.43-pc\game\scripts\episode018\e018_033.rpyc
[OK] C:\Users\user\Desktop\RenPy\amfa_episode018_v043-0.43-pc\game\scripts\episode018\e018_034.rpy
[OK] C:\Users\user\Desktop\RenPy\amfa_episode018_v043-0.43-pc\game\scripts\episode018\e018_034.rpyc
[OK] C:\Users\user\Desktop\RenPy\amfa_episode018_v043-0.43-pc\game\scripts\episode018\e018_035.rpy
[OK] C:\Users\user\Desktop\RenPy\amfa_episode018_v043-0.43-pc\game\scripts\episode018\e018_035.rpyc
[OK] C:\Users\user\Desktop\RenPy\amfa_episode018_v043-0.43-pc\game\scripts\episode018\e018_036.rpy
[OK] C:\Users\user\Desktop\RenPy\amfa_episode018_v043-0.43-pc\game\scripts\episode018\e018_036.rpyc
[OK] C:\Users\user\Desktop\RenPy\amfa_episode018_v043-0.43-pc\game\scripts\episode018\e018_037.rpy
[OK] C:\Users\user\Desktop\RenPy\amfa_episode018_v043-0.43-pc\game\scripts\episode018\e018_037.rpyc
[OK] C:\Users\user\Desktop\RenPy\amfa_episode018_v043-0.43-pc\game\scripts\episode018\e018_038.rpy
[OK] C:\Users\user\Desktop\RenPy\amfa_episode018_v043-0.43-pc\game\scripts\episode018\e018_038.rpyc
[OK] C:\Users\user\Desktop\RenPy\amfa_episode018_v043-0.43-pc\game\scripts\episode018\e018_039.rpy
[OK] C:\Users\user\Desktop\RenPy\amfa_episode018_v043-0.43-pc\game\scripts\episode018\e018_039.rpyc
[OK] C:\Users\user\Desktop\RenPy\amfa_episode018_v043-0.43-pc\game\scripts\episode018\e018_040.rpy
[OK] C:\Users\user\Desktop\RenPy\amfa_episode018_v043-0.43-pc\game\scripts\episode018\e018_040.rpyc
[OK] C:\Users\user\Desktop\RenPy\amfa_episode018_v043-0.43-pc\game\scripts\episode018\e018_041.rpy
[OK] C:\Users\user\Desktop\RenPy\amfa_episode018_v043-0.43-pc\game\scripts\episode018\e018_041.rpyc
[OK] C:\Users\user\Desktop\RenPy\amfa_episode018_v043-0.43-pc\game\scripts\episode018\e018_042.rpy
[OK] C:\Users\user\Desktop\RenPy\amfa_episode018_v043-0.43-pc\game\scripts\episode018\e018_042.rpyc
[OK] C:\Users\user\Desktop\RenPy\amfa_episode018_v043-0.43-pc\game\scripts\episode018\e018_043.rpy
[OK] C:\Users\user\Desktop\RenPy\amfa_episode018_v043-0.43-pc\game\scripts\episode018\e018_043.rpyc
[OK] C:\Users\user\Desktop\RenPy\amfa_episode018_v043-0.43-pc\game\scripts\episode018\e018_044.rpy
[OK] C:\Users\user\Desktop\RenPy\amfa_episode018_v043-0.43-pc\game\scripts\episode018\e018_044.rpyc
[OK] C:\Users\user\Desktop\RenPy\amfa_episode018_v043-0.43-pc\game\scripts\episode004\episode003\e03_000.rpy
[OK] C:\Users\user\Desktop\RenPy\amfa_episode018_v043-0.43-pc\game\scripts\episode004\episode003\e03_000.rpyc
[OK] C:\Users\user\Desktop\RenPy\amfa_episode018_v043-0.43-pc\game\scripts\episode004\episode003\e03_001.rpy
[OK] C:\Users\user\Desktop\RenPy\amfa_episode018_v043-0.43-pc\game\scripts\episode004\episode003\e03_001.rpyc
[OK] C:\Users\user\Desktop\RenPy\amfa_episode018_v043-0.43-pc\game\scripts\episode004\episode003\e03_002.rpy
[OK] C:\Users\user\Desktop\RenPy\amfa_episode018_v043-0.43-pc\game\scripts\episode004\episode003\e03_002.rpyc
[OK] C:\Users\user\Desktop\RenPy\amfa_episode018_v043-0.43-pc\game\scripts\episode004\episode003\e03_003.rpy
[OK] C:\Users\user\Desktop\RenPy\amfa_episode018_v043-0.43-pc\game\scripts\episode004\episode003\e03_003.rpyc
[OK] C:\Users\user\Desktop\RenPy\amfa_episode018_v043-0.43-pc\game\scripts\episode004\episode003\e03_004.rpy
[OK] C:\Users\user\Desktop\RenPy\amfa_episode018_v043-0.43-pc\game\scripts\episode004\episode003\e03_004.rpyc
[OK] C:\Users\user\Desktop\RenPy\amfa_episode018_v043-0.43-pc\game\scripts\episode004\episode003\e03_005.rpy
[OK] C:\Users\user\Desktop\RenPy\amfa_episode018_v043-0.43-pc\game\scripts\episode004\episode003\e03_005.rpyc
[OK] C:\Users\user\Desktop\RenPy\amfa_episode018_v043-0.43-pc\game\scripts\episode004\episode003\e03_006.rpy
[OK] C:\Users\user\Desktop\RenPy\amfa_episode018_v043-0.43-pc\game\scripts\episode004\episode003\e03_006.rpyc
[OK] C:\Users\user\Desktop\RenPy\amfa_episode018_v043-0.43-pc\game\scripts\episode004\episode003\e03_007.rpy
[OK] C:\Users\user\Desktop\RenPy\amfa_episode018_v043-0.43-pc\game\scripts\episode004\episode003\e03_007.rpyc
[OK] C:\Users\user\Desktop\RenPy\amfa_episode018_v043-0.43-pc\game\scripts\episode004\episode003\e03_008.rpy
[OK] C:\Users\user\Desktop\RenPy\amfa_episode018_v043-0.43-pc\game\scripts\episode004\episode003\e03_008.rpyc
[OK] C:\Users\user\Desktop\RenPy\amfa_episode018_v043-0.43-pc\game\scripts\episode004\episode003\e03_009.rpy
[OK] C:\Users\user\Desktop\RenPy\amfa_episode018_v043-0.43-pc\game\scripts\episode004\episode003\e03_009.rpyc
[OK] C:\Users\user\Desktop\RenPy\amfa_episode018_v043-0.43-pc\game\scripts\episode004\episode003\e03_010.rpy
[OK] C:\Users\user\Desktop\RenPy\amfa_episode018_v043-0.43-pc\game\scripts\episode004\episode003\e03_010.rpyc
[OK] C:\Users\user\Desktop\RenPy\amfa_episode018_v043-0.43-pc\game\scripts\episode004\episode003\e03_011.rpy
[OK] C:\Users\user\Desktop\RenPy\amfa_episode018_v043-0.43-pc\game\scripts\episode004\episode003\e03_011.rpyc
[OK] C:\Users\user\Desktop\RenPy\amfa_episode018_v043-0.43-pc\game\scripts\episode004\episode003\e03_012.rpy
[OK] C:\Users\user\Desktop\RenPy\amfa_episode018_v043-0.43-pc\game\scripts\episode004\episode003\e03_012.rpyc
[OK] C:\Users\user\Desktop\RenPy\amfa_episode018_v043-0.43-pc\game\scripts\episode004\episode003\e03_013.rpy
[OK] C:\Users\user\Desktop\RenPy\amfa_episode018_v043-0.43-pc\game\scripts\episode004\episode003\e03_013.rpyc
[OK] C:\Users\user\Desktop\RenPy\amfa_episode018_v043-0.43-pc\game\scripts\episode004\episode003\e03_014.rpy
[OK] C:\Users\user\Desktop\RenPy\amfa_episode018_v043-0.43-pc\game\scripts\episode004\episode003\e03_014.rpyc
[OK] C:\Users\user\Desktop\RenPy\amfa_episode018_v043-0.43-pc\game\scripts\episode004\episode003\e03_015.rpy
[OK] C:\Users\user\Desktop\RenPy\amfa_episode018_v043-0.43-pc\game\scripts\episode004\episode003\e03_015.rpyc
[OK] C:\Users\user\Desktop\RenPy\amfa_episode018_v043-0.43-pc\game\scripts\episode004\episode003\e03_016.rpy
[OK] C:\Users\user\Desktop\RenPy\amfa_episode018_v043-0.43-pc\game\scripts\episode004\episode003\e03_016.rpyc
[OK] C:\Users\user\Desktop\RenPy\amfa_episode018_v043-0.43-pc\game\scripts\episode004\episode003\e03_017.rpy
[OK] C:\Users\user\Desktop\RenPy\amfa_episode018_v043-0.43-pc\game\scripts\episode004\episode003\e03_017.rpyc
[OK] C:\Users\user\Desktop\RenPy\amfa_episode018_v043-0.43-pc\game\scripts\episode004\episode003\e03_018.rpy
[OK] C:\Users\user\Desktop\RenPy\amfa_episode018_v043-0.43-pc\game\scripts\episode004\episode003\e03_018.rpyc
[OK] C:\Users\user\Desktop\RenPy\amfa_episode018_v043-0.43-pc\game\scripts\episode004\episode003\e03_019.rpy
[OK] C:\Users\user\Desktop\RenPy\amfa_episode018_v043-0.43-pc\game\scripts\episode004\episode003\e03_019.rpyc
[OK] C:\Users\user\Desktop\RenPy\amfa_episode018_v043-0.43-pc\game\scripts\episode004\episode003\e03_020.rpy
[OK] C:\Users\user\Desktop\RenPy\amfa_episode018_v043-0.43-pc\game\scripts\episode004\episode003\e03_020.rpyc
[OK] C:\Users\user\Desktop\RenPy\amfa_episode018_v043-0.43-pc\game\tl\brazil\replaceText.rpy
[OK] C:\Users\user\Desktop\RenPy\amfa_episode018_v043-0.43-pc\game\tl\brazil\replaceText.rpyc
[OK] C:\Users\user\Desktop\RenPy\amfa_episode018_v043-0.43-pc\game\tl\brazil\strings.rpy
[OK] C:\Users\user\Desktop\RenPy\amfa_episode018_v043-0.43-pc\game\tl\brazil\strings.rpyc
[OK] C:\Users\user\Desktop\RenPy\amfa_episode018_v043-0.43-pc\game\tl\None\common.rpym
[OK] C:\Users\user\Desktop\RenPy\amfa_episode018_v043-0.43-pc\game\tl\None\common.rpymc
[OK] C:\Users\user\Desktop\RenPy\amfa_episode018_v043-0.43-pc\game\tl\portuguese\zz_rl_exported_portuguese.rpy
[OK] C:\Users\user\Desktop\RenPy\amfa_episode018_v043-0.43-pc\game\tl\portuguese\zz_rl_exported_portuguese.rpyc
[OK] C:\Users\user\Desktop\RenPy\amfa_episode018_v043-0.43-pc\game\tl\brazil\scripts\episode000\intro001.rpy
[OK] C:\Users\user\Desktop\RenPy\amfa_episode018_v043-0.43-pc\game\tl\brazil\scripts\episode000\intro001.rpyc
[OK] C:\Users\user\Desktop\RenPy\amfa_episode018_v043-0.43-pc\game\tl\brazil\scripts\episode000\prologue.rpy
[OK] C:\Users\user\Desktop\RenPy\amfa_episode018_v043-0.43-pc\game\tl\brazil\scripts\episode000\prologue.rpyc
[OK] C:\Users\user\Desktop\RenPy\amfa_episode018_v043-0.43-pc\game\tl\brazil\scripts\episode001\e01_000_stats_tutorial.rpy
[OK] C:\Users\user\Desktop\RenPy\amfa_episode018_v043-0.43-pc\game\tl\brazil\scripts\episode001\e01_000_stats_tutorial.rpyc
[OK] C:\Users\user\Desktop\RenPy\amfa_episode018_v043-0.43-pc\game\tl\brazil\scripts\episode001\e01_001.rpy
[OK] C:\Users\user\Desktop\RenPy\amfa_episode018_v043-0.43-pc\game\tl\brazil\scripts\episode001\e01_001.rpyc
[OK] C:\Users\user\Desktop\RenPy\amfa_episode018_v043-0.43-pc\game\tl\brazil\scripts\episode001\e01_002.rpy
[OK] C:\Users\user\Desktop\RenPy\amfa_episode018_v043-0.43-pc\game\tl\brazil\scripts\episode001\e01_002.rpyc
[OK] C:\Users\user\Desktop\RenPy\amfa_episode018_v043-0.43-pc\game\tl\brazil\scripts\episode001\e01_003.rpy
[OK] C:\Users\user\Desktop\RenPy\amfa_episode018_v043-0.43-pc\game\tl\brazil\scripts\episode001\e01_003.rpyc
[OK] C:\Users\user\Desktop\RenPy\amfa_episode018_v043-0.43-pc\game\tl\brazil\scripts\episode001\e01_004.rpy
[OK] C:\Users\user\Desktop\RenPy\amfa_episode018_v043-0.43-pc\game\tl\brazil\scripts\episode001\e01_004.rpyc
[OK] C:\Users\user\Desktop\RenPy\amfa_episode018_v043-0.43-pc\game\tl\brazil\scripts\episode001\e01_005.rpy
[OK] C:\Users\user\Desktop\RenPy\amfa_episode018_v043-0.43-pc\game\tl\brazil\scripts\episode001\e01_005.rpyc
[OK] C:\Users\user\Desktop\RenPy\amfa_episode018_v043-0.43-pc\game\tl\brazil\scripts\episode001\e01_006.rpy
[OK] C:\Users\user\Desktop\RenPy\amfa_episode018_v043-0.43-pc\game\tl\brazil\scripts\episode001\e01_006.rpyc
[OK] C:\Users\user\Desktop\RenPy\amfa_episode018_v043-0.43-pc\game\tl\brazil\scripts\episode001\e01_007.rpy
[OK] C:\Users\user\Desktop\RenPy\amfa_episode018_v043-0.43-pc\game\tl\brazil\scripts\episode001\e01_007.rpyc
[OK] C:\Users\user\Desktop\RenPy\amfa_episode018_v043-0.43-pc\game\tl\brazil\scripts\episode001\e01_008.rpy
[OK] C:\Users\user\Desktop\RenPy\amfa_episode018_v043-0.43-pc\game\tl\brazil\scripts\episode001\e01_008.rpyc
[OK] C:\Users\user\Desktop\RenPy\amfa_episode018_v043-0.43-pc\game\tl\brazil\scripts\episode001\e01_009.rpy
[OK] C:\Users\user\Desktop\RenPy\amfa_episode018_v043-0.43-pc\game\tl\brazil\scripts\episode001\e01_009.rpyc
[OK] C:\Users\user\Desktop\RenPy\amfa_episode018_v043-0.43-pc\game\tl\brazil\scripts\episode001\e01_010.rpy
[OK] C:\Users\user\Desktop\RenPy\amfa_episode018_v043-0.43-pc\game\tl\brazil\scripts\episode001\e01_010.rpyc
[OK] C:\Users\user\Desktop\RenPy\amfa_episode018_v043-0.43-pc\game\tl\brazil\scripts\episode001\e01_011.rpy
[OK] C:\Users\user\Desktop\RenPy\amfa_episode018_v043-0.43-pc\game\tl\brazil\scripts\episode001\e01_011.rpyc
[OK] C:\Users\user\Desktop\RenPy\amfa_episode018_v043-0.43-pc\game\tl\brazil\scripts\episode001\e01_012.rpy
[OK] C:\Users\user\Desktop\RenPy\amfa_episode018_v043-0.43-pc\game\tl\brazil\scripts\episode001\e01_012.rpyc
[OK] C:\Users\user\Desktop\RenPy\amfa_episode018_v043-0.43-pc\game\tl\brazil\scripts\episode001\e01_013.rpy
[OK] C:\Users\user\Desktop\RenPy\amfa_episode018_v043-0.43-pc\game\tl\brazil\scripts\episode001\e01_013.rpyc
[OK] C:\Users\user\Desktop\RenPy\amfa_episode018_v043-0.43-pc\game\tl\brazil\scripts\episode001\e01_014.rpy
[OK] C:\Users\user\Desktop\RenPy\amfa_episode018_v043-0.43-pc\game\tl\brazil\scripts\episode001\e01_014.rpyc
[OK] C:\Users\user\Desktop\RenPy\amfa_episode018_v043-0.43-pc\game\tl\brazil\scripts\episode001\e01_015.rpy
[OK] C:\Users\user\Desktop\RenPy\amfa_episode018_v043-0.43-pc\game\tl\brazil\scripts\episode001\e01_015.rpyc
[OK] C:\Users\user\Desktop\RenPy\amfa_episode018_v043-0.43-pc\game\tl\brazil\scripts\episode001\e01_016.rpy
[OK] C:\Users\user\Desktop\RenPy\amfa_episode018_v043-0.43-pc\game\tl\brazil\scripts\episode001\e01_016.rpyc
[OK] C:\Users\user\Desktop\RenPy\amfa_episode018_v043-0.43-pc\game\tl\brazil\scripts\episode002\e02_001.rpy
[OK] C:\Users\user\Desktop\RenPy\amfa_episode018_v043-0.43-pc\game\tl\brazil\scripts\episode002\e02_001.rpyc
[OK] C:\Users\user\Desktop\RenPy\amfa_episode018_v043-0.43-pc\game\tl\brazil\scripts\episode002\e02_002.rpy
[OK] C:\Users\user\Desktop\RenPy\amfa_episode018_v043-0.43-pc\game\tl\brazil\scripts\episode002\e02_002.rpyc
[OK] C:\Users\user\Desktop\RenPy\amfa_episode018_v043-0.43-pc\game\tl\brazil\scripts\episode002\e02_003.rpy
[OK] C:\Users\user\Desktop\RenPy\amfa_episode018_v043-0.43-pc\game\tl\brazil\scripts\episode002\e02_003.rpyc
[OK] C:\Users\user\Desktop\RenPy\amfa_episode018_v043-0.43-pc\game\tl\brazil\scripts\episode002\e02_004.rpy
[OK] C:\Users\user\Desktop\RenPy\amfa_episode018_v043-0.43-pc\game\tl\brazil\scripts\episode002\e02_004.rpyc
[OK] C:\Users\user\Desktop\RenPy\amfa_episode018_v043-0.43-pc\game\tl\brazil\scripts\episode002\e02_005.rpy
[OK] C:\Users\user\Desktop\RenPy\amfa_episode018_v043-0.43-pc\game\tl\brazil\scripts\episode002\e02_005.rpyc
[OK] C:\Users\user\Desktop\RenPy\amfa_episode018_v043-0.43-pc\game\tl\brazil\scripts\episode002\e02_006.rpy
[OK] C:\Users\user\Desktop\RenPy\amfa_episode018_v043-0.43-pc\game\tl\brazil\scripts\episode002\e02_006.rpyc
[OK] C:\Users\user\Desktop\RenPy\amfa_episode018_v043-0.43-pc\game\tl\brazil\scripts\episode002\e02_007.rpy
[OK] C:\Users\user\Desktop\RenPy\amfa_episode018_v043-0.43-pc\game\tl\brazil\scripts\episode002\e02_007.rpyc
[OK] C:\Users\user\Desktop\RenPy\amfa_episode018_v043-0.43-pc\game\tl\brazil\scripts\episode002\e02_008.rpy
[OK] C:\Users\user\Desktop\RenPy\amfa_episode018_v043-0.43-pc\game\tl\brazil\scripts\episode002\e02_008.rpyc
[OK] C:\Users\user\Desktop\RenPy\amfa_episode018_v043-0.43-pc\game\tl\brazil\scripts\episode002\e02_009.rpy
[OK] C:\Users\user\Desktop\RenPy\amfa_episode018_v043-0.43-pc\game\tl\brazil\scripts\episode002\e02_009.rpyc
[OK] C:\Users\user\Desktop\RenPy\amfa_episode018_v043-0.43-pc\game\tl\brazil\scripts\episode002\e02_010.rpy
[OK] C:\Users\user\Desktop\RenPy\amfa_episode018_v043-0.43-pc\game\tl\brazil\scripts\episode002\e02_010.rpyc
[OK] C:\Users\user\Desktop\RenPy\amfa_episode018_v043-0.43-pc\game\tl\brazil\scripts\episode002\e02_011.rpy
[OK] C:\Users\user\Desktop\RenPy\amfa_episode018_v043-0.43-pc\game\tl\brazil\scripts\episode002\e02_011.rpyc
[OK] C:\Users\user\Desktop\RenPy\amfa_episode018_v043-0.43-pc\game\tl\brazil\scripts\episode002\e02_012.rpy
[OK] C:\Users\user\Desktop\RenPy\amfa_episode018_v043-0.43-pc\game\tl\brazil\scripts\episode002\e02_012.rpyc
[OK] C:\Users\user\Desktop\RenPy\amfa_episode018_v043-0.43-pc\game\tl\brazil\scripts\episode002\e02_013.rpy
[OK] C:\Users\user\Desktop\RenPy\amfa_episode018_v043-0.43-pc\game\tl\brazil\scripts\episode002\e02_013.rpyc
[OK] C:\Users\user\Desktop\RenPy\amfa_episode018_v043-0.43-pc\game\tl\brazil\scripts\episode002\e02_014.rpy
[OK] C:\Users\user\Desktop\RenPy\amfa_episode018_v043-0.43-pc\game\tl\brazil\scripts\episode002\e02_014.rpyc
[OK] C:\Users\user\Desktop\RenPy\amfa_episode018_v043-0.43-pc\game\tl\brazil\scripts\episode002\e02_015.rpy
[OK] C:\Users\user\Desktop\RenPy\amfa_episode018_v043-0.43-pc\game\tl\brazil\scripts\episode002\e02_015.rpyc
[OK] C:\Users\user\Desktop\RenPy\amfa_episode018_v043-0.43-pc\game\tl\brazil\scripts\episode002\e02_016.rpy
[OK] C:\Users\user\Desktop\RenPy\amfa_episode018_v043-0.43-pc\game\tl\brazil\scripts\episode002\e02_016.rpyc
[OK] C:\Users\user\Desktop\RenPy\amfa_episode018_v043-0.43-pc\game\tl\brazil\scripts\episode002\e02_017.rpy
[OK] C:\Users\user\Desktop\RenPy\amfa_episode018_v043-0.43-pc\game\tl\brazil\scripts\episode002\e02_017.rpyc
[OK] C:\Users\user\Desktop\RenPy\amfa_episode018_v043-0.43-pc\game\tl\brazil\scripts\episode002\e02_018.rpy
[OK] C:\Users\user\Desktop\RenPy\amfa_episode018_v043-0.43-pc\game\tl\brazil\scripts\episode002\e02_018.rpyc
[OK] C:\Users\user\Desktop\RenPy\amfa_episode018_v043-0.43-pc\game\tl\brazil\scripts\episode002\e02_019.rpy
[OK] C:\Users\user\Desktop\RenPy\amfa_episode018_v043-0.43-pc\game\tl\brazil\scripts\episode002\e02_019.rpyc
[OK] C:\Users\user\Desktop\RenPy\amfa_episode018_v043-0.43-pc\game\tl\brazil\scripts\episode002\e02_020.rpy
[OK] C:\Users\user\Desktop\RenPy\amfa_episode018_v043-0.43-pc\game\tl\brazil\scripts\episode002\e02_020.rpyc
[OK] C:\Users\user\Desktop\RenPy\amfa_episode018_v043-0.43-pc\game\tl\brazil\scripts\episode002\e02_021.rpy
[OK] C:\Users\user\Desktop\RenPy\amfa_episode018_v043-0.43-pc\game\tl\brazil\scripts\episode002\e02_021.rpyc
[OK] C:\Users\user\Desktop\RenPy\amfa_episode018_v043-0.43-pc\game\tl\brazil\scripts\episode002\e02_022.rpy
[OK] C:\Users\user\Desktop\RenPy\amfa_episode018_v043-0.43-pc\game\tl\brazil\scripts\episode002\e02_022.rpyc
[OK] C:\Users\user\Desktop\RenPy\amfa_episode018_v043-0.43-pc\game\tl\brazil\scripts\episode004\e04_001.rpy
[OK] C:\Users\user\Desktop\RenPy\amfa_episode018_v043-0.43-pc\game\tl\brazil\scripts\episode004\e04_001.rpyc
[OK] C:\Users\user\Desktop\RenPy\amfa_episode018_v043-0.43-pc\game\tl\brazil\scripts\episode004\e04_002.rpy
[OK] C:\Users\user\Desktop\RenPy\amfa_episode018_v043-0.43-pc\game\tl\brazil\scripts\episode004\e04_002.rpyc
[OK] C:\Users\user\Desktop\RenPy\amfa_episode018_v043-0.43-pc\game\tl\brazil\scripts\episode004\e04_003.rpy
[OK] C:\Users\user\Desktop\RenPy\amfa_episode018_v043-0.43-pc\game\tl\brazil\scripts\episode004\e04_003.rpyc
[OK] C:\Users\user\Desktop\RenPy\amfa_episode018_v043-0.43-pc\game\tl\brazil\scripts\episode004\e04_004.rpy
[OK] C:\Users\user\Desktop\RenPy\amfa_episode018_v043-0.43-pc\game\tl\brazil\scripts\episode004\e04_004.rpyc
[OK] C:\Users\user\Desktop\RenPy\amfa_episode018_v043-0.43-pc\game\tl\brazil\scripts\episode004\e04_005.rpy
[OK] C:\Users\user\Desktop\RenPy\amfa_episode018_v043-0.43-pc\game\tl\brazil\scripts\episode004\e04_005.rpyc
[OK] C:\Users\user\Desktop\RenPy\amfa_episode018_v043-0.43-pc\game\tl\brazil\scripts\episode004\e04_006.rpy
[OK] C:\Users\user\Desktop\RenPy\amfa_episode018_v043-0.43-pc\game\tl\brazil\scripts\episode004\e04_006.rpyc
[OK] C:\Users\user\Desktop\RenPy\amfa_episode018_v043-0.43-pc\game\tl\brazil\scripts\episode004\e04_007.rpy
[OK] C:\Users\user\Desktop\RenPy\amfa_episode018_v043-0.43-pc\game\tl\brazil\scripts\episode004\e04_007.rpyc
[OK] C:\Users\user\Desktop\RenPy\amfa_episode018_v043-0.43-pc\game\tl\brazil\scripts\episode004\e04_008.rpy
[OK] C:\Users\user\Desktop\RenPy\amfa_episode018_v043-0.43-pc\game\tl\brazil\scripts\episode004\e04_008.rpyc
[OK] C:\Users\user\Desktop\RenPy\amfa_episode018_v043-0.43-pc\game\tl\brazil\scripts\episode004\e04_009.rpy
[OK] C:\Users\user\Desktop\RenPy\amfa_episode018_v043-0.43-pc\game\tl\brazil\scripts\episode004\e04_009.rpyc
[OK] C:\Users\user\Desktop\RenPy\amfa_episode018_v043-0.43-pc\game\tl\brazil\scripts\episode004\e04_010.rpy
[OK] C:\Users\user\Desktop\RenPy\amfa_episode018_v043-0.43-pc\game\tl\brazil\scripts\episode004\e04_010.rpyc
[OK] C:\Users\user\Desktop\RenPy\amfa_episode018_v043-0.43-pc\game\tl\brazil\scripts\episode004\e04_011.rpy
[OK] C:\Users\user\Desktop\RenPy\amfa_episode018_v043-0.43-pc\game\tl\brazil\scripts\episode004\e04_011.rpyc
[OK] C:\Users\user\Desktop\RenPy\amfa_episode018_v043-0.43-pc\game\tl\brazil\scripts\episode004\e04_012.rpy
[OK] C:\Users\user\Desktop\RenPy\amfa_episode018_v043-0.43-pc\game\tl\brazil\scripts\episode004\e04_012.rpyc
[OK] C:\Users\user\Desktop\RenPy\amfa_episode018_v043-0.43-pc\game\tl\brazil\scripts\episode004\e04_013.rpy
[OK] C:\Users\user\Desktop\RenPy\amfa_episode018_v043-0.43-pc\game\tl\brazil\scripts\episode004\e04_013.rpyc
[OK] C:\Users\user\Desktop\RenPy\amfa_episode018_v043-0.43-pc\game\tl\brazil\scripts\episode004\e04_014.rpy
[OK] C:\Users\user\Desktop\RenPy\amfa_episode018_v043-0.43-pc\game\tl\brazil\scripts\episode004\e04_014.rpyc
[OK] C:\Users\user\Desktop\RenPy\amfa_episode018_v043-0.43-pc\game\tl\brazil\scripts\episode004\e04_015.rpy
[OK] C:\Users\user\Desktop\RenPy\amfa_episode018_v043-0.43-pc\game\tl\brazil\scripts\episode004\e04_015.rpyc
[OK] C:\Users\user\Desktop\RenPy\amfa_episode018_v043-0.43-pc\game\tl\brazil\scripts\episode004\e04_016.rpy
[OK] C:\Users\user\Desktop\RenPy\amfa_episode018_v043-0.43-pc\game\tl\brazil\scripts\episode004\e04_016.rpyc
[OK] C:\Users\user\Desktop\RenPy\amfa_episode018_v043-0.43-pc\game\tl\brazil\scripts\episode004\e04_017.rpy
[OK] C:\Users\user\Desktop\RenPy\amfa_episode018_v043-0.43-pc\game\tl\brazil\scripts\episode004\e04_017.rpyc
[OK] C:\Users\user\Desktop\RenPy\amfa_episode018_v043-0.43-pc\game\tl\brazil\scripts\episode004\e04_018.rpy
[OK] C:\Users\user\Desktop\RenPy\amfa_episode018_v043-0.43-pc\game\tl\brazil\scripts\episode004\e04_018.rpyc
[OK] C:\Users\user\Desktop\RenPy\amfa_episode018_v043-0.43-pc\game\tl\brazil\scripts\episode004\e04_019.rpy
[OK] C:\Users\user\Desktop\RenPy\amfa_episode018_v043-0.43-pc\game\tl\brazil\scripts\episode004\e04_019.rpyc
[OK] C:\Users\user\Desktop\RenPy\amfa_episode018_v043-0.43-pc\game\tl\brazil\scripts\episode004\e04_020.rpy
[OK] C:\Users\user\Desktop\RenPy\amfa_episode018_v043-0.43-pc\game\tl\brazil\scripts\episode004\e04_020.rpyc
[OK] C:\Users\user\Desktop\RenPy\amfa_episode018_v043-0.43-pc\game\tl\brazil\scripts\episode004\e04_021.rpy
[OK] C:\Users\user\Desktop\RenPy\amfa_episode018_v043-0.43-pc\game\tl\brazil\scripts\episode004\e04_021.rpyc
[OK] C:\Users\user\Desktop\RenPy\amfa_episode018_v043-0.43-pc\game\tl\brazil\scripts\episode004\e04_022.rpy
[OK] C:\Users\user\Desktop\RenPy\amfa_episode018_v043-0.43-pc\game\tl\brazil\scripts\episode004\e04_022.rpyc
[OK] C:\Users\user\Desktop\RenPy\amfa_episode018_v043-0.43-pc\game\tl\brazil\scripts\episode004\e04_023.rpy
[OK] C:\Users\user\Desktop\RenPy\amfa_episode018_v043-0.43-pc\game\tl\brazil\scripts\episode004\e04_023.rpyc
[OK] C:\Users\user\Desktop\RenPy\amfa_episode018_v043-0.43-pc\game\tl\brazil\scripts\episode005\e05_001.rpy
[OK] C:\Users\user\Desktop\RenPy\amfa_episode018_v043-0.43-pc\game\tl\brazil\scripts\episode005\e05_001.rpyc
[OK] C:\Users\user\Desktop\RenPy\amfa_episode018_v043-0.43-pc\game\tl\brazil\scripts\episode005\e05_002.rpy
[OK] C:\Users\user\Desktop\RenPy\amfa_episode018_v043-0.43-pc\game\tl\brazil\scripts\episode005\e05_002.rpyc
[OK] C:\Users\user\Desktop\RenPy\amfa_episode018_v043-0.43-pc\game\tl\brazil\scripts\episode005\e05_003.rpy
[OK] C:\Users\user\Desktop\RenPy\amfa_episode018_v043-0.43-pc\game\tl\brazil\scripts\episode005\e05_003.rpyc
[OK] C:\Users\user\Desktop\RenPy\amfa_episode018_v043-0.43-pc\game\tl\brazil\scripts\episode005\e05_004.rpy
[OK] C:\Users\user\Desktop\RenPy\amfa_episode018_v043-0.43-pc\game\tl\brazil\scripts\episode005\e05_004.rpyc
[OK] C:\Users\user\Desktop\RenPy\amfa_episode018_v043-0.43-pc\game\tl\brazil\scripts\episode005\e05_005.rpy
[OK] C:\Users\user\Desktop\RenPy\amfa_episode018_v043-0.43-pc\game\tl\brazil\scripts\episode005\e05_005.rpyc
[OK] C:\Users\user\Desktop\RenPy\amfa_episode018_v043-0.43-pc\game\tl\brazil\scripts\episode005\e05_006.rpy
[OK] C:\Users\user\Desktop\RenPy\amfa_episode018_v043-0.43-pc\game\tl\brazil\scripts\episode005\e05_006.rpyc
[OK] C:\Users\user\Desktop\RenPy\amfa_episode018_v043-0.43-pc\game\tl\brazil\scripts\episode005\e05_007.rpy
[OK] C:\Users\user\Desktop\RenPy\amfa_episode018_v043-0.43-pc\game\tl\brazil\scripts\episode005\e05_007.rpyc
[OK] C:\Users\user\Desktop\RenPy\amfa_episode018_v043-0.43-pc\game\tl\brazil\scripts\episode005\e05_008.rpy
[OK] C:\Users\user\Desktop\RenPy\amfa_episode018_v043-0.43-pc\game\tl\brazil\scripts\episode005\e05_008.rpyc
[OK] C:\Users\user\Desktop\RenPy\amfa_episode018_v043-0.43-pc\game\tl\brazil\scripts\episode005\e05_009.rpy
[OK] C:\Users\user\Desktop\RenPy\amfa_episode018_v043-0.43-pc\game\tl\brazil\scripts\episode005\e05_009.rpyc
[OK] C:\Users\user\Desktop\RenPy\amfa_episode018_v043-0.43-pc\game\tl\brazil\scripts\episode005\e05_010.rpy
[OK] C:\Users\user\Desktop\RenPy\amfa_episode018_v043-0.43-pc\game\tl\brazil\scripts\episode005\e05_010.rpyc
[OK] C:\Users\user\Desktop\RenPy\amfa_episode018_v043-0.43-pc\game\tl\brazil\scripts\episode005\e05_011.rpy
[OK] C:\Users\user\Desktop\RenPy\amfa_episode018_v043-0.43-pc\game\tl\brazil\scripts\episode005\e05_011.rpyc
[OK] C:\Users\user\Desktop\RenPy\amfa_episode018_v043-0.43-pc\game\tl\brazil\scripts\episode005\e05_012.rpy
[OK] C:\Users\user\Desktop\RenPy\amfa_episode018_v043-0.43-pc\game\tl\brazil\scripts\episode005\e05_012.rpyc
[OK] C:\Users\user\Desktop\RenPy\amfa_episode018_v043-0.43-pc\game\tl\brazil\scripts\episode005\e05_013.rpy
[OK] C:\Users\user\Desktop\RenPy\amfa_episode018_v043-0.43-pc\game\tl\brazil\scripts\episode005\e05_013.rpyc
[OK] C:\Users\user\Desktop\RenPy\amfa_episode018_v043-0.43-pc\game\tl\brazil\scripts\episode005\e05_014.rpy
[OK] C:\Users\user\Desktop\RenPy\amfa_episode018_v043-0.43-pc\game\tl\brazil\scripts\episode005\e05_014.rpyc
[OK] C:\Users\user\Desktop\RenPy\amfa_episode018_v043-0.43-pc\game\tl\brazil\scripts\episode005\e05_015.rpy
[OK] C:\Users\user\Desktop\RenPy\amfa_episode018_v043-0.43-pc\game\tl\brazil\scripts\episode005\e05_015.rpyc
[OK] C:\Users\user\Desktop\RenPy\amfa_episode018_v043-0.43-pc\game\tl\brazil\scripts\episode005\e05_016.rpy
[OK] C:\Users\user\Desktop\RenPy\amfa_episode018_v043-0.43-pc\game\tl\brazil\scripts\episode005\e05_016.rpyc
[OK] C:\Users\user\Desktop\RenPy\amfa_episode018_v043-0.43-pc\game\tl\brazil\scripts\episode005\e05_017.rpy
[OK] C:\Users\user\Desktop\RenPy\amfa_episode018_v043-0.43-pc\game\tl\brazil\scripts\episode005\e05_017.rpyc
[OK] C:\Users\user\Desktop\RenPy\amfa_episode018_v043-0.43-pc\game\tl\brazil\scripts\episode005\e05_018.rpy
[OK] C:\Users\user\Desktop\RenPy\amfa_episode018_v043-0.43-pc\game\tl\brazil\scripts\episode005\e05_018.rpyc
[OK] C:\Users\user\Desktop\RenPy\amfa_episode018_v043-0.43-pc\game\tl\brazil\scripts\episode005\e05_019.rpy
[OK] C:\Users\user\Desktop\RenPy\amfa_episode018_v043-0.43-pc\game\tl\brazil\scripts\episode005\e05_019.rpyc
[OK] C:\Users\user\Desktop\RenPy\amfa_episode018_v043-0.43-pc\game\tl\brazil\scripts\episode005\e05_020.rpy
[OK] C:\Users\user\Desktop\RenPy\amfa_episode018_v043-0.43-pc\game\tl\brazil\scripts\episode005\e05_020.rpyc
[OK] C:\Users\user\Desktop\RenPy\amfa_episode018_v043-0.43-pc\game\tl\brazil\scripts\episode005\e05_021.rpy
[OK] C:\Users\user\Desktop\RenPy\amfa_episode018_v043-0.43-pc\game\tl\brazil\scripts\episode005\e05_021.rpyc
[OK] C:\Users\user\Desktop\RenPy\amfa_episode018_v043-0.43-pc\game\tl\brazil\scripts\episode005\e05_022.rpy
[OK] C:\Users\user\Desktop\RenPy\amfa_episode018_v043-0.43-pc\game\tl\brazil\scripts\episode005\e05_022.rpyc
[OK] C:\Users\user\Desktop\RenPy\amfa_episode018_v043-0.43-pc\game\tl\brazil\scripts\episode005\e05_023.rpy
[OK] C:\Users\user\Desktop\RenPy\amfa_episode018_v043-0.43-pc\game\tl\brazil\scripts\episode005\e05_023.rpyc
[OK] C:\Users\user\Desktop\RenPy\amfa_episode018_v043-0.43-pc\game\tl\brazil\scripts\episode005\e05_024.rpy
[OK] C:\Users\user\Desktop\RenPy\amfa_episode018_v043-0.43-pc\game\tl\brazil\scripts\episode005\e05_024.rpyc
[OK] C:\Users\user\Desktop\RenPy\amfa_episode018_v043-0.43-pc\game\tl\brazil\scripts\episode005\e05_025.rpy
[OK] C:\Users\user\Desktop\RenPy\amfa_episode018_v043-0.43-pc\game\tl\brazil\scripts\episode005\e05_025.rpyc
[OK] C:\Users\user\Desktop\RenPy\amfa_episode018_v043-0.43-pc\game\tl\brazil\scripts\episode005\e05_026.rpy
[OK] C:\Users\user\Desktop\RenPy\amfa_episode018_v043-0.43-pc\game\tl\brazil\scripts\episode005\e05_026.rpyc
[OK] C:\Users\user\Desktop\RenPy\amfa_episode018_v043-0.43-pc\game\tl\brazil\scripts\episode005\e05_027.rpy
[OK] C:\Users\user\Desktop\RenPy\amfa_episode018_v043-0.43-pc\game\tl\brazil\scripts\episode005\e05_027.rpyc
[OK] C:\Users\user\Desktop\RenPy\amfa_episode018_v043-0.43-pc\game\tl\brazil\scripts\episode006\e06_001.rpy
[OK] C:\Users\user\Desktop\RenPy\amfa_episode018_v043-0.43-pc\game\tl\brazil\scripts\episode006\e06_001.rpyc
[OK] C:\Users\user\Desktop\RenPy\amfa_episode018_v043-0.43-pc\game\tl\brazil\scripts\episode006\e06_002.rpy
[OK] C:\Users\user\Desktop\RenPy\amfa_episode018_v043-0.43-pc\game\tl\brazil\scripts\episode006\e06_002.rpyc
[OK] C:\Users\user\Desktop\RenPy\amfa_episode018_v043-0.43-pc\game\tl\brazil\scripts\episode006\e06_003.rpy
[OK] C:\Users\user\Desktop\RenPy\amfa_episode018_v043-0.43-pc\game\tl\brazil\scripts\episode006\e06_003.rpyc
[OK] C:\Users\user\Desktop\RenPy\amfa_episode018_v043-0.43-pc\game\tl\brazil\scripts\episode006\e06_004.rpy
[OK] C:\Users\user\Desktop\RenPy\amfa_episode018_v043-0.43-pc\game\tl\brazil\scripts\episode006\e06_004.rpyc
[OK] C:\Users\user\Desktop\RenPy\amfa_episode018_v043-0.43-pc\game\tl\brazil\scripts\episode006\e06_005.rpy
[OK] C:\Users\user\Desktop\RenPy\amfa_episode018_v043-0.43-pc\game\tl\brazil\scripts\episode006\e06_005.rpyc
[OK] C:\Users\user\Desktop\RenPy\amfa_episode018_v043-0.43-pc\game\tl\brazil\scripts\episode006\e06_006.rpy
[OK] C:\Users\user\Desktop\RenPy\amfa_episode018_v043-0.43-pc\game\tl\brazil\scripts\episode006\e06_006.rpyc
[OK] C:\Users\user\Desktop\RenPy\amfa_episode018_v043-0.43-pc\game\tl\brazil\scripts\episode006\e06_007.rpy
[OK] C:\Users\user\Desktop\RenPy\amfa_episode018_v043-0.43-pc\game\tl\brazil\scripts\episode006\e06_007.rpyc
[OK] C:\Users\user\Desktop\RenPy\amfa_episode018_v043-0.43-pc\game\tl\brazil\scripts\episode006\e06_008.rpy
[OK] C:\Users\user\Desktop\RenPy\amfa_episode018_v043-0.43-pc\game\tl\brazil\scripts\episode006\e06_008.rpyc
[OK] C:\Users\user\Desktop\RenPy\amfa_episode018_v043-0.43-pc\game\tl\brazil\scripts\episode006\e06_009.rpy
[OK] C:\Users\user\Desktop\RenPy\amfa_episode018_v043-0.43-pc\game\tl\brazil\scripts\episode006\e06_009.rpyc
[OK] C:\Users\user\Desktop\RenPy\amfa_episode018_v043-0.43-pc\game\tl\brazil\scripts\episode006\e06_010.rpy
[OK] C:\Users\user\Desktop\RenPy\amfa_episode018_v043-0.43-pc\game\tl\brazil\scripts\episode006\e06_010.rpyc
[OK] C:\Users\user\Desktop\RenPy\amfa_episode018_v043-0.43-pc\game\tl\brazil\scripts\episode006\e06_011.rpy
[OK] C:\Users\user\Desktop\RenPy\amfa_episode018_v043-0.43-pc\game\tl\brazil\scripts\episode006\e06_011.rpyc
[OK] C:\Users\user\Desktop\RenPy\amfa_episode018_v043-0.43-pc\game\tl\brazil\scripts\episode006\e06_012.rpy
[OK] C:\Users\user\Desktop\RenPy\amfa_episode018_v043-0.43-pc\game\tl\brazil\scripts\episode006\e06_012.rpyc
[OK] C:\Users\user\Desktop\RenPy\amfa_episode018_v043-0.43-pc\game\tl\brazil\scripts\episode006\e06_013.rpy
[OK] C:\Users\user\Desktop\RenPy\amfa_episode018_v043-0.43-pc\game\tl\brazil\scripts\episode006\e06_013.rpyc
[OK] C:\Users\user\Desktop\RenPy\amfa_episode018_v043-0.43-pc\game\tl\brazil\scripts\episode006\e06_014.rpy
[OK] C:\Users\user\Desktop\RenPy\amfa_episode018_v043-0.43-pc\game\tl\brazil\scripts\episode006\e06_014.rpyc
[OK] C:\Users\user\Desktop\RenPy\amfa_episode018_v043-0.43-pc\game\tl\brazil\scripts\episode006\e06_015.rpy
[OK] C:\Users\user\Desktop\RenPy\amfa_episode018_v043-0.43-pc\game\tl\brazil\scripts\episode006\e06_015.rpyc
[OK] C:\Users\user\Desktop\RenPy\amfa_episode018_v043-0.43-pc\game\tl\brazil\scripts\episode006\e06_016.rpy
[OK] C:\Users\user\Desktop\RenPy\amfa_episode018_v043-0.43-pc\game\tl\brazil\scripts\episode006\e06_016.rpyc
[OK] C:\Users\user\Desktop\RenPy\amfa_episode018_v043-0.43-pc\game\tl\brazil\scripts\episode006\e06_017.rpy
[OK] C:\Users\user\Desktop\RenPy\amfa_episode018_v043-0.43-pc\game\tl\brazil\scripts\episode006\e06_017.rpyc
[OK] C:\Users\user\Desktop\RenPy\amfa_episode018_v043-0.43-pc\game\tl\brazil\scripts\episode006\e06_018.rpy
[OK] C:\Users\user\Desktop\RenPy\amfa_episode018_v043-0.43-pc\game\tl\brazil\scripts\episode006\e06_018.rpyc
[OK] C:\Users\user\Desktop\RenPy\amfa_episode018_v043-0.43-pc\game\tl\brazil\scripts\episode006\e06_019.rpy
[OK] C:\Users\user\Desktop\RenPy\amfa_episode018_v043-0.43-pc\game\tl\brazil\scripts\episode006\e06_019.rpyc
[OK] C:\Users\user\Desktop\RenPy\amfa_episode018_v043-0.43-pc\game\tl\brazil\scripts\episode006\e06_020.rpy
[OK] C:\Users\user\Desktop\RenPy\amfa_episode018_v043-0.43-pc\game\tl\brazil\scripts\episode006\e06_020.rpyc
[OK] C:\Users\user\Desktop\RenPy\amfa_episode018_v043-0.43-pc\game\tl\brazil\scripts\episode006\e06_021.rpy
[OK] C:\Users\user\Desktop\RenPy\amfa_episode018_v043-0.43-pc\game\tl\brazil\scripts\episode006\e06_021.rpyc
[OK] C:\Users\user\Desktop\RenPy\amfa_episode018_v043-0.43-pc\game\tl\brazil\scripts\episode006\e06_022.rpy
[OK] C:\Users\user\Desktop\RenPy\amfa_episode018_v043-0.43-pc\game\tl\brazil\scripts\episode006\e06_022.rpyc
[OK] C:\Users\user\Desktop\RenPy\amfa_episode018_v043-0.43-pc\game\tl\brazil\scripts\episode006\e06_023.rpy
[OK] C:\Users\user\Desktop\RenPy\amfa_episode018_v043-0.43-pc\game\tl\brazil\scripts\episode006\e06_023.rpyc
[OK] C:\Users\user\Desktop\RenPy\amfa_episode018_v043-0.43-pc\game\tl\brazil\scripts\episode006\e06_024.rpy
[OK] C:\Users\user\Desktop\RenPy\amfa_episode018_v043-0.43-pc\game\tl\brazil\scripts\episode006\e06_024.rpyc
[OK] C:\Users\user\Desktop\RenPy\amfa_episode018_v043-0.43-pc\game\tl\brazil\scripts\episode007\e07_000_recap.rpy
[OK] C:\Users\user\Desktop\RenPy\amfa_episode018_v043-0.43-pc\game\tl\brazil\scripts\episode007\e07_000_recap.rpyc
[OK] C:\Users\user\Desktop\RenPy\amfa_episode018_v043-0.43-pc\game\tl\brazil\scripts\episode007\e07_001.rpy
[OK] C:\Users\user\Desktop\RenPy\amfa_episode018_v043-0.43-pc\game\tl\brazil\scripts\episode007\e07_001.rpyc
[OK] C:\Users\user\Desktop\RenPy\amfa_episode018_v043-0.43-pc\game\tl\brazil\scripts\episode007\e07_002.rpy
[OK] C:\Users\user\Desktop\RenPy\amfa_episode018_v043-0.43-pc\game\tl\brazil\scripts\episode007\e07_002.rpyc
[OK] C:\Users\user\Desktop\RenPy\amfa_episode018_v043-0.43-pc\game\tl\brazil\scripts\episode007\e07_003.rpy
[OK] C:\Users\user\Desktop\RenPy\amfa_episode018_v043-0.43-pc\game\tl\brazil\scripts\episode007\e07_003.rpyc
[OK] C:\Users\user\Desktop\RenPy\amfa_episode018_v043-0.43-pc\game\tl\brazil\scripts\episode007\e07_004.rpy
[OK] C:\Users\user\Desktop\RenPy\amfa_episode018_v043-0.43-pc\game\tl\brazil\scripts\episode007\e07_004.rpyc
[OK] C:\Users\user\Desktop\RenPy\amfa_episode018_v043-0.43-pc\game\tl\brazil\scripts\episode007\e07_005.rpy
[OK] C:\Users\user\Desktop\RenPy\amfa_episode018_v043-0.43-pc\game\tl\brazil\scripts\episode007\e07_005.rpyc
[OK] C:\Users\user\Desktop\RenPy\amfa_episode018_v043-0.43-pc\game\tl\brazil\scripts\episode007\e07_006.rpy
[OK] C:\Users\user\Desktop\RenPy\amfa_episode018_v043-0.43-pc\game\tl\brazil\scripts\episode007\e07_006.rpyc
[OK] C:\Users\user\Desktop\RenPy\amfa_episode018_v043-0.43-pc\game\tl\brazil\scripts\episode007\e07_007.rpy
[OK] C:\Users\user\Desktop\RenPy\amfa_episode018_v043-0.43-pc\game\tl\brazil\scripts\episode007\e07_007.rpyc
[OK] C:\Users\user\Desktop\RenPy\amfa_episode018_v043-0.43-pc\game\tl\brazil\scripts\episode007\e07_008.rpy
[OK] C:\Users\user\Desktop\RenPy\amfa_episode018_v043-0.43-pc\game\tl\brazil\scripts\episode007\e07_008.rpyc
[OK] C:\Users\user\Desktop\RenPy\amfa_episode018_v043-0.43-pc\game\tl\brazil\scripts\episode007\e07_009.rpy
[OK] C:\Users\user\Desktop\RenPy\amfa_episode018_v043-0.43-pc\game\tl\brazil\scripts\episode007\e07_009.rpyc
[OK] C:\Users\user\Desktop\RenPy\amfa_episode018_v043-0.43-pc\game\tl\brazil\scripts\episode007\e07_010.rpy
[OK] C:\Users\user\Desktop\RenPy\amfa_episode018_v043-0.43-pc\game\tl\brazil\scripts\episode007\e07_010.rpyc
[OK] C:\Users\user\Desktop\RenPy\amfa_episode018_v043-0.43-pc\game\tl\brazil\scripts\episode007\e07_011.rpy
[OK] C:\Users\user\Desktop\RenPy\amfa_episode018_v043-0.43-pc\game\tl\brazil\scripts\episode007\e07_011.rpyc
[OK] C:\Users\user\Desktop\RenPy\amfa_episode018_v043-0.43-pc\game\tl\brazil\scripts\episode007\e07_012.rpy
[OK] C:\Users\user\Desktop\RenPy\amfa_episode018_v043-0.43-pc\game\tl\brazil\scripts\episode007\e07_012.rpyc
[OK] C:\Users\user\Desktop\RenPy\amfa_episode018_v043-0.43-pc\game\tl\brazil\scripts\episode007\e07_013.rpy
[OK] C:\Users\user\Desktop\RenPy\amfa_episode018_v043-0.43-pc\game\tl\brazil\scripts\episode007\e07_013.rpyc
[OK] C:\Users\user\Desktop\RenPy\amfa_episode018_v043-0.43-pc\game\tl\brazil\scripts\episode007\e07_014.rpy
[OK] C:\Users\user\Desktop\RenPy\amfa_episode018_v043-0.43-pc\game\tl\brazil\scripts\episode007\e07_014.rpyc
[OK] C:\Users\user\Desktop\RenPy\amfa_episode018_v043-0.43-pc\game\tl\brazil\scripts\episode007\e07_015.rpy
[OK] C:\Users\user\Desktop\RenPy\amfa_episode018_v043-0.43-pc\game\tl\brazil\scripts\episode007\e07_015.rpyc
[OK] C:\Users\user\Desktop\RenPy\amfa_episode018_v043-0.43-pc\game\tl\brazil\scripts\episode007\e07_016.rpy
[OK] C:\Users\user\Desktop\RenPy\amfa_episode018_v043-0.43-pc\game\tl\brazil\scripts\episode007\e07_016.rpyc
[OK] C:\Users\user\Desktop\RenPy\amfa_episode018_v043-0.43-pc\game\tl\brazil\scripts\episode007\e07_017.rpy
[OK] C:\Users\user\Desktop\RenPy\amfa_episode018_v043-0.43-pc\game\tl\brazil\scripts\episode007\e07_017.rpyc
[OK] C:\Users\user\Desktop\RenPy\amfa_episode018_v043-0.43-pc\game\tl\brazil\scripts\episode007\e07_018.rpy
[OK] C:\Users\user\Desktop\RenPy\amfa_episode018_v043-0.43-pc\game\tl\brazil\scripts\episode007\e07_018.rpyc
[OK] C:\Users\user\Desktop\RenPy\amfa_episode018_v043-0.43-pc\game\tl\brazil\scripts\episode007\e07_019.rpy
[OK] C:\Users\user\Desktop\RenPy\amfa_episode018_v043-0.43-pc\game\tl\brazil\scripts\episode007\e07_019.rpyc
[OK] C:\Users\user\Desktop\RenPy\amfa_episode018_v043-0.43-pc\game\tl\brazil\scripts\episode007\e07_020.rpy
[OK] C:\Users\user\Desktop\RenPy\amfa_episode018_v043-0.43-pc\game\tl\brazil\scripts\episode007\e07_020.rpyc
[OK] C:\Users\user\Desktop\RenPy\amfa_episode018_v043-0.43-pc\game\tl\brazil\scripts\episode007\e07_021.rpy
[OK] C:\Users\user\Desktop\RenPy\amfa_episode018_v043-0.43-pc\game\tl\brazil\scripts\episode007\e07_021.rpyc
[OK] C:\Users\user\Desktop\RenPy\amfa_episode018_v043-0.43-pc\game\tl\brazil\scripts\episode007\e07_022.rpy
[OK] C:\Users\user\Desktop\RenPy\amfa_episode018_v043-0.43-pc\game\tl\brazil\scripts\episode007\e07_022.rpyc
[OK] C:\Users\user\Desktop\RenPy\amfa_episode018_v043-0.43-pc\game\tl\brazil\scripts\episode008\e08_000_recap.rpy
[OK] C:\Users\user\Desktop\RenPy\amfa_episode018_v043-0.43-pc\game\tl\brazil\scripts\episode008\e08_000_recap.rpyc
[OK] C:\Users\user\Desktop\RenPy\amfa_episode018_v043-0.43-pc\game\tl\brazil\scripts\episode008\e08_001.rpy
[OK] C:\Users\user\Desktop\RenPy\amfa_episode018_v043-0.43-pc\game\tl\brazil\scripts\episode008\e08_001.rpyc
[OK] C:\Users\user\Desktop\RenPy\amfa_episode018_v043-0.43-pc\game\tl\brazil\scripts\episode008\e08_002.rpy
[OK] C:\Users\user\Desktop\RenPy\amfa_episode018_v043-0.43-pc\game\tl\brazil\scripts\episode008\e08_002.rpyc
[OK] C:\Users\user\Desktop\RenPy\amfa_episode018_v043-0.43-pc\game\tl\brazil\scripts\episode008\e08_003.rpy
[OK] C:\Users\user\Desktop\RenPy\amfa_episode018_v043-0.43-pc\game\tl\brazil\scripts\episode008\e08_003.rpyc
[OK] C:\Users\user\Desktop\RenPy\amfa_episode018_v043-0.43-pc\game\tl\brazil\scripts\episode008\e08_004.rpy
[OK] C:\Users\user\Desktop\RenPy\amfa_episode018_v043-0.43-pc\game\tl\brazil\scripts\episode008\e08_004.rpyc
[OK] C:\Users\user\Desktop\RenPy\amfa_episode018_v043-0.43-pc\game\tl\brazil\scripts\episode008\e08_005.rpy
[OK] C:\Users\user\Desktop\RenPy\amfa_episode018_v043-0.43-pc\game\tl\brazil\scripts\episode008\e08_005.rpyc
[OK] C:\Users\user\Desktop\RenPy\amfa_episode018_v043-0.43-pc\game\tl\brazil\scripts\episode008\e08_006.rpy
[OK] C:\Users\user\Desktop\RenPy\amfa_episode018_v043-0.43-pc\game\tl\brazil\scripts\episode008\e08_006.rpyc
[OK] C:\Users\user\Desktop\RenPy\amfa_episode018_v043-0.43-pc\game\tl\brazil\scripts\episode008\e08_007.rpy
[OK] C:\Users\user\Desktop\RenPy\amfa_episode018_v043-0.43-pc\game\tl\brazil\scripts\episode008\e08_007.rpyc
[OK] C:\Users\user\Desktop\RenPy\amfa_episode018_v043-0.43-pc\game\tl\brazil\scripts\episode008\e08_008.rpy
[OK] C:\Users\user\Desktop\RenPy\amfa_episode018_v043-0.43-pc\game\tl\brazil\scripts\episode008\e08_008.rpyc
[OK] C:\Users\user\Desktop\RenPy\amfa_episode018_v043-0.43-pc\game\tl\brazil\scripts\episode008\e08_009.rpy
[OK] C:\Users\user\Desktop\RenPy\amfa_episode018_v043-0.43-pc\game\tl\brazil\scripts\episode008\e08_009.rpyc
[OK] C:\Users\user\Desktop\RenPy\amfa_episode018_v043-0.43-pc\game\tl\brazil\scripts\episode008\e08_010.rpy
[OK] C:\Users\user\Desktop\RenPy\amfa_episode018_v043-0.43-pc\game\tl\brazil\scripts\episode008\e08_010.rpyc
[OK] C:\Users\user\Desktop\RenPy\amfa_episode018_v043-0.43-pc\game\tl\brazil\scripts\episode008\e08_011.rpy
[OK] C:\Users\user\Desktop\RenPy\amfa_episode018_v043-0.43-pc\game\tl\brazil\scripts\episode008\e08_011.rpyc
[OK] C:\Users\user\Desktop\RenPy\amfa_episode018_v043-0.43-pc\game\tl\brazil\scripts\episode008\e08_012.rpy
[OK] C:\Users\user\Desktop\RenPy\amfa_episode018_v043-0.43-pc\game\tl\brazil\scripts\episode008\e08_012.rpyc
[OK] C:\Users\user\Desktop\RenPy\amfa_episode018_v043-0.43-pc\game\tl\brazil\scripts\episode008\e08_013.rpy
[OK] C:\Users\user\Desktop\RenPy\amfa_episode018_v043-0.43-pc\game\tl\brazil\scripts\episode008\e08_013.rpyc
[OK] C:\Users\user\Desktop\RenPy\amfa_episode018_v043-0.43-pc\game\tl\brazil\scripts\episode008\e08_014.rpy
[OK] C:\Users\user\Desktop\RenPy\amfa_episode018_v043-0.43-pc\game\tl\brazil\scripts\episode008\e08_014.rpyc
[OK] C:\Users\user\Desktop\RenPy\amfa_episode018_v043-0.43-pc\game\tl\brazil\scripts\episode008\e08_015.rpy
[OK] C:\Users\user\Desktop\RenPy\amfa_episode018_v043-0.43-pc\game\tl\brazil\scripts\episode008\e08_015.rpyc
[OK] C:\Users\user\Desktop\RenPy\amfa_episode018_v043-0.43-pc\game\tl\brazil\scripts\episode008\e08_016.rpy
[OK] C:\Users\user\Desktop\RenPy\amfa_episode018_v043-0.43-pc\game\tl\brazil\scripts\episode008\e08_016.rpyc
[OK] C:\Users\user\Desktop\RenPy\amfa_episode018_v043-0.43-pc\game\tl\brazil\scripts\episode008\e08_017.rpy
[OK] C:\Users\user\Desktop\RenPy\amfa_episode018_v043-0.43-pc\game\tl\brazil\scripts\episode008\e08_017.rpyc
[OK] C:\Users\user\Desktop\RenPy\amfa_episode018_v043-0.43-pc\game\tl\brazil\scripts\episode008\e08_018.rpy
[OK] C:\Users\user\Desktop\RenPy\amfa_episode018_v043-0.43-pc\game\tl\brazil\scripts\episode008\e08_018.rpyc
[OK] C:\Users\user\Desktop\RenPy\amfa_episode018_v043-0.43-pc\game\tl\brazil\scripts\episode008\e08_019.rpy
[OK] C:\Users\user\Desktop\RenPy\amfa_episode018_v043-0.43-pc\game\tl\brazil\scripts\episode008\e08_019.rpyc
[OK] C:\Users\user\Desktop\RenPy\amfa_episode018_v043-0.43-pc\game\tl\brazil\scripts\episode008\e08_020.rpy
[OK] C:\Users\user\Desktop\RenPy\amfa_episode018_v043-0.43-pc\game\tl\brazil\scripts\episode008\e08_020.rpyc
[OK] C:\Users\user\Desktop\RenPy\amfa_episode018_v043-0.43-pc\game\tl\brazil\scripts\episode008\e08_021.rpy
[OK] C:\Users\user\Desktop\RenPy\amfa_episode018_v043-0.43-pc\game\tl\brazil\scripts\episode008\e08_021.rpyc
[OK] C:\Users\user\Desktop\RenPy\amfa_episode018_v043-0.43-pc\game\tl\brazil\scripts\episode008\e08_022.rpy
[OK] C:\Users\user\Desktop\RenPy\amfa_episode018_v043-0.43-pc\game\tl\brazil\scripts\episode008\e08_022.rpyc
[OK] C:\Users\user\Desktop\RenPy\amfa_episode018_v043-0.43-pc\game\tl\brazil\scripts\episode008\e08_023.rpy
[OK] C:\Users\user\Desktop\RenPy\amfa_episode018_v043-0.43-pc\game\tl\brazil\scripts\episode008\e08_023.rpyc
[OK] C:\Users\user\Desktop\RenPy\amfa_episode018_v043-0.43-pc\game\tl\brazil\scripts\episode008\e08_024.rpy
[OK] C:\Users\user\Desktop\RenPy\amfa_episode018_v043-0.43-pc\game\tl\brazil\scripts\episode008\e08_024.rpyc
[OK] C:\Users\user\Desktop\RenPy\amfa_episode018_v043-0.43-pc\game\tl\brazil\scripts\episode008\e08_025.rpy
[OK] C:\Users\user\Desktop\RenPy\amfa_episode018_v043-0.43-pc\game\tl\brazil\scripts\episode008\e08_025.rpyc
[OK] C:\Users\user\Desktop\RenPy\amfa_episode018_v043-0.43-pc\game\tl\brazil\scripts\episode008\e08_026.rpy
[OK] C:\Users\user\Desktop\RenPy\amfa_episode018_v043-0.43-pc\game\tl\brazil\scripts\episode008\e08_026.rpyc
[OK] C:\Users\user\Desktop\RenPy\amfa_episode018_v043-0.43-pc\game\tl\brazil\scripts\episode008\e08_027.rpy
[OK] C:\Users\user\Desktop\RenPy\amfa_episode018_v043-0.43-pc\game\tl\brazil\scripts\episode008\e08_027.rpyc
[OK] C:\Users\user\Desktop\RenPy\amfa_episode018_v043-0.43-pc\game\tl\brazil\scripts\episode008\e08_028.rpy
[OK] C:\Users\user\Desktop\RenPy\amfa_episode018_v043-0.43-pc\game\tl\brazil\scripts\episode008\e08_028.rpyc
[OK] C:\Users\user\Desktop\RenPy\amfa_episode018_v043-0.43-pc\game\tl\brazil\scripts\episode008\e08_029.rpy
[OK] C:\Users\user\Desktop\RenPy\amfa_episode018_v043-0.43-pc\game\tl\brazil\scripts\episode008\e08_029.rpyc
[OK] C:\Users\user\Desktop\RenPy\amfa_episode018_v043-0.43-pc\game\tl\brazil\scripts\episode008\e08_030.rpy
[OK] C:\Users\user\Desktop\RenPy\amfa_episode018_v043-0.43-pc\game\tl\brazil\scripts\episode008\e08_030.rpyc
[OK] C:\Users\user\Desktop\RenPy\amfa_episode018_v043-0.43-pc\game\tl\brazil\scripts\episode008\e08_031.rpy
[OK] C:\Users\user\Desktop\RenPy\amfa_episode018_v043-0.43-pc\game\tl\brazil\scripts\episode008\e08_031.rpyc
[OK] C:\Users\user\Desktop\RenPy\amfa_episode018_v043-0.43-pc\game\tl\brazil\scripts\episode009\e09_000_recap.rpy
[OK] C:\Users\user\Desktop\RenPy\amfa_episode018_v043-0.43-pc\game\tl\brazil\scripts\episode009\e09_000_recap.rpyc
[OK] C:\Users\user\Desktop\RenPy\amfa_episode018_v043-0.43-pc\game\tl\brazil\scripts\episode009\e09_001.rpy
[OK] C:\Users\user\Desktop\RenPy\amfa_episode018_v043-0.43-pc\game\tl\brazil\scripts\episode009\e09_001.rpyc
[OK] C:\Users\user\Desktop\RenPy\amfa_episode018_v043-0.43-pc\game\tl\brazil\scripts\episode009\e09_002.rpy
[OK] C:\Users\user\Desktop\RenPy\amfa_episode018_v043-0.43-pc\game\tl\brazil\scripts\episode009\e09_002.rpyc
[OK] C:\Users\user\Desktop\RenPy\amfa_episode018_v043-0.43-pc\game\tl\brazil\scripts\episode009\e09_003.rpy
[OK] C:\Users\user\Desktop\RenPy\amfa_episode018_v043-0.43-pc\game\tl\brazil\scripts\episode009\e09_003.rpyc
[OK] C:\Users\user\Desktop\RenPy\amfa_episode018_v043-0.43-pc\game\tl\brazil\scripts\episode009\e09_004.rpy
[OK] C:\Users\user\Desktop\RenPy\amfa_episode018_v043-0.43-pc\game\tl\brazil\scripts\episode009\e09_004.rpyc
[OK] C:\Users\user\Desktop\RenPy\amfa_episode018_v043-0.43-pc\game\tl\brazil\scripts\episode009\e09_005.rpy
[OK] C:\Users\user\Desktop\RenPy\amfa_episode018_v043-0.43-pc\game\tl\brazil\scripts\episode009\e09_005.rpyc
[OK] C:\Users\user\Desktop\RenPy\amfa_episode018_v043-0.43-pc\game\tl\brazil\scripts\episode009\e09_006.rpy
[OK] C:\Users\user\Desktop\RenPy\amfa_episode018_v043-0.43-pc\game\tl\brazil\scripts\episode009\e09_006.rpyc
[OK] C:\Users\user\Desktop\RenPy\amfa_episode018_v043-0.43-pc\game\tl\brazil\scripts\episode009\e09_007.rpy
[OK] C:\Users\user\Desktop\RenPy\amfa_episode018_v043-0.43-pc\game\tl\brazil\scripts\episode009\e09_007.rpyc
[OK] C:\Users\user\Desktop\RenPy\amfa_episode018_v043-0.43-pc\game\tl\brazil\scripts\episode009\e09_008.rpy
[OK] C:\Users\user\Desktop\RenPy\amfa_episode018_v043-0.43-pc\game\tl\brazil\scripts\episode009\e09_008.rpyc
[OK] C:\Users\user\Desktop\RenPy\amfa_episode018_v043-0.43-pc\game\tl\brazil\scripts\episode009\e09_009.rpy
[OK] C:\Users\user\Desktop\RenPy\amfa_episode018_v043-0.43-pc\game\tl\brazil\scripts\episode009\e09_009.rpyc
[OK] C:\Users\user\Desktop\RenPy\amfa_episode018_v043-0.43-pc\game\tl\brazil\scripts\episode009\e09_010.rpy
[OK] C:\Users\user\Desktop\RenPy\amfa_episode018_v043-0.43-pc\game\tl\brazil\scripts\episode009\e09_010.rpyc
[OK] C:\Users\user\Desktop\RenPy\amfa_episode018_v043-0.43-pc\game\tl\brazil\scripts\episode009\e09_011.rpy
[OK] C:\Users\user\Desktop\RenPy\amfa_episode018_v043-0.43-pc\game\tl\brazil\scripts\episode009\e09_011.rpyc
[OK] C:\Users\user\Desktop\RenPy\amfa_episode018_v043-0.43-pc\game\tl\brazil\scripts\episode009\e09_012.rpy
[OK] C:\Users\user\Desktop\RenPy\amfa_episode018_v043-0.43-pc\game\tl\brazil\scripts\episode009\e09_012.rpyc
[OK] C:\Users\user\Desktop\RenPy\amfa_episode018_v043-0.43-pc\game\tl\brazil\scripts\episode009\e09_013.rpy
[OK] C:\Users\user\Desktop\RenPy\amfa_episode018_v043-0.43-pc\game\tl\brazil\scripts\episode009\e09_013.rpyc
[OK] C:\Users\user\Desktop\RenPy\amfa_episode018_v043-0.43-pc\game\tl\brazil\scripts\episode009\e09_014.rpy
[OK] C:\Users\user\Desktop\RenPy\amfa_episode018_v043-0.43-pc\game\tl\brazil\scripts\episode009\e09_014.rpyc
[OK] C:\Users\user\Desktop\RenPy\amfa_episode018_v043-0.43-pc\game\tl\brazil\scripts\episode009\e09_015.rpy
[OK] C:\Users\user\Desktop\RenPy\amfa_episode018_v043-0.43-pc\game\tl\brazil\scripts\episode009\e09_015.rpyc
[OK] C:\Users\user\Desktop\RenPy\amfa_episode018_v043-0.43-pc\game\tl\brazil\scripts\episode009\e09_016.rpy
[OK] C:\Users\user\Desktop\RenPy\amfa_episode018_v043-0.43-pc\game\tl\brazil\scripts\episode009\e09_016.rpyc
[OK] C:\Users\user\Desktop\RenPy\amfa_episode018_v043-0.43-pc\game\tl\brazil\scripts\episode009\e09_017.rpy
[OK] C:\Users\user\Desktop\RenPy\amfa_episode018_v043-0.43-pc\game\tl\brazil\scripts\episode009\e09_017.rpyc
[OK] C:\Users\user\Desktop\RenPy\amfa_episode018_v043-0.43-pc\game\tl\brazil\scripts\episode009\e09_018.rpy
[OK] C:\Users\user\Desktop\RenPy\amfa_episode018_v043-0.43-pc\game\tl\brazil\scripts\episode009\e09_018.rpyc
[OK] C:\Users\user\Desktop\RenPy\amfa_episode018_v043-0.43-pc\game\tl\brazil\scripts\episode009\e09_019.rpy
[OK] C:\Users\user\Desktop\RenPy\amfa_episode018_v043-0.43-pc\game\tl\brazil\scripts\episode009\e09_019.rpyc
[OK] C:\Users\user\Desktop\RenPy\amfa_episode018_v043-0.43-pc\game\tl\brazil\scripts\episode009\e09_020.rpy
[OK] C:\Users\user\Desktop\RenPy\amfa_episode018_v043-0.43-pc\game\tl\brazil\scripts\episode009\e09_020.rpyc
[OK] C:\Users\user\Desktop\RenPy\amfa_episode018_v043-0.43-pc\game\tl\brazil\scripts\episode009\e09_021.rpy
[OK] C:\Users\user\Desktop\RenPy\amfa_episode018_v043-0.43-pc\game\tl\brazil\scripts\episode009\e09_021.rpyc
[OK] C:\Users\user\Desktop\RenPy\amfa_episode018_v043-0.43-pc\game\tl\brazil\scripts\episode010\e010_000_recap.rpy
[OK] C:\Users\user\Desktop\RenPy\amfa_episode018_v043-0.43-pc\game\tl\brazil\scripts\episode010\e010_000_recap.rpyc
[OK] C:\Users\user\Desktop\RenPy\amfa_episode018_v043-0.43-pc\game\tl\brazil\scripts\episode010\e010_001.rpy
[OK] C:\Users\user\Desktop\RenPy\amfa_episode018_v043-0.43-pc\game\tl\brazil\scripts\episode010\e010_001.rpyc
[OK] C:\Users\user\Desktop\RenPy\amfa_episode018_v043-0.43-pc\game\tl\brazil\scripts\episode010\e010_002.rpy
[OK] C:\Users\user\Desktop\RenPy\amfa_episode018_v043-0.43-pc\game\tl\brazil\scripts\episode010\e010_002.rpyc
[OK] C:\Users\user\Desktop\RenPy\amfa_episode018_v043-0.43-pc\game\tl\brazil\scripts\episode010\e010_003.rpy
[OK] C:\Users\user\Desktop\RenPy\amfa_episode018_v043-0.43-pc\game\tl\brazil\scripts\episode010\e010_003.rpyc
[OK] C:\Users\user\Desktop\RenPy\amfa_episode018_v043-0.43-pc\game\tl\brazil\scripts\episode010\e010_004.rpy
[OK] C:\Users\user\Desktop\RenPy\amfa_episode018_v043-0.43-pc\game\tl\brazil\scripts\episode010\e010_004.rpyc
[OK] C:\Users\user\Desktop\RenPy\amfa_episode018_v043-0.43-pc\game\tl\brazil\scripts\episode010\e010_005.rpy
[OK] C:\Users\user\Desktop\RenPy\amfa_episode018_v043-0.43-pc\game\tl\brazil\scripts\episode010\e010_005.rpyc
[OK] C:\Users\user\Desktop\RenPy\amfa_episode018_v043-0.43-pc\game\tl\brazil\scripts\episode010\e010_006.rpy
[OK] C:\Users\user\Desktop\RenPy\amfa_episode018_v043-0.43-pc\game\tl\brazil\scripts\episode010\e010_006.rpyc
[OK] C:\Users\user\Desktop\RenPy\amfa_episode018_v043-0.43-pc\game\tl\brazil\scripts\episode010\e010_007.rpy
[OK] C:\Users\user\Desktop\RenPy\amfa_episode018_v043-0.43-pc\game\tl\brazil\scripts\episode010\e010_007.rpyc
[OK] C:\Users\user\Desktop\RenPy\amfa_episode018_v043-0.43-pc\game\tl\brazil\scripts\episode010\e010_008.rpy
[OK] C:\Users\user\Desktop\RenPy\amfa_episode018_v043-0.43-pc\game\tl\brazil\scripts\episode010\e010_008.rpyc
[OK] C:\Users\user\Desktop\RenPy\amfa_episode018_v043-0.43-pc\game\tl\brazil\scripts\episode010\e010_009.rpy
[OK] C:\Users\user\Desktop\RenPy\amfa_episode018_v043-0.43-pc\game\tl\brazil\scripts\episode010\e010_009.rpyc
[OK] C:\Users\user\Desktop\RenPy\amfa_episode018_v043-0.43-pc\game\tl\brazil\scripts\episode010\e010_010.rpy
[OK] C:\Users\user\Desktop\RenPy\amfa_episode018_v043-0.43-pc\game\tl\brazil\scripts\episode010\e010_010.rpyc
[OK] C:\Users\user\Desktop\RenPy\amfa_episode018_v043-0.43-pc\game\tl\brazil\scripts\episode010\e010_011.rpy
[OK] C:\Users\user\Desktop\RenPy\amfa_episode018_v043-0.43-pc\game\tl\brazil\scripts\episode010\e010_011.rpyc
[OK] C:\Users\user\Desktop\RenPy\amfa_episode018_v043-0.43-pc\game\tl\brazil\scripts\episode010\e010_012.rpy
[OK] C:\Users\user\Desktop\RenPy\amfa_episode018_v043-0.43-pc\game\tl\brazil\scripts\episode010\e010_012.rpyc
[OK] C:\Users\user\Desktop\RenPy\amfa_episode018_v043-0.43-pc\game\tl\brazil\scripts\episode010\e010_013.rpy
[OK] C:\Users\user\Desktop\RenPy\amfa_episode018_v043-0.43-pc\game\tl\brazil\scripts\episode010\e010_013.rpyc
[OK] C:\Users\user\Desktop\RenPy\amfa_episode018_v043-0.43-pc\game\tl\brazil\scripts\episode010\e010_014.rpy
[OK] C:\Users\user\Desktop\RenPy\amfa_episode018_v043-0.43-pc\game\tl\brazil\scripts\episode010\e010_014.rpyc
[OK] C:\Users\user\Desktop\RenPy\amfa_episode018_v043-0.43-pc\game\tl\brazil\scripts\episode011\e011_000_recap.rpy
[OK] C:\Users\user\Desktop\RenPy\amfa_episode018_v043-0.43-pc\game\tl\brazil\scripts\episode011\e011_000_recap.rpyc
[OK] C:\Users\user\Desktop\RenPy\amfa_episode018_v043-0.43-pc\game\tl\brazil\scripts\episode011\e011_001.rpy
[OK] C:\Users\user\Desktop\RenPy\amfa_episode018_v043-0.43-pc\game\tl\brazil\scripts\episode011\e011_001.rpyc
[OK] C:\Users\user\Desktop\RenPy\amfa_episode018_v043-0.43-pc\game\tl\brazil\scripts\episode011\e011_002.rpy
[OK] C:\Users\user\Desktop\RenPy\amfa_episode018_v043-0.43-pc\game\tl\brazil\scripts\episode011\e011_002.rpyc
[OK] C:\Users\user\Desktop\RenPy\amfa_episode018_v043-0.43-pc\game\tl\brazil\scripts\episode011\e011_003.rpy
[OK] C:\Users\user\Desktop\RenPy\amfa_episode018_v043-0.43-pc\game\tl\brazil\scripts\episode011\e011_003.rpyc
[OK] C:\Users\user\Desktop\RenPy\amfa_episode018_v043-0.43-pc\game\tl\brazil\scripts\episode011\e011_004.rpy
[OK] C:\Users\user\Desktop\RenPy\amfa_episode018_v043-0.43-pc\game\tl\brazil\scripts\episode011\e011_004.rpyc
[OK] C:\Users\user\Desktop\RenPy\amfa_episode018_v043-0.43-pc\game\tl\brazil\scripts\episode011\e011_005.rpy
[OK] C:\Users\user\Desktop\RenPy\amfa_episode018_v043-0.43-pc\game\tl\brazil\scripts\episode011\e011_005.rpyc
[OK] C:\Users\user\Desktop\RenPy\amfa_episode018_v043-0.43-pc\game\tl\brazil\scripts\episode011\e011_006.rpy
[OK] C:\Users\user\Desktop\RenPy\amfa_episode018_v043-0.43-pc\game\tl\brazil\scripts\episode011\e011_006.rpyc
[OK] C:\Users\user\Desktop\RenPy\amfa_episode018_v043-0.43-pc\game\tl\brazil\scripts\episode011\e011_007.rpy
[OK] C:\Users\user\Desktop\RenPy\amfa_episode018_v043-0.43-pc\game\tl\brazil\scripts\episode011\e011_007.rpyc
[OK] C:\Users\user\Desktop\RenPy\amfa_episode018_v043-0.43-pc\game\tl\brazil\scripts\episode011\e011_008.rpy
[OK] C:\Users\user\Desktop\RenPy\amfa_episode018_v043-0.43-pc\game\tl\brazil\scripts\episode011\e011_008.rpyc
[OK] C:\Users\user\Desktop\RenPy\amfa_episode018_v043-0.43-pc\game\tl\brazil\scripts\episode011\e011_009.rpy
[OK] C:\Users\user\Desktop\RenPy\amfa_episode018_v043-0.43-pc\game\tl\brazil\scripts\episode011\e011_009.rpyc
[OK] C:\Users\user\Desktop\RenPy\amfa_episode018_v043-0.43-pc\game\tl\brazil\scripts\episode011\e011_010.rpy
[OK] C:\Users\user\Desktop\RenPy\amfa_episode018_v043-0.43-pc\game\tl\brazil\scripts\episode011\e011_010.rpyc
[OK] C:\Users\user\Desktop\RenPy\amfa_episode018_v043-0.43-pc\game\tl\brazil\scripts\episode011\e011_011.rpy
[OK] C:\Users\user\Desktop\RenPy\amfa_episode018_v043-0.43-pc\game\tl\brazil\scripts\episode011\e011_011.rpyc
[OK] C:\Users\user\Desktop\RenPy\amfa_episode018_v043-0.43-pc\game\tl\brazil\scripts\episode011\e011_012.rpy
[OK] C:\Users\user\Desktop\RenPy\amfa_episode018_v043-0.43-pc\game\tl\brazil\scripts\episode011\e011_012.rpyc
[OK] C:\Users\user\Desktop\RenPy\amfa_episode018_v043-0.43-pc\game\tl\brazil\scripts\episode011\e011_013.rpy
[OK] C:\Users\user\Desktop\RenPy\amfa_episode018_v043-0.43-pc\game\tl\brazil\scripts\episode011\e011_013.rpyc
[OK] C:\Users\user\Desktop\RenPy\amfa_episode018_v043-0.43-pc\game\tl\brazil\scripts\episode011\e011_014.rpy
[OK] C:\Users\user\Desktop\RenPy\amfa_episode018_v043-0.43-pc\game\tl\brazil\scripts\episode011\e011_014.rpyc
[OK] C:\Users\user\Desktop\RenPy\amfa_episode018_v043-0.43-pc\game\tl\brazil\scripts\episode011\e011_015.rpy
[OK] C:\Users\user\Desktop\RenPy\amfa_episode018_v043-0.43-pc\game\tl\brazil\scripts\episode011\e011_015.rpyc
[OK] C:\Users\user\Desktop\RenPy\amfa_episode018_v043-0.43-pc\game\tl\brazil\scripts\episode011\e011_016.rpy
[OK] C:\Users\user\Desktop\RenPy\amfa_episode018_v043-0.43-pc\game\tl\brazil\scripts\episode011\e011_016.rpyc
[OK] C:\Users\user\Desktop\RenPy\amfa_episode018_v043-0.43-pc\game\tl\brazil\scripts\episode011\e011_017.rpy
[OK] C:\Users\user\Desktop\RenPy\amfa_episode018_v043-0.43-pc\game\tl\brazil\scripts\episode011\e011_017.rpyc
[OK] C:\Users\user\Desktop\RenPy\amfa_episode018_v043-0.43-pc\game\tl\brazil\scripts\episode012\e012_000_recap.rpy
[OK] C:\Users\user\Desktop\RenPy\amfa_episode018_v043-0.43-pc\game\tl\brazil\scripts\episode012\e012_000_recap.rpyc
[OK] C:\Users\user\Desktop\RenPy\amfa_episode018_v043-0.43-pc\game\tl\brazil\scripts\episode012\e012_001.rpy
[OK] C:\Users\user\Desktop\RenPy\amfa_episode018_v043-0.43-pc\game\tl\brazil\scripts\episode012\e012_001.rpyc
[OK] C:\Users\user\Desktop\RenPy\amfa_episode018_v043-0.43-pc\game\tl\brazil\scripts\episode012\e012_002.rpy
[OK] C:\Users\user\Desktop\RenPy\amfa_episode018_v043-0.43-pc\game\tl\brazil\scripts\episode012\e012_002.rpyc
[OK] C:\Users\user\Desktop\RenPy\amfa_episode018_v043-0.43-pc\game\tl\brazil\scripts\episode012\e012_003.rpy
[OK] C:\Users\user\Desktop\RenPy\amfa_episode018_v043-0.43-pc\game\tl\brazil\scripts\episode012\e012_003.rpyc
[OK] C:\Users\user\Desktop\RenPy\amfa_episode018_v043-0.43-pc\game\tl\brazil\scripts\episode012\e012_004.rpy
[OK] C:\Users\user\Desktop\RenPy\amfa_episode018_v043-0.43-pc\game\tl\brazil\scripts\episode012\e012_004.rpyc
[OK] C:\Users\user\Desktop\RenPy\amfa_episode018_v043-0.43-pc\game\tl\brazil\scripts\episode012\e012_005.rpy
[OK] C:\Users\user\Desktop\RenPy\amfa_episode018_v043-0.43-pc\game\tl\brazil\scripts\episode012\e012_005.rpyc
[OK] C:\Users\user\Desktop\RenPy\amfa_episode018_v043-0.43-pc\game\tl\brazil\scripts\episode012\e012_006.rpy
[OK] C:\Users\user\Desktop\RenPy\amfa_episode018_v043-0.43-pc\game\tl\brazil\scripts\episode012\e012_006.rpyc
[OK] C:\Users\user\Desktop\RenPy\amfa_episode018_v043-0.43-pc\game\tl\brazil\scripts\episode012\e012_007.rpy
[OK] C:\Users\user\Desktop\RenPy\amfa_episode018_v043-0.43-pc\game\tl\brazil\scripts\episode012\e012_007.rpyc
[OK] C:\Users\user\Desktop\RenPy\amfa_episode018_v043-0.43-pc\game\tl\brazil\scripts\episode012\e012_008.rpy
[OK] C:\Users\user\Desktop\RenPy\amfa_episode018_v043-0.43-pc\game\tl\brazil\scripts\episode012\e012_008.rpyc
[OK] C:\Users\user\Desktop\RenPy\amfa_episode018_v043-0.43-pc\game\tl\brazil\scripts\episode012\e012_009.rpy
[OK] C:\Users\user\Desktop\RenPy\amfa_episode018_v043-0.43-pc\game\tl\brazil\scripts\episode012\e012_009.rpyc
[OK] C:\Users\user\Desktop\RenPy\amfa_episode018_v043-0.43-pc\game\tl\brazil\scripts\episode012\e012_010.rpy
[OK] C:\Users\user\Desktop\RenPy\amfa_episode018_v043-0.43-pc\game\tl\brazil\scripts\episode012\e012_010.rpyc
[OK] C:\Users\user\Desktop\RenPy\amfa_episode018_v043-0.43-pc\game\tl\brazil\scripts\episode012\e012_011.rpy
[OK] C:\Users\user\Desktop\RenPy\amfa_episode018_v043-0.43-pc\game\tl\brazil\scripts\episode012\e012_011.rpyc
[OK] C:\Users\user\Desktop\RenPy\amfa_episode018_v043-0.43-pc\game\tl\brazil\scripts\episode012\e012_012.rpy
[OK] C:\Users\user\Desktop\RenPy\amfa_episode018_v043-0.43-pc\game\tl\brazil\scripts\episode012\e012_012.rpyc
[OK] C:\Users\user\Desktop\RenPy\amfa_episode018_v043-0.43-pc\game\tl\brazil\scripts\episode012\e012_013.rpy
[OK] C:\Users\user\Desktop\RenPy\amfa_episode018_v043-0.43-pc\game\tl\brazil\scripts\episode012\e012_013.rpyc
[OK] C:\Users\user\Desktop\RenPy\amfa_episode018_v043-0.43-pc\game\tl\brazil\scripts\episode012\e012_014.rpy
[OK] C:\Users\user\Desktop\RenPy\amfa_episode018_v043-0.43-pc\game\tl\brazil\scripts\episode012\e012_014.rpyc
[OK] C:\Users\user\Desktop\RenPy\amfa_episode018_v043-0.43-pc\game\tl\brazil\scripts\episode012\e012_015.rpy
[OK] C:\Users\user\Desktop\RenPy\amfa_episode018_v043-0.43-pc\game\tl\brazil\scripts\episode012\e012_015.rpyc
[OK] C:\Users\user\Desktop\RenPy\amfa_episode018_v043-0.43-pc\game\tl\brazil\scripts\episode012\e012_016.rpy
[OK] C:\Users\user\Desktop\RenPy\amfa_episode018_v043-0.43-pc\game\tl\brazil\scripts\episode012\e012_016.rpyc
[OK] C:\Users\user\Desktop\RenPy\amfa_episode018_v043-0.43-pc\game\tl\brazil\scripts\episode012\e012_017.rpy
[OK] C:\Users\user\Desktop\RenPy\amfa_episode018_v043-0.43-pc\game\tl\brazil\scripts\episode012\e012_017.rpyc
[OK] C:\Users\user\Desktop\RenPy\amfa_episode018_v043-0.43-pc\game\tl\brazil\scripts\episode012\e012_018.rpy
[OK] C:\Users\user\Desktop\RenPy\amfa_episode018_v043-0.43-pc\game\tl\brazil\scripts\episode012\e012_018.rpyc
[OK] C:\Users\user\Desktop\RenPy\amfa_episode018_v043-0.43-pc\game\tl\brazil\scripts\episode012\e012_019.rpy
[OK] C:\Users\user\Desktop\RenPy\amfa_episode018_v043-0.43-pc\game\tl\brazil\scripts\episode012\e012_019.rpyc
[OK] C:\Users\user\Desktop\RenPy\amfa_episode018_v043-0.43-pc\game\tl\brazil\scripts\episode012\e012_020.rpy
[OK] C:\Users\user\Desktop\RenPy\amfa_episode018_v043-0.43-pc\game\tl\brazil\scripts\episode012\e012_020.rpyc
[OK] C:\Users\user\Desktop\RenPy\amfa_episode018_v043-0.43-pc\game\tl\brazil\scripts\episode012\e012_021.rpy
[OK] C:\Users\user\Desktop\RenPy\amfa_episode018_v043-0.43-pc\game\tl\brazil\scripts\episode012\e012_021.rpyc
[OK] C:\Users\user\Desktop\RenPy\amfa_episode018_v043-0.43-pc\game\tl\brazil\scripts\episode012\e012_022.rpy
[OK] C:\Users\user\Desktop\RenPy\amfa_episode018_v043-0.43-pc\game\tl\brazil\scripts\episode012\e012_022.rpyc
[OK] C:\Users\user\Desktop\RenPy\amfa_episode018_v043-0.43-pc\game\tl\brazil\scripts\episode012\e012_023.rpy
[OK] C:\Users\user\Desktop\RenPy\amfa_episode018_v043-0.43-pc\game\tl\brazil\scripts\episode012\e012_023.rpyc
[OK] C:\Users\user\Desktop\RenPy\amfa_episode018_v043-0.43-pc\game\tl\brazil\scripts\episode013\e013_000_recap.rpy
[OK] C:\Users\user\Desktop\RenPy\amfa_episode018_v043-0.43-pc\game\tl\brazil\scripts\episode013\e013_000_recap.rpyc
[OK] C:\Users\user\Desktop\RenPy\amfa_episode018_v043-0.43-pc\game\tl\brazil\scripts\episode013\e013_001.rpy
[OK] C:\Users\user\Desktop\RenPy\amfa_episode018_v043-0.43-pc\game\tl\brazil\scripts\episode013\e013_001.rpyc
[OK] C:\Users\user\Desktop\RenPy\amfa_episode018_v043-0.43-pc\game\tl\brazil\scripts\episode013\e013_002.rpy
[OK] C:\Users\user\Desktop\RenPy\amfa_episode018_v043-0.43-pc\game\tl\brazil\scripts\episode013\e013_002.rpyc
[OK] C:\Users\user\Desktop\RenPy\amfa_episode018_v043-0.43-pc\game\tl\brazil\scripts\episode013\e013_003.rpy
[OK] C:\Users\user\Desktop\RenPy\amfa_episode018_v043-0.43-pc\game\tl\brazil\scripts\episode013\e013_003.rpyc
[OK] C:\Users\user\Desktop\RenPy\amfa_episode018_v043-0.43-pc\game\tl\brazil\scripts\episode013\e013_004.rpy
[OK] C:\Users\user\Desktop\RenPy\amfa_episode018_v043-0.43-pc\game\tl\brazil\scripts\episode013\e013_004.rpyc
[OK] C:\Users\user\Desktop\RenPy\amfa_episode018_v043-0.43-pc\game\tl\brazil\scripts\episode013\e013_005.rpy
[OK] C:\Users\user\Desktop\RenPy\amfa_episode018_v043-0.43-pc\game\tl\brazil\scripts\episode013\e013_005.rpyc
[OK] C:\Users\user\Desktop\RenPy\amfa_episode018_v043-0.43-pc\game\tl\brazil\scripts\episode013\e013_006.rpy
[OK] C:\Users\user\Desktop\RenPy\amfa_episode018_v043-0.43-pc\game\tl\brazil\scripts\episode013\e013_006.rpyc
[OK] C:\Users\user\Desktop\RenPy\amfa_episode018_v043-0.43-pc\game\tl\brazil\scripts\episode013\e013_007.rpy
[OK] C:\Users\user\Desktop\RenPy\amfa_episode018_v043-0.43-pc\game\tl\brazil\scripts\episode013\e013_007.rpyc
[OK] C:\Users\user\Desktop\RenPy\amfa_episode018_v043-0.43-pc\game\tl\brazil\scripts\episode013\e013_008.rpy
[OK] C:\Users\user\Desktop\RenPy\amfa_episode018_v043-0.43-pc\game\tl\brazil\scripts\episode013\e013_008.rpyc
[OK] C:\Users\user\Desktop\RenPy\amfa_episode018_v043-0.43-pc\game\tl\brazil\scripts\episode013\e013_009.rpy
[OK] C:\Users\user\Desktop\RenPy\amfa_episode018_v043-0.43-pc\game\tl\brazil\scripts\episode013\e013_009.rpyc
[OK] C:\Users\user\Desktop\RenPy\amfa_episode018_v043-0.43-pc\game\tl\brazil\scripts\episode013\e013_010.rpy
[OK] C:\Users\user\Desktop\RenPy\amfa_episode018_v043-0.43-pc\game\tl\brazil\scripts\episode013\e013_010.rpyc
[OK] C:\Users\user\Desktop\RenPy\amfa_episode018_v043-0.43-pc\game\tl\brazil\scripts\episode013\e013_011.rpy
[OK] C:\Users\user\Desktop\RenPy\amfa_episode018_v043-0.43-pc\game\tl\brazil\scripts\episode013\e013_011.rpyc
[OK] C:\Users\user\Desktop\RenPy\amfa_episode018_v043-0.43-pc\game\tl\brazil\scripts\episode013\e013_012.rpy
[OK] C:\Users\user\Desktop\RenPy\amfa_episode018_v043-0.43-pc\game\tl\brazil\scripts\episode013\e013_012.rpyc
[OK] C:\Users\user\Desktop\RenPy\amfa_episode018_v043-0.43-pc\game\tl\brazil\scripts\episode013\e013_013.rpy
[OK] C:\Users\user\Desktop\RenPy\amfa_episode018_v043-0.43-pc\game\tl\brazil\scripts\episode013\e013_013.rpyc
[OK] C:\Users\user\Desktop\RenPy\amfa_episode018_v043-0.43-pc\game\tl\brazil\scripts\episode013\e013_014.rpy
[OK] C:\Users\user\Desktop\RenPy\amfa_episode018_v043-0.43-pc\game\tl\brazil\scripts\episode013\e013_014.rpyc
[OK] C:\Users\user\Desktop\RenPy\amfa_episode018_v043-0.43-pc\game\tl\brazil\scripts\episode013\e013_015.rpy
[OK] C:\Users\user\Desktop\RenPy\amfa_episode018_v043-0.43-pc\game\tl\brazil\scripts\episode013\e013_015.rpyc
[OK] C:\Users\user\Desktop\RenPy\amfa_episode018_v043-0.43-pc\game\tl\brazil\scripts\episode013\e013_016.rpy
[OK] C:\Users\user\Desktop\RenPy\amfa_episode018_v043-0.43-pc\game\tl\brazil\scripts\episode013\e013_016.rpyc
[OK] C:\Users\user\Desktop\RenPy\amfa_episode018_v043-0.43-pc\game\tl\brazil\scripts\episode014\e014_000_recap.rpy
[OK] C:\Users\user\Desktop\RenPy\amfa_episode018_v043-0.43-pc\game\tl\brazil\scripts\episode014\e014_000_recap.rpyc
[OK] C:\Users\user\Desktop\RenPy\amfa_episode018_v043-0.43-pc\game\tl\brazil\scripts\episode014\e014_001.rpy
[OK] C:\Users\user\Desktop\RenPy\amfa_episode018_v043-0.43-pc\game\tl\brazil\scripts\episode014\e014_001.rpyc
[OK] C:\Users\user\Desktop\RenPy\amfa_episode018_v043-0.43-pc\game\tl\brazil\scripts\episode014\e014_002.rpy
[OK] C:\Users\user\Desktop\RenPy\amfa_episode018_v043-0.43-pc\game\tl\brazil\scripts\episode014\e014_002.rpyc
[OK] C:\Users\user\Desktop\RenPy\amfa_episode018_v043-0.43-pc\game\tl\brazil\scripts\episode014\e014_003.rpy
[OK] C:\Users\user\Desktop\RenPy\amfa_episode018_v043-0.43-pc\game\tl\brazil\scripts\episode014\e014_003.rpyc
[OK] C:\Users\user\Desktop\RenPy\amfa_episode018_v043-0.43-pc\game\tl\brazil\scripts\episode014\e014_004.rpy
[OK] C:\Users\user\Desktop\RenPy\amfa_episode018_v043-0.43-pc\game\tl\brazil\scripts\episode014\e014_004.rpyc
[OK] C:\Users\user\Desktop\RenPy\amfa_episode018_v043-0.43-pc\game\tl\brazil\scripts\episode014\e014_005.rpy
[OK] C:\Users\user\Desktop\RenPy\amfa_episode018_v043-0.43-pc\game\tl\brazil\scripts\episode014\e014_005.rpyc
[OK] C:\Users\user\Desktop\RenPy\amfa_episode018_v043-0.43-pc\game\tl\brazil\scripts\episode014\e014_006.rpy
[OK] C:\Users\user\Desktop\RenPy\amfa_episode018_v043-0.43-pc\game\tl\brazil\scripts\episode014\e014_006.rpyc
[OK] C:\Users\user\Desktop\RenPy\amfa_episode018_v043-0.43-pc\game\tl\brazil\scripts\episode014\e014_007.rpy
[OK] C:\Users\user\Desktop\RenPy\amfa_episode018_v043-0.43-pc\game\tl\brazil\scripts\episode014\e014_007.rpyc
[OK] C:\Users\user\Desktop\RenPy\amfa_episode018_v043-0.43-pc\game\tl\brazil\scripts\episode014\e014_008.rpy
[OK] C:\Users\user\Desktop\RenPy\amfa_episode018_v043-0.43-pc\game\tl\brazil\scripts\episode014\e014_008.rpyc
[OK] C:\Users\user\Desktop\RenPy\amfa_episode018_v043-0.43-pc\game\tl\brazil\scripts\episode014\e014_009.rpy
[OK] C:\Users\user\Desktop\RenPy\amfa_episode018_v043-0.43-pc\game\tl\brazil\scripts\episode014\e014_009.rpyc
[OK] C:\Users\user\Desktop\RenPy\amfa_episode018_v043-0.43-pc\game\tl\brazil\scripts\episode014\e014_010.rpy
[OK] C:\Users\user\Desktop\RenPy\amfa_episode018_v043-0.43-pc\game\tl\brazil\scripts\episode014\e014_010.rpyc
[OK] C:\Users\user\Desktop\RenPy\amfa_episode018_v043-0.43-pc\game\tl\brazil\scripts\episode014\e014_011.rpy
[OK] C:\Users\user\Desktop\RenPy\amfa_episode018_v043-0.43-pc\game\tl\brazil\scripts\episode014\e014_011.rpyc
[OK] C:\Users\user\Desktop\RenPy\amfa_episode018_v043-0.43-pc\game\tl\brazil\scripts\episode014\e014_012.rpy
[OK] C:\Users\user\Desktop\RenPy\amfa_episode018_v043-0.43-pc\game\tl\brazil\scripts\episode014\e014_012.rpyc
[OK] C:\Users\user\Desktop\RenPy\amfa_episode018_v043-0.43-pc\game\tl\brazil\scripts\episode014\e014_013.rpy
[OK] C:\Users\user\Desktop\RenPy\amfa_episode018_v043-0.43-pc\game\tl\brazil\scripts\episode014\e014_013.rpyc
[OK] C:\Users\user\Desktop\RenPy\amfa_episode018_v043-0.43-pc\game\tl\brazil\scripts\episode014\e014_014.rpy
[OK] C:\Users\user\Desktop\RenPy\amfa_episode018_v043-0.43-pc\game\tl\brazil\scripts\episode014\e014_014.rpyc
[OK] C:\Users\user\Desktop\RenPy\amfa_episode018_v043-0.43-pc\game\tl\brazil\scripts\episode015\e015_000_recap.rpy
[OK] C:\Users\user\Desktop\RenPy\amfa_episode018_v043-0.43-pc\game\tl\brazil\scripts\episode015\e015_000_recap.rpyc
[OK] C:\Users\user\Desktop\RenPy\amfa_episode018_v043-0.43-pc\game\tl\brazil\scripts\episode015\e015_001.rpy
[OK] C:\Users\user\Desktop\RenPy\amfa_episode018_v043-0.43-pc\game\tl\brazil\scripts\episode015\e015_001.rpyc
[OK] C:\Users\user\Desktop\RenPy\amfa_episode018_v043-0.43-pc\game\tl\brazil\scripts\episode015\e015_002.rpy
[OK] C:\Users\user\Desktop\RenPy\amfa_episode018_v043-0.43-pc\game\tl\brazil\scripts\episode015\e015_002.rpyc
[OK] C:\Users\user\Desktop\RenPy\amfa_episode018_v043-0.43-pc\game\tl\brazil\scripts\episode015\e015_003.rpy
[OK] C:\Users\user\Desktop\RenPy\amfa_episode018_v043-0.43-pc\game\tl\brazil\scripts\episode015\e015_003.rpyc
[OK] C:\Users\user\Desktop\RenPy\amfa_episode018_v043-0.43-pc\game\tl\brazil\scripts\episode015\e015_004.rpy
[OK] C:\Users\user\Desktop\RenPy\amfa_episode018_v043-0.43-pc\game\tl\brazil\scripts\episode015\e015_004.rpyc
[OK] C:\Users\user\Desktop\RenPy\amfa_episode018_v043-0.43-pc\game\tl\brazil\scripts\episode015\e015_005.rpy
[OK] C:\Users\user\Desktop\RenPy\amfa_episode018_v043-0.43-pc\game\tl\brazil\scripts\episode015\e015_005.rpyc
[OK] C:\Users\user\Desktop\RenPy\amfa_episode018_v043-0.43-pc\game\tl\brazil\scripts\episode015\e015_006.rpy
[OK] C:\Users\user\Desktop\RenPy\amfa_episode018_v043-0.43-pc\game\tl\brazil\scripts\episode015\e015_006.rpyc
[OK] C:\Users\user\Desktop\RenPy\amfa_episode018_v043-0.43-pc\game\tl\brazil\scripts\episode015\e015_007.rpy
[OK] C:\Users\user\Desktop\RenPy\amfa_episode018_v043-0.43-pc\game\tl\brazil\scripts\episode015\e015_007.rpyc
[OK] C:\Users\user\Desktop\RenPy\amfa_episode018_v043-0.43-pc\game\tl\brazil\scripts\episode015\e015_008.rpy
[OK] C:\Users\user\Desktop\RenPy\amfa_episode018_v043-0.43-pc\game\tl\brazil\scripts\episode015\e015_008.rpyc
[OK] C:\Users\user\Desktop\RenPy\amfa_episode018_v043-0.43-pc\game\tl\brazil\scripts\episode015\e015_009.rpy
[OK] C:\Users\user\Desktop\RenPy\amfa_episode018_v043-0.43-pc\game\tl\brazil\scripts\episode015\e015_009.rpyc
[OK] C:\Users\user\Desktop\RenPy\amfa_episode018_v043-0.43-pc\game\tl\brazil\scripts\episode015\e015_010.rpy
[OK] C:\Users\user\Desktop\RenPy\amfa_episode018_v043-0.43-pc\game\tl\brazil\scripts\episode015\e015_010.rpyc
[OK] C:\Users\user\Desktop\RenPy\amfa_episode018_v043-0.43-pc\game\tl\brazil\scripts\episode015\e015_011.rpy
[OK] C:\Users\user\Desktop\RenPy\amfa_episode018_v043-0.43-pc\game\tl\brazil\scripts\episode015\e015_011.rpyc
[OK] C:\Users\user\Desktop\RenPy\amfa_episode018_v043-0.43-pc\game\tl\brazil\scripts\episode015\e015_012.rpy
[OK] C:\Users\user\Desktop\RenPy\amfa_episode018_v043-0.43-pc\game\tl\brazil\scripts\episode015\e015_012.rpyc
[OK] C:\Users\user\Desktop\RenPy\amfa_episode018_v043-0.43-pc\game\tl\brazil\scripts\episode015\e015_013.rpy
[OK] C:\Users\user\Desktop\RenPy\amfa_episode018_v043-0.43-pc\game\tl\brazil\scripts\episode015\e015_013.rpyc
[OK] C:\Users\user\Desktop\RenPy\amfa_episode018_v043-0.43-pc\game\tl\brazil\scripts\episode015\e015_014.rpy
[OK] C:\Users\user\Desktop\RenPy\amfa_episode018_v043-0.43-pc\game\tl\brazil\scripts\episode015\e015_014.rpyc
[OK] C:\Users\user\Desktop\RenPy\amfa_episode018_v043-0.43-pc\game\tl\brazil\scripts\episode016\e016_000_recap.rpy
[OK] C:\Users\user\Desktop\RenPy\amfa_episode018_v043-0.43-pc\game\tl\brazil\scripts\episode016\e016_000_recap.rpyc
[OK] C:\Users\user\Desktop\RenPy\amfa_episode018_v043-0.43-pc\game\tl\brazil\scripts\episode016\e016_001.rpy
[OK] C:\Users\user\Desktop\RenPy\amfa_episode018_v043-0.43-pc\game\tl\brazil\scripts\episode016\e016_001.rpyc
[OK] C:\Users\user\Desktop\RenPy\amfa_episode018_v043-0.43-pc\game\tl\brazil\scripts\episode016\e016_002.rpy
[OK] C:\Users\user\Desktop\RenPy\amfa_episode018_v043-0.43-pc\game\tl\brazil\scripts\episode016\e016_002.rpyc
[OK] C:\Users\user\Desktop\RenPy\amfa_episode018_v043-0.43-pc\game\tl\brazil\scripts\episode016\e016_003.rpy
[OK] C:\Users\user\Desktop\RenPy\amfa_episode018_v043-0.43-pc\game\tl\brazil\scripts\episode016\e016_003.rpyc
[OK] C:\Users\user\Desktop\RenPy\amfa_episode018_v043-0.43-pc\game\tl\brazil\scripts\episode016\e016_004.rpy
[OK] C:\Users\user\Desktop\RenPy\amfa_episode018_v043-0.43-pc\game\tl\brazil\scripts\episode016\e016_004.rpyc
[OK] C:\Users\user\Desktop\RenPy\amfa_episode018_v043-0.43-pc\game\tl\brazil\scripts\episode016\e016_005.rpy
[OK] C:\Users\user\Desktop\RenPy\amfa_episode018_v043-0.43-pc\game\tl\brazil\scripts\episode016\e016_005.rpyc
[OK] C:\Users\user\Desktop\RenPy\amfa_episode018_v043-0.43-pc\game\tl\brazil\scripts\episode016\e016_006.rpy
[OK] C:\Users\user\Desktop\RenPy\amfa_episode018_v043-0.43-pc\game\tl\brazil\scripts\episode016\e016_006.rpyc
[OK] C:\Users\user\Desktop\RenPy\amfa_episode018_v043-0.43-pc\game\tl\brazil\scripts\episode016\e016_007.rpy
[OK] C:\Users\user\Desktop\RenPy\amfa_episode018_v043-0.43-pc\game\tl\brazil\scripts\episode016\e016_007.rpyc
[OK] C:\Users\user\Desktop\RenPy\amfa_episode018_v043-0.43-pc\game\tl\brazil\scripts\episode016\e016_008.rpy
[OK] C:\Users\user\Desktop\RenPy\amfa_episode018_v043-0.43-pc\game\tl\brazil\scripts\episode016\e016_008.rpyc
[OK] C:\Users\user\Desktop\RenPy\amfa_episode018_v043-0.43-pc\game\tl\brazil\scripts\episode016\e016_009.rpy
[OK] C:\Users\user\Desktop\RenPy\amfa_episode018_v043-0.43-pc\game\tl\brazil\scripts\episode016\e016_009.rpyc
[OK] C:\Users\user\Desktop\RenPy\amfa_episode018_v043-0.43-pc\game\tl\brazil\scripts\episode016\e016_010.rpy
[OK] C:\Users\user\Desktop\RenPy\amfa_episode018_v043-0.43-pc\game\tl\brazil\scripts\episode016\e016_010.rpyc
[OK] C:\Users\user\Desktop\RenPy\amfa_episode018_v043-0.43-pc\game\tl\brazil\scripts\episode016\e016_011.rpy
[OK] C:\Users\user\Desktop\RenPy\amfa_episode018_v043-0.43-pc\game\tl\brazil\scripts\episode016\e016_011.rpyc
[OK] C:\Users\user\Desktop\RenPy\amfa_episode018_v043-0.43-pc\game\tl\brazil\scripts\episode016\e016_013.rpy
[OK] C:\Users\user\Desktop\RenPy\amfa_episode018_v043-0.43-pc\game\tl\brazil\scripts\episode016\e016_013.rpyc
[OK] C:\Users\user\Desktop\RenPy\amfa_episode018_v043-0.43-pc\game\tl\brazil\scripts\episode017\e017_000_recap.rpy
[OK] C:\Users\user\Desktop\RenPy\amfa_episode018_v043-0.43-pc\game\tl\brazil\scripts\episode017\e017_000_recap.rpyc
[OK] C:\Users\user\Desktop\RenPy\amfa_episode018_v043-0.43-pc\game\tl\brazil\scripts\episode017\e017_001.rpy
[OK] C:\Users\user\Desktop\RenPy\amfa_episode018_v043-0.43-pc\game\tl\brazil\scripts\episode017\e017_001.rpyc
[OK] C:\Users\user\Desktop\RenPy\amfa_episode018_v043-0.43-pc\game\tl\brazil\scripts\episode017\e017_002.rpy
[OK] C:\Users\user\Desktop\RenPy\amfa_episode018_v043-0.43-pc\game\tl\brazil\scripts\episode017\e017_002.rpyc
[OK] C:\Users\user\Desktop\RenPy\amfa_episode018_v043-0.43-pc\game\tl\brazil\scripts\episode017\e017_003.rpy
[OK] C:\Users\user\Desktop\RenPy\amfa_episode018_v043-0.43-pc\game\tl\brazil\scripts\episode017\e017_003.rpyc
[OK] C:\Users\user\Desktop\RenPy\amfa_episode018_v043-0.43-pc\game\tl\brazil\scripts\episode017\e017_004.rpy
[OK] C:\Users\user\Desktop\RenPy\amfa_episode018_v043-0.43-pc\game\tl\brazil\scripts\episode017\e017_004.rpyc
[OK] C:\Users\user\Desktop\RenPy\amfa_episode018_v043-0.43-pc\game\tl\brazil\scripts\episode017\e017_005.rpy
[OK] C:\Users\user\Desktop\RenPy\amfa_episode018_v043-0.43-pc\game\tl\brazil\scripts\episode017\e017_005.rpyc
[OK] C:\Users\user\Desktop\RenPy\amfa_episode018_v043-0.43-pc\game\tl\brazil\scripts\episode017\e017_006.rpy
[OK] C:\Users\user\Desktop\RenPy\amfa_episode018_v043-0.43-pc\game\tl\brazil\scripts\episode017\e017_006.rpyc
[OK] C:\Users\user\Desktop\RenPy\amfa_episode018_v043-0.43-pc\game\tl\brazil\scripts\episode017\e017_007.rpy
[OK] C:\Users\user\Desktop\RenPy\amfa_episode018_v043-0.43-pc\game\tl\brazil\scripts\episode017\e017_007.rpyc
[OK] C:\Users\user\Desktop\RenPy\amfa_episode018_v043-0.43-pc\game\tl\brazil\scripts\episode017\e017_008.rpy
[OK] C:\Users\user\Desktop\RenPy\amfa_episode018_v043-0.43-pc\game\tl\brazil\scripts\episode017\e017_008.rpyc
[OK] C:\Users\user\Desktop\RenPy\amfa_episode018_v043-0.43-pc\game\tl\brazil\scripts\episode017\e017_009.rpy
[OK] C:\Users\user\Desktop\RenPy\amfa_episode018_v043-0.43-pc\game\tl\brazil\scripts\episode017\e017_009.rpyc
[OK] C:\Users\user\Desktop\RenPy\amfa_episode018_v043-0.43-pc\game\tl\brazil\scripts\episode017\e017_010.rpy
[OK] C:\Users\user\Desktop\RenPy\amfa_episode018_v043-0.43-pc\game\tl\brazil\scripts\episode017\e017_010.rpyc
[OK] C:\Users\user\Desktop\RenPy\amfa_episode018_v043-0.43-pc\game\tl\brazil\scripts\episode017\e017_011.rpy
[OK] C:\Users\user\Desktop\RenPy\amfa_episode018_v043-0.43-pc\game\tl\brazil\scripts\episode017\e017_011.rpyc
[OK] C:\Users\user\Desktop\RenPy\amfa_episode018_v043-0.43-pc\game\tl\brazil\scripts\episode017\e017_013.rpy
[OK] C:\Users\user\Desktop\RenPy\amfa_episode018_v043-0.43-pc\game\tl\brazil\scripts\episode017\e017_013.rpyc
[OK] C:\Users\user\Desktop\RenPy\amfa_episode018_v043-0.43-pc\game\tl\brazil\scripts\episode018\e018_000_recap.rpy
[OK] C:\Users\user\Desktop\RenPy\amfa_episode018_v043-0.43-pc\game\tl\brazil\scripts\episode018\e018_000_recap.rpyc
[OK] C:\Users\user\Desktop\RenPy\amfa_episode018_v043-0.43-pc\game\tl\brazil\scripts\episode018\e018_001.rpy
[OK] C:\Users\user\Desktop\RenPy\amfa_episode018_v043-0.43-pc\game\tl\brazil\scripts\episode018\e018_001.rpyc
[OK] C:\Users\user\Desktop\RenPy\amfa_episode018_v043-0.43-pc\game\tl\brazil\scripts\episode018\e018_002.rpy
[OK] C:\Users\user\Desktop\RenPy\amfa_episode018_v043-0.43-pc\game\tl\brazil\scripts\episode018\e018_002.rpyc
[OK] C:\Users\user\Desktop\RenPy\amfa_episode018_v043-0.43-pc\game\tl\brazil\scripts\episode018\e018_003.rpy
[OK] C:\Users\user\Desktop\RenPy\amfa_episode018_v043-0.43-pc\game\tl\brazil\scripts\episode018\e018_003.rpyc
[OK] C:\Users\user\Desktop\RenPy\amfa_episode018_v043-0.43-pc\game\tl\brazil\scripts\episode018\e018_004.rpy
[OK] C:\Users\user\Desktop\RenPy\amfa_episode018_v043-0.43-pc\game\tl\brazil\scripts\episode018\e018_004.rpyc
[OK] C:\Users\user\Desktop\RenPy\amfa_episode018_v043-0.43-pc\game\tl\brazil\scripts\episode018\e018_005.rpy
[OK] C:\Users\user\Desktop\RenPy\amfa_episode018_v043-0.43-pc\game\tl\brazil\scripts\episode018\e018_005.rpyc
[OK] C:\Users\user\Desktop\RenPy\amfa_episode018_v043-0.43-pc\game\tl\brazil\scripts\episode018\e018_006.rpy
[OK] C:\Users\user\Desktop\RenPy\amfa_episode018_v043-0.43-pc\game\tl\brazil\scripts\episode018\e018_006.rpyc
[OK] C:\Users\user\Desktop\RenPy\amfa_episode018_v043-0.43-pc\game\tl\brazil\scripts\episode018\e018_007.rpy
[OK] C:\Users\user\Desktop\RenPy\amfa_episode018_v043-0.43-pc\game\tl\brazil\scripts\episode018\e018_007.rpyc
[OK] C:\Users\user\Desktop\RenPy\amfa_episode018_v043-0.43-pc\game\tl\brazil\scripts\episode018\e018_008.rpy
[OK] C:\Users\user\Desktop\RenPy\amfa_episode018_v043-0.43-pc\game\tl\brazil\scripts\episode018\e018_008.rpyc
[OK] C:\Users\user\Desktop\RenPy\amfa_episode018_v043-0.43-pc\game\tl\brazil\scripts\episode018\e018_009.rpy
[OK] C:\Users\user\Desktop\RenPy\amfa_episode018_v043-0.43-pc\game\tl\brazil\scripts\episode018\e018_009.rpyc
[OK] C:\Users\user\Desktop\RenPy\amfa_episode018_v043-0.43-pc\game\tl\brazil\scripts\episode018\e018_010.rpy
[OK] C:\Users\user\Desktop\RenPy\amfa_episode018_v043-0.43-pc\game\tl\brazil\scripts\episode018\e018_010.rpyc
[OK] C:\Users\user\Desktop\RenPy\amfa_episode018_v043-0.43-pc\game\tl\brazil\scripts\episode018\e018_011.rpy
[OK] C:\Users\user\Desktop\RenPy\amfa_episode018_v043-0.43-pc\game\tl\brazil\scripts\episode018\e018_011.rpyc
[OK] C:\Users\user\Desktop\RenPy\amfa_episode018_v043-0.43-pc\game\tl\brazil\scripts\episode018\e018_012.rpy
[OK] C:\Users\user\Desktop\RenPy\amfa_episode018_v043-0.43-pc\game\tl\brazil\scripts\episode018\e018_012.rpyc
[OK] C:\Users\user\Desktop\RenPy\amfa_episode018_v043-0.43-pc\game\tl\brazil\scripts\episode018\e018_013.rpy
[OK] C:\Users\user\Desktop\RenPy\amfa_episode018_v043-0.43-pc\game\tl\brazil\scripts\episode018\e018_013.rpyc
[OK] C:\Users\user\Desktop\RenPy\amfa_episode018_v043-0.43-pc\game\tl\brazil\scripts\episode018\e018_014.rpy
[OK] C:\Users\user\Desktop\RenPy\amfa_episode018_v043-0.43-pc\game\tl\brazil\scripts\episode018\e018_014.rpyc
[OK] C:\Users\user\Desktop\RenPy\amfa_episode018_v043-0.43-pc\game\tl\brazil\scripts\episode018\e018_015.rpy
[OK] C:\Users\user\Desktop\RenPy\amfa_episode018_v043-0.43-pc\game\tl\brazil\scripts\episode018\e018_015.rpyc
[OK] C:\Users\user\Desktop\RenPy\amfa_episode018_v043-0.43-pc\game\tl\brazil\scripts\episode018\e018_016.rpy
[OK] C:\Users\user\Desktop\RenPy\amfa_episode018_v043-0.43-pc\game\tl\brazil\scripts\episode018\e018_016.rpyc
[OK] C:\Users\user\Desktop\RenPy\amfa_episode018_v043-0.43-pc\game\tl\brazil\scripts\episode018\e018_017.rpy
[OK] C:\Users\user\Desktop\RenPy\amfa_episode018_v043-0.43-pc\game\tl\brazil\scripts\episode018\e018_017.rpyc
[OK] C:\Users\user\Desktop\RenPy\amfa_episode018_v043-0.43-pc\game\tl\brazil\scripts\episode018\e018_018.rpy
[OK] C:\Users\user\Desktop\RenPy\amfa_episode018_v043-0.43-pc\game\tl\brazil\scripts\episode018\e018_018.rpyc
[OK] C:\Users\user\Desktop\RenPy\amfa_episode018_v043-0.43-pc\game\tl\brazil\scripts\episode018\e018_019.rpy
[OK] C:\Users\user\Desktop\RenPy\amfa_episode018_v043-0.43-pc\game\tl\brazil\scripts\episode018\e018_019.rpyc
[OK] C:\Users\user\Desktop\RenPy\amfa_episode018_v043-0.43-pc\game\tl\brazil\scripts\episode018\e018_020.rpy
[OK] C:\Users\user\Desktop\RenPy\amfa_episode018_v043-0.43-pc\game\tl\brazil\scripts\episode018\e018_020.rpyc
[OK] C:\Users\user\Desktop\RenPy\amfa_episode018_v043-0.43-pc\game\tl\brazil\scripts\episode018\e018_021.rpy
[OK] C:\Users\user\Desktop\RenPy\amfa_episode018_v043-0.43-pc\game\tl\brazil\scripts\episode018\e018_021.rpyc
[OK] C:\Users\user\Desktop\RenPy\amfa_episode018_v043-0.43-pc\game\tl\brazil\scripts\episode018\e018_022.rpy
[OK] C:\Users\user\Desktop\RenPy\amfa_episode018_v043-0.43-pc\game\tl\brazil\scripts\episode018\e018_022.rpyc
[OK] C:\Users\user\Desktop\RenPy\amfa_episode018_v043-0.43-pc\game\tl\brazil\scripts\episode018\e018_023.rpy
[OK] C:\Users\user\Desktop\RenPy\amfa_episode018_v043-0.43-pc\game\tl\brazil\scripts\episode018\e018_023.rpyc
[OK] C:\Users\user\Desktop\RenPy\amfa_episode018_v043-0.43-pc\game\tl\brazil\scripts\episode018\e018_024.rpy
[OK] C:\Users\user\Desktop\RenPy\amfa_episode018_v043-0.43-pc\game\tl\brazil\scripts\episode018\e018_024.rpyc
[OK] C:\Users\user\Desktop\RenPy\amfa_episode018_v043-0.43-pc\game\tl\brazil\scripts\episode018\e018_025.rpy
[OK] C:\Users\user\Desktop\RenPy\amfa_episode018_v043-0.43-pc\game\tl\brazil\scripts\episode018\e018_025.rpyc
[OK] C:\Users\user\Desktop\RenPy\amfa_episode018_v043-0.43-pc\game\tl\brazil\scripts\episode018\e018_026.rpy
[OK] C:\Users\user\Desktop\RenPy\amfa_episode018_v043-0.43-pc\game\tl\brazil\scripts\episode018\e018_026.rpyc
[OK] C:\Users\user\Desktop\RenPy\amfa_episode018_v043-0.43-pc\game\tl\brazil\scripts\episode018\e018_027.rpy
[OK] C:\Users\user\Desktop\RenPy\amfa_episode018_v043-0.43-pc\game\tl\brazil\scripts\episode018\e018_027.rpyc
[OK] C:\Users\user\Desktop\RenPy\amfa_episode018_v043-0.43-pc\game\tl\brazil\scripts\episode018\e018_028.rpy
[OK] C:\Users\user\Desktop\RenPy\amfa_episode018_v043-0.43-pc\game\tl\brazil\scripts\episode018\e018_028.rpyc
[OK] C:\Users\user\Desktop\RenPy\amfa_episode018_v043-0.43-pc\game\tl\brazil\scripts\episode018\e018_029.rpy
[OK] C:\Users\user\Desktop\RenPy\amfa_episode018_v043-0.43-pc\game\tl\brazil\scripts\episode018\e018_029.rpyc
[OK] C:\Users\user\Desktop\RenPy\amfa_episode018_v043-0.43-pc\game\tl\brazil\scripts\episode018\e018_030.rpy
[OK] C:\Users\user\Desktop\RenPy\amfa_episode018_v043-0.43-pc\game\tl\brazil\scripts\episode018\e018_030.rpyc
[OK] C:\Users\user\Desktop\RenPy\amfa_episode018_v043-0.43-pc\game\tl\brazil\scripts\episode018\e018_031.rpy
[OK] C:\Users\user\Desktop\RenPy\amfa_episode018_v043-0.43-pc\game\tl\brazil\scripts\episode018\e018_031.rpyc
[OK] C:\Users\user\Desktop\RenPy\amfa_episode018_v043-0.43-pc\game\tl\brazil\scripts\episode018\e018_032.rpy
[OK] C:\Users\user\Desktop\RenPy\amfa_episode018_v043-0.43-pc\game\tl\brazil\scripts\episode018\e018_032.rpyc
[OK] C:\Users\user\Desktop\RenPy\amfa_episode018_v043-0.43-pc\game\tl\brazil\scripts\episode018\e018_033.rpy
[OK] C:\Users\user\Desktop\RenPy\amfa_episode018_v043-0.43-pc\game\tl\brazil\scripts\episode018\e018_033.rpyc
[OK] C:\Users\user\Desktop\RenPy\amfa_episode018_v043-0.43-pc\game\tl\brazil\scripts\episode018\e018_034.rpy
[OK] C:\Users\user\Desktop\RenPy\amfa_episode018_v043-0.43-pc\game\tl\brazil\scripts\episode018\e018_034.rpyc
[OK] C:\Users\user\Desktop\RenPy\amfa_episode018_v043-0.43-pc\game\tl\brazil\scripts\episode018\e018_035.rpy
[OK] C:\Users\user\Desktop\RenPy\amfa_episode018_v043-0.43-pc\game\tl\brazil\scripts\episode018\e018_035.rpyc
[OK] C:\Users\user\Desktop\RenPy\amfa_episode018_v043-0.43-pc\game\tl\brazil\scripts\episode018\e018_036.rpy
[OK] C:\Users\user\Desktop\RenPy\amfa_episode018_v043-0.43-pc\game\tl\brazil\scripts\episode018\e018_036.rpyc
[OK] C:\Users\user\Desktop\RenPy\amfa_episode018_v043-0.43-pc\game\tl\brazil\scripts\episode018\e018_037.rpy
[OK] C:\Users\user\Desktop\RenPy\amfa_episode018_v043-0.43-pc\game\tl\brazil\scripts\episode018\e018_037.rpyc
[OK] C:\Users\user\Desktop\RenPy\amfa_episode018_v043-0.43-pc\game\tl\brazil\scripts\episode018\e018_038.rpy
[OK] C:\Users\user\Desktop\RenPy\amfa_episode018_v043-0.43-pc\game\tl\brazil\scripts\episode018\e018_038.rpyc
[OK] C:\Users\user\Desktop\RenPy\amfa_episode018_v043-0.43-pc\game\tl\brazil\scripts\episode018\e018_039.rpy
[OK] C:\Users\user\Desktop\RenPy\amfa_episode018_v043-0.43-pc\game\tl\brazil\scripts\episode018\e018_039.rpyc
[OK] C:\Users\user\Desktop\RenPy\amfa_episode018_v043-0.43-pc\game\tl\brazil\scripts\episode018\e018_040.rpy
[OK] C:\Users\user\Desktop\RenPy\amfa_episode018_v043-0.43-pc\game\tl\brazil\scripts\episode018\e018_040.rpyc
[OK] C:\Users\user\Desktop\RenPy\amfa_episode018_v043-0.43-pc\game\tl\brazil\scripts\episode018\e018_041.rpy
[OK] C:\Users\user\Desktop\RenPy\amfa_episode018_v043-0.43-pc\game\tl\brazil\scripts\episode018\e018_041.rpyc
[OK] C:\Users\user\Desktop\RenPy\amfa_episode018_v043-0.43-pc\game\tl\brazil\scripts\episode018\e018_042.rpy
[OK] C:\Users\user\Desktop\RenPy\amfa_episode018_v043-0.43-pc\game\tl\brazil\scripts\episode018\e018_042.rpyc
[OK] C:\Users\user\Desktop\RenPy\amfa_episode018_v043-0.43-pc\game\tl\brazil\scripts\episode018\e018_043.rpy
[OK] C:\Users\user\Desktop\RenPy\amfa_episode018_v043-0.43-pc\game\tl\brazil\scripts\episode018\e018_043.rpyc
[OK] C:\Users\user\Desktop\RenPy\amfa_episode018_v043-0.43-pc\game\tl\brazil\scripts\episode004\episode003\e03_001.rpy
[OK] C:\Users\user\Desktop\RenPy\amfa_episode018_v043-0.43-pc\game\tl\brazil\scripts\episode004\episode003\e03_001.rpyc
[OK] C:\Users\user\Desktop\RenPy\amfa_episode018_v043-0.43-pc\game\tl\brazil\scripts\episode004\episode003\e03_002.rpy
[OK] C:\Users\user\Desktop\RenPy\amfa_episode018_v043-0.43-pc\game\tl\brazil\scripts\episode004\episode003\e03_002.rpyc
[OK] C:\Users\user\Desktop\RenPy\amfa_episode018_v043-0.43-pc\game\tl\brazil\scripts\episode004\episode003\e03_003.rpy
[OK] C:\Users\user\Desktop\RenPy\amfa_episode018_v043-0.43-pc\game\tl\brazil\scripts\episode004\episode003\e03_003.rpyc
[OK] C:\Users\user\Desktop\RenPy\amfa_episode018_v043-0.43-pc\game\tl\brazil\scripts\episode004\episode003\e03_004.rpy
[OK] C:\Users\user\Desktop\RenPy\amfa_episode018_v043-0.43-pc\game\tl\brazil\scripts\episode004\episode003\e03_004.rpyc
[OK] C:\Users\user\Desktop\RenPy\amfa_episode018_v043-0.43-pc\game\tl\brazil\scripts\episode004\episode003\e03_005.rpy
[OK] C:\Users\user\Desktop\RenPy\amfa_episode018_v043-0.43-pc\game\tl\brazil\scripts\episode004\episode003\e03_005.rpyc
[OK] C:\Users\user\Desktop\RenPy\amfa_episode018_v043-0.43-pc\game\tl\brazil\scripts\episode004\episode003\e03_006.rpy
[OK] C:\Users\user\Desktop\RenPy\amfa_episode018_v043-0.43-pc\game\tl\brazil\scripts\episode004\episode003\e03_006.rpyc
[OK] C:\Users\user\Desktop\RenPy\amfa_episode018_v043-0.43-pc\game\tl\brazil\scripts\episode004\episode003\e03_007.rpy
[OK] C:\Users\user\Desktop\RenPy\amfa_episode018_v043-0.43-pc\game\tl\brazil\scripts\episode004\episode003\e03_007.rpyc
[OK] C:\Users\user\Desktop\RenPy\amfa_episode018_v043-0.43-pc\game\tl\brazil\scripts\episode004\episode003\e03_008.rpy
[OK] C:\Users\user\Desktop\RenPy\amfa_episode018_v043-0.43-pc\game\tl\brazil\scripts\episode004\episode003\e03_008.rpyc
[OK] C:\Users\user\Desktop\RenPy\amfa_episode018_v043-0.43-pc\game\tl\brazil\scripts\episode004\episode003\e03_009.rpy
[OK] C:\Users\user\Desktop\RenPy\amfa_episode018_v043-0.43-pc\game\tl\brazil\scripts\episode004\episode003\e03_009.rpyc
[OK] C:\Users\user\Desktop\RenPy\amfa_episode018_v043-0.43-pc\game\tl\brazil\scripts\episode004\episode003\e03_010.rpy
[OK] C:\Users\user\Desktop\RenPy\amfa_episode018_v043-0.43-pc\game\tl\brazil\scripts\episode004\episode003\e03_010.rpyc
[OK] C:\Users\user\Desktop\RenPy\amfa_episode018_v043-0.43-pc\game\tl\brazil\scripts\episode004\episode003\e03_011.rpy
[OK] C:\Users\user\Desktop\RenPy\amfa_episode018_v043-0.43-pc\game\tl\brazil\scripts\episode004\episode003\e03_011.rpyc
[OK] C:\Users\user\Desktop\RenPy\amfa_episode018_v043-0.43-pc\game\tl\brazil\scripts\episode004\episode003\e03_012.rpy
[OK] C:\Users\user\Desktop\RenPy\amfa_episode018_v043-0.43-pc\game\tl\brazil\scripts\episode004\episode003\e03_012.rpyc
[OK] C:\Users\user\Desktop\RenPy\amfa_episode018_v043-0.43-pc\game\tl\brazil\scripts\episode004\episode003\e03_013.rpy
[OK] C:\Users\user\Desktop\RenPy\amfa_episode018_v043-0.43-pc\game\tl\brazil\scripts\episode004\episode003\e03_013.rpyc
[OK] C:\Users\user\Desktop\RenPy\amfa_episode018_v043-0.43-pc\game\tl\brazil\scripts\episode004\episode003\e03_014.rpy
[OK] C:\Users\user\Desktop\RenPy\amfa_episode018_v043-0.43-pc\game\tl\brazil\scripts\episode004\episode003\e03_014.rpyc
[OK] C:\Users\user\Desktop\RenPy\amfa_episode018_v043-0.43-pc\game\tl\brazil\scripts\episode004\episode003\e03_015.rpy
[OK] C:\Users\user\Desktop\RenPy\amfa_episode018_v043-0.43-pc\game\tl\brazil\scripts\episode004\episode003\e03_015.rpyc
[OK] C:\Users\user\Desktop\RenPy\amfa_episode018_v043-0.43-pc\game\tl\brazil\scripts\episode004\episode003\e03_016.rpy
[OK] C:\Users\user\Desktop\RenPy\amfa_episode018_v043-0.43-pc\game\tl\brazil\scripts\episode004\episode003\e03_016.rpyc
[OK] C:\Users\user\Desktop\RenPy\amfa_episode018_v043-0.43-pc\game\tl\brazil\scripts\episode004\episode003\e03_017.rpy
[OK] C:\Users\user\Desktop\RenPy\amfa_episode018_v043-0.43-pc\game\tl\brazil\scripts\episode004\episode003\e03_017.rpyc
[OK] C:\Users\user\Desktop\RenPy\amfa_episode018_v043-0.43-pc\game\tl\brazil\scripts\episode004\episode003\e03_018.rpy
[OK] C:\Users\user\Desktop\RenPy\amfa_episode018_v043-0.43-pc\game\tl\brazil\scripts\episode004\episode003\e03_018.rpyc
[OK] C:\Users\user\Desktop\RenPy\amfa_episode018_v043-0.43-pc\game\tl\brazil\scripts\episode004\episode003\e03_019.rpy
[OK] C:\Users\user\Desktop\RenPy\amfa_episode018_v043-0.43-pc\game\tl\brazil\scripts\episode004\episode003\e03_019.rpyc
[OK] C:\Users\user\Desktop\RenPy\amfa_episode018_v043-0.43-pc\game\tl\brazil\scripts\episode004\episode003\e03_020.rpy
[OK] C:\Users\user\Desktop\RenPy\amfa_episode018_v043-0.43-pc\game\tl\brazil\scripts\episode004\episode003\e03_020.rpyc
[OK] C:\Users\user\Desktop\RenPy\amfa_episode018_v043-0.43-pc\game\tl\portuguese\scripts\episode000\intro001.rpy
[OK] C:\Users\user\Desktop\RenPy\amfa_episode018_v043-0.43-pc\game\tl\portuguese\scripts\episode000\intro001.rpyc
[OK] C:\Users\user\Desktop\RenPy\amfa_episode018_v043-0.43-pc\game\tl\portuguese\scripts\episode000\prologue.rpy
[OK] C:\Users\user\Desktop\RenPy\amfa_episode018_v043-0.43-pc\game\tl\portuguese\scripts\episode000\prologue.rpyc
[OK] C:\Users\user\Desktop\RenPy\amfa_episode018_v043-0.43-pc\game\tl\portuguese\scripts\episode001\e01_000_stats_tutorial.rpy
[OK] C:\Users\user\Desktop\RenPy\amfa_episode018_v043-0.43-pc\game\tl\portuguese\scripts\episode001\e01_000_stats_tutorial.rpyc
[OK] C:\Users\user\Desktop\RenPy\amfa_episode018_v043-0.43-pc\game\tl\portuguese\scripts\episode001\e01_001.rpy
[OK] C:\Users\user\Desktop\RenPy\amfa_episode018_v043-0.43-pc\game\tl\portuguese\scripts\episode001\e01_001.rpyc
[OK] C:\Users\user\Desktop\RenPy\amfa_episode018_v043-0.43-pc\game\tl\portuguese\scripts\episode001\e01_002.rpy
[OK] C:\Users\user\Desktop\RenPy\amfa_episode018_v043-0.43-pc\game\tl\portuguese\scripts\episode001\e01_002.rpyc
[OK] C:\Users\user\Desktop\RenPy\amfa_episode018_v043-0.43-pc\game\tl\portuguese\scripts\episode001\e01_003.rpy
[OK] C:\Users\user\Desktop\RenPy\amfa_episode018_v043-0.43-pc\game\tl\portuguese\scripts\episode001\e01_003.rpyc
[OK] C:\Users\user\Desktop\RenPy\amfa_episode018_v043-0.43-pc\game\tl\portuguese\scripts\episode001\e01_004.rpy
[OK] C:\Users\user\Desktop\RenPy\amfa_episode018_v043-0.43-pc\game\tl\portuguese\scripts\episode001\e01_004.rpyc
[OK] C:\Users\user\Desktop\RenPy\amfa_episode018_v043-0.43-pc\game\tl\portuguese\scripts\episode001\e01_005.rpy
[OK] C:\Users\user\Desktop\RenPy\amfa_episode018_v043-0.43-pc\game\tl\portuguese\scripts\episode001\e01_005.rpyc
[OK] C:\Users\user\Desktop\RenPy\amfa_episode018_v043-0.43-pc\game\tl\portuguese\scripts\episode001\e01_006.rpy
[OK] C:\Users\user\Desktop\RenPy\amfa_episode018_v043-0.43-pc\game\tl\portuguese\scripts\episode001\e01_006.rpyc
[OK] C:\Users\user\Desktop\RenPy\amfa_episode018_v043-0.43-pc\game\tl\portuguese\scripts\episode001\e01_007.rpy
[OK] C:\Users\user\Desktop\RenPy\amfa_episode018_v043-0.43-pc\game\tl\portuguese\scripts\episode001\e01_007.rpyc
[OK] C:\Users\user\Desktop\RenPy\amfa_episode018_v043-0.43-pc\game\tl\portuguese\scripts\episode001\e01_008.rpy
[OK] C:\Users\user\Desktop\RenPy\amfa_episode018_v043-0.43-pc\game\tl\portuguese\scripts\episode001\e01_008.rpyc
[OK] C:\Users\user\Desktop\RenPy\amfa_episode018_v043-0.43-pc\game\tl\portuguese\scripts\episode001\e01_009.rpy
[OK] C:\Users\user\Desktop\RenPy\amfa_episode018_v043-0.43-pc\game\tl\portuguese\scripts\episode001\e01_009.rpyc
[OK] C:\Users\user\Desktop\RenPy\amfa_episode018_v043-0.43-pc\game\tl\portuguese\scripts\episode001\e01_010.rpy
[OK] C:\Users\user\Desktop\RenPy\amfa_episode018_v043-0.43-pc\game\tl\portuguese\scripts\episode001\e01_010.rpyc
[OK] C:\Users\user\Desktop\RenPy\amfa_episode018_v043-0.43-pc\game\tl\portuguese\scripts\episode001\e01_011.rpy
[OK] C:\Users\user\Desktop\RenPy\amfa_episode018_v043-0.43-pc\game\tl\portuguese\scripts\episode001\e01_011.rpyc
[OK] C:\Users\user\Desktop\RenPy\amfa_episode018_v043-0.43-pc\game\tl\portuguese\scripts\episode001\e01_012.rpy
[OK] C:\Users\user\Desktop\RenPy\amfa_episode018_v043-0.43-pc\game\tl\portuguese\scripts\episode001\e01_012.rpyc
[OK] C:\Users\user\Desktop\RenPy\amfa_episode018_v043-0.43-pc\game\tl\portuguese\scripts\episode001\e01_013.rpy
[OK] C:\Users\user\Desktop\RenPy\amfa_episode018_v043-0.43-pc\game\tl\portuguese\scripts\episode001\e01_013.rpyc
[OK] C:\Users\user\Desktop\RenPy\amfa_episode018_v043-0.43-pc\game\tl\portuguese\scripts\episode001\e01_014.rpy
[OK] C:\Users\user\Desktop\RenPy\amfa_episode018_v043-0.43-pc\game\tl\portuguese\scripts\episode001\e01_014.rpyc
[OK] C:\Users\user\Desktop\RenPy\amfa_episode018_v043-0.43-pc\game\tl\portuguese\scripts\episode001\e01_015.rpy
[OK] C:\Users\user\Desktop\RenPy\amfa_episode018_v043-0.43-pc\game\tl\portuguese\scripts\episode001\e01_015.rpyc
[OK] C:\Users\user\Desktop\RenPy\amfa_episode018_v043-0.43-pc\game\tl\portuguese\scripts\episode001\e01_016.rpy
[OK] C:\Users\user\Desktop\RenPy\amfa_episode018_v043-0.43-pc\game\tl\portuguese\scripts\episode001\e01_016.rpyc
[OK] C:\Users\user\Desktop\RenPy\amfa_episode018_v043-0.43-pc\game\tl\portuguese\scripts\episode002\e02_001.rpy
[OK] C:\Users\user\Desktop\RenPy\amfa_episode018_v043-0.43-pc\game\tl\portuguese\scripts\episode002\e02_001.rpyc
[OK] C:\Users\user\Desktop\RenPy\amfa_episode018_v043-0.43-pc\game\tl\portuguese\scripts\episode002\e02_002.rpy
[OK] C:\Users\user\Desktop\RenPy\amfa_episode018_v043-0.43-pc\game\tl\portuguese\scripts\episode002\e02_002.rpyc
[OK] C:\Users\user\Desktop\RenPy\amfa_episode018_v043-0.43-pc\game\tl\portuguese\scripts\episode002\e02_003.rpy
[OK] C:\Users\user\Desktop\RenPy\amfa_episode018_v043-0.43-pc\game\tl\portuguese\scripts\episode002\e02_003.rpyc
[OK] C:\Users\user\Desktop\RenPy\amfa_episode018_v043-0.43-pc\game\tl\portuguese\scripts\episode002\e02_004.rpy
[OK] C:\Users\user\Desktop\RenPy\amfa_episode018_v043-0.43-pc\game\tl\portuguese\scripts\episode002\e02_004.rpyc
[OK] C:\Users\user\Desktop\RenPy\amfa_episode018_v043-0.43-pc\game\tl\portuguese\scripts\episode002\e02_005.rpy
[OK] C:\Users\user\Desktop\RenPy\amfa_episode018_v043-0.43-pc\game\tl\portuguese\scripts\episode002\e02_005.rpyc
[OK] C:\Users\user\Desktop\RenPy\amfa_episode018_v043-0.43-pc\game\tl\portuguese\scripts\episode002\e02_006.rpy
[OK] C:\Users\user\Desktop\RenPy\amfa_episode018_v043-0.43-pc\game\tl\portuguese\scripts\episode002\e02_006.rpyc
[OK] C:\Users\user\Desktop\RenPy\amfa_episode018_v043-0.43-pc\game\tl\portuguese\scripts\episode002\e02_007.rpy
[OK] C:\Users\user\Desktop\RenPy\amfa_episode018_v043-0.43-pc\game\tl\portuguese\scripts\episode002\e02_007.rpyc
[OK] C:\Users\user\Desktop\RenPy\amfa_episode018_v043-0.43-pc\game\tl\portuguese\scripts\episode002\e02_008.rpy
[OK] C:\Users\user\Desktop\RenPy\amfa_episode018_v043-0.43-pc\game\tl\portuguese\scripts\episode002\e02_008.rpyc
[OK] C:\Users\user\Desktop\RenPy\amfa_episode018_v043-0.43-pc\game\tl\portuguese\scripts\episode002\e02_009.rpy
[OK] C:\Users\user\Desktop\RenPy\amfa_episode018_v043-0.43-pc\game\tl\portuguese\scripts\episode002\e02_009.rpyc
[OK] C:\Users\user\Desktop\RenPy\amfa_episode018_v043-0.43-pc\game\tl\portuguese\scripts\episode002\e02_010.rpy
[OK] C:\Users\user\Desktop\RenPy\amfa_episode018_v043-0.43-pc\game\tl\portuguese\scripts\episode002\e02_010.rpyc
[OK] C:\Users\user\Desktop\RenPy\amfa_episode018_v043-0.43-pc\game\tl\portuguese\scripts\episode002\e02_011.rpy
[OK] C:\Users\user\Desktop\RenPy\amfa_episode018_v043-0.43-pc\game\tl\portuguese\scripts\episode002\e02_011.rpyc
[OK] C:\Users\user\Desktop\RenPy\amfa_episode018_v043-0.43-pc\game\tl\portuguese\scripts\episode002\e02_012.rpy
[OK] C:\Users\user\Desktop\RenPy\amfa_episode018_v043-0.43-pc\game\tl\portuguese\scripts\episode002\e02_012.rpyc
[OK] C:\Users\user\Desktop\RenPy\amfa_episode018_v043-0.43-pc\game\tl\portuguese\scripts\episode002\e02_013.rpy
[OK] C:\Users\user\Desktop\RenPy\amfa_episode018_v043-0.43-pc\game\tl\portuguese\scripts\episode002\e02_013.rpyc
[OK] C:\Users\user\Desktop\RenPy\amfa_episode018_v043-0.43-pc\game\tl\portuguese\scripts\episode002\e02_014.rpy
[OK] C:\Users\user\Desktop\RenPy\amfa_episode018_v043-0.43-pc\game\tl\portuguese\scripts\episode002\e02_014.rpyc
[OK] C:\Users\user\Desktop\RenPy\amfa_episode018_v043-0.43-pc\game\tl\portuguese\scripts\episode002\e02_015.rpy
[OK] C:\Users\user\Desktop\RenPy\amfa_episode018_v043-0.43-pc\game\tl\portuguese\scripts\episode002\e02_015.rpyc
[OK] C:\Users\user\Desktop\RenPy\amfa_episode018_v043-0.43-pc\game\tl\portuguese\scripts\episode002\e02_016.rpy
[OK] C:\Users\user\Desktop\RenPy\amfa_episode018_v043-0.43-pc\game\tl\portuguese\scripts\episode002\e02_016.rpyc
[OK] C:\Users\user\Desktop\RenPy\amfa_episode018_v043-0.43-pc\game\tl\portuguese\scripts\episode002\e02_017.rpy
[OK] C:\Users\user\Desktop\RenPy\amfa_episode018_v043-0.43-pc\game\tl\portuguese\scripts\episode002\e02_017.rpyc
[OK] C:\Users\user\Desktop\RenPy\amfa_episode018_v043-0.43-pc\game\tl\portuguese\scripts\episode002\e02_018.rpy
[OK] C:\Users\user\Desktop\RenPy\amfa_episode018_v043-0.43-pc\game\tl\portuguese\scripts\episode002\e02_018.rpyc
[OK] C:\Users\user\Desktop\RenPy\amfa_episode018_v043-0.43-pc\game\tl\portuguese\scripts\episode002\e02_019.rpy
[OK] C:\Users\user\Desktop\RenPy\amfa_episode018_v043-0.43-pc\game\tl\portuguese\scripts\episode002\e02_019.rpyc
[OK] C:\Users\user\Desktop\RenPy\amfa_episode018_v043-0.43-pc\game\tl\portuguese\scripts\episode002\e02_020.rpy
[OK] C:\Users\user\Desktop\RenPy\amfa_episode018_v043-0.43-pc\game\tl\portuguese\scripts\episode002\e02_020.rpyc
[OK] C:\Users\user\Desktop\RenPy\amfa_episode018_v043-0.43-pc\game\tl\portuguese\scripts\episode002\e02_021.rpy
[OK] C:\Users\user\Desktop\RenPy\amfa_episode018_v043-0.43-pc\game\tl\portuguese\scripts\episode002\e02_021.rpyc
[OK] C:\Users\user\Desktop\RenPy\amfa_episode018_v043-0.43-pc\game\tl\portuguese\scripts\episode002\e02_022.rpy
[OK] C:\Users\user\Desktop\RenPy\amfa_episode018_v043-0.43-pc\game\tl\portuguese\scripts\episode002\e02_022.rpyc
[OK] C:\Users\user\Desktop\RenPy\amfa_episode018_v043-0.43-pc\game\tl\portuguese\scripts\episode004\e04_001.rpy
[OK] C:\Users\user\Desktop\RenPy\amfa_episode018_v043-0.43-pc\game\tl\portuguese\scripts\episode004\e04_001.rpyc
[OK] C:\Users\user\Desktop\RenPy\amfa_episode018_v043-0.43-pc\game\tl\portuguese\scripts\episode004\e04_002.rpy
[OK] C:\Users\user\Desktop\RenPy\amfa_episode018_v043-0.43-pc\game\tl\portuguese\scripts\episode004\e04_002.rpyc
[OK] C:\Users\user\Desktop\RenPy\amfa_episode018_v043-0.43-pc\game\tl\portuguese\scripts\episode004\e04_003.rpy
[OK] C:\Users\user\Desktop\RenPy\amfa_episode018_v043-0.43-pc\game\tl\portuguese\scripts\episode004\e04_003.rpyc
[OK] C:\Users\user\Desktop\RenPy\amfa_episode018_v043-0.43-pc\game\tl\portuguese\scripts\episode004\e04_004.rpy
[OK] C:\Users\user\Desktop\RenPy\amfa_episode018_v043-0.43-pc\game\tl\portuguese\scripts\episode004\e04_004.rpyc
[OK] C:\Users\user\Desktop\RenPy\amfa_episode018_v043-0.43-pc\game\tl\portuguese\scripts\episode004\e04_005.rpy
[OK] C:\Users\user\Desktop\RenPy\amfa_episode018_v043-0.43-pc\game\tl\portuguese\scripts\episode004\e04_005.rpyc
[OK] C:\Users\user\Desktop\RenPy\amfa_episode018_v043-0.43-pc\game\tl\portuguese\scripts\episode004\e04_006.rpy
[OK] C:\Users\user\Desktop\RenPy\amfa_episode018_v043-0.43-pc\game\tl\portuguese\scripts\episode004\e04_006.rpyc
[OK] C:\Users\user\Desktop\RenPy\amfa_episode018_v043-0.43-pc\game\tl\portuguese\scripts\episode004\e04_007.rpy
[OK] C:\Users\user\Desktop\RenPy\amfa_episode018_v043-0.43-pc\game\tl\portuguese\scripts\episode004\e04_007.rpyc
[OK] C:\Users\user\Desktop\RenPy\amfa_episode018_v043-0.43-pc\game\tl\portuguese\scripts\episode004\e04_008.rpy
[OK] C:\Users\user\Desktop\RenPy\amfa_episode018_v043-0.43-pc\game\tl\portuguese\scripts\episode004\e04_008.rpyc
[OK] C:\Users\user\Desktop\RenPy\amfa_episode018_v043-0.43-pc\game\tl\portuguese\scripts\episode004\e04_009.rpy
[OK] C:\Users\user\Desktop\RenPy\amfa_episode018_v043-0.43-pc\game\tl\portuguese\scripts\episode004\e04_009.rpyc
[OK] C:\Users\user\Desktop\RenPy\amfa_episode018_v043-0.43-pc\game\tl\portuguese\scripts\episode004\e04_010.rpy
[OK] C:\Users\user\Desktop\RenPy\amfa_episode018_v043-0.43-pc\game\tl\portuguese\scripts\episode004\e04_010.rpyc
[OK] C:\Users\user\Desktop\RenPy\amfa_episode018_v043-0.43-pc\game\tl\portuguese\scripts\episode004\e04_011.rpy
[OK] C:\Users\user\Desktop\RenPy\amfa_episode018_v043-0.43-pc\game\tl\portuguese\scripts\episode004\e04_011.rpyc
[OK] C:\Users\user\Desktop\RenPy\amfa_episode018_v043-0.43-pc\game\tl\portuguese\scripts\episode004\e04_012.rpy
[OK] C:\Users\user\Desktop\RenPy\amfa_episode018_v043-0.43-pc\game\tl\portuguese\scripts\episode004\e04_012.rpyc
[OK] C:\Users\user\Desktop\RenPy\amfa_episode018_v043-0.43-pc\game\tl\portuguese\scripts\episode004\e04_013.rpy
[OK] C:\Users\user\Desktop\RenPy\amfa_episode018_v043-0.43-pc\game\tl\portuguese\scripts\episode004\e04_013.rpyc
[OK] C:\Users\user\Desktop\RenPy\amfa_episode018_v043-0.43-pc\game\tl\portuguese\scripts\episode004\e04_014.rpy
[OK] C:\Users\user\Desktop\RenPy\amfa_episode018_v043-0.43-pc\game\tl\portuguese\scripts\episode004\e04_014.rpyc
[OK] C:\Users\user\Desktop\RenPy\amfa_episode018_v043-0.43-pc\game\tl\portuguese\scripts\episode004\e04_015.rpy
[OK] C:\Users\user\Desktop\RenPy\amfa_episode018_v043-0.43-pc\game\tl\portuguese\scripts\episode004\e04_015.rpyc
[OK] C:\Users\user\Desktop\RenPy\amfa_episode018_v043-0.43-pc\game\tl\portuguese\scripts\episode004\e04_016.rpy
[OK] C:\Users\user\Desktop\RenPy\amfa_episode018_v043-0.43-pc\game\tl\portuguese\scripts\episode004\e04_016.rpyc
[OK] C:\Users\user\Desktop\RenPy\amfa_episode018_v043-0.43-pc\game\tl\portuguese\scripts\episode004\e04_017.rpy
[OK] C:\Users\user\Desktop\RenPy\amfa_episode018_v043-0.43-pc\game\tl\portuguese\scripts\episode004\e04_017.rpyc
[OK] C:\Users\user\Desktop\RenPy\amfa_episode018_v043-0.43-pc\game\tl\portuguese\scripts\episode004\e04_018.rpy
[OK] C:\Users\user\Desktop\RenPy\amfa_episode018_v043-0.43-pc\game\tl\portuguese\scripts\episode004\e04_018.rpyc
[OK] C:\Users\user\Desktop\RenPy\amfa_episode018_v043-0.43-pc\game\tl\portuguese\scripts\episode004\e04_019.rpy
[OK] C:\Users\user\Desktop\RenPy\amfa_episode018_v043-0.43-pc\game\tl\portuguese\scripts\episode004\e04_019.rpyc
[OK] C:\Users\user\Desktop\RenPy\amfa_episode018_v043-0.43-pc\game\tl\portuguese\scripts\episode004\e04_020.rpy
[OK] C:\Users\user\Desktop\RenPy\amfa_episode018_v043-0.43-pc\game\tl\portuguese\scripts\episode004\e04_020.rpyc
[OK] C:\Users\user\Desktop\RenPy\amfa_episode018_v043-0.43-pc\game\tl\portuguese\scripts\episode004\e04_021.rpy
[OK] C:\Users\user\Desktop\RenPy\amfa_episode018_v043-0.43-pc\game\tl\portuguese\scripts\episode004\e04_021.rpyc
[OK] C:\Users\user\Desktop\RenPy\amfa_episode018_v043-0.43-pc\game\tl\portuguese\scripts\episode004\e04_022.rpy
[OK] C:\Users\user\Desktop\RenPy\amfa_episode018_v043-0.43-pc\game\tl\portuguese\scripts\episode004\e04_022.rpyc
[OK] C:\Users\user\Desktop\RenPy\amfa_episode018_v043-0.43-pc\game\tl\portuguese\scripts\episode004\e04_023.rpy
[OK] C:\Users\user\Desktop\RenPy\amfa_episode018_v043-0.43-pc\game\tl\portuguese\scripts\episode004\e04_023.rpyc
[OK] C:\Users\user\Desktop\RenPy\amfa_episode018_v043-0.43-pc\game\tl\portuguese\scripts\episode005\e05_001.rpy
[OK] C:\Users\user\Desktop\RenPy\amfa_episode018_v043-0.43-pc\game\tl\portuguese\scripts\episode005\e05_001.rpyc
[OK] C:\Users\user\Desktop\RenPy\amfa_episode018_v043-0.43-pc\game\tl\portuguese\scripts\episode005\e05_002.rpy
[OK] C:\Users\user\Desktop\RenPy\amfa_episode018_v043-0.43-pc\game\tl\portuguese\scripts\episode005\e05_002.rpyc
[OK] C:\Users\user\Desktop\RenPy\amfa_episode018_v043-0.43-pc\game\tl\portuguese\scripts\episode005\e05_003.rpy
[OK] C:\Users\user\Desktop\RenPy\amfa_episode018_v043-0.43-pc\game\tl\portuguese\scripts\episode005\e05_003.rpyc
[OK] C:\Users\user\Desktop\RenPy\amfa_episode018_v043-0.43-pc\game\tl\portuguese\scripts\episode005\e05_004.rpy
[OK] C:\Users\user\Desktop\RenPy\amfa_episode018_v043-0.43-pc\game\tl\portuguese\scripts\episode005\e05_004.rpyc
[OK] C:\Users\user\Desktop\RenPy\amfa_episode018_v043-0.43-pc\game\tl\portuguese\scripts\episode005\e05_005.rpy
[OK] C:\Users\user\Desktop\RenPy\amfa_episode018_v043-0.43-pc\game\tl\portuguese\scripts\episode005\e05_005.rpyc
[OK] C:\Users\user\Desktop\RenPy\amfa_episode018_v043-0.43-pc\game\tl\portuguese\scripts\episode005\e05_006.rpy
[OK] C:\Users\user\Desktop\RenPy\amfa_episode018_v043-0.43-pc\game\tl\portuguese\scripts\episode005\e05_006.rpyc
[OK] C:\Users\user\Desktop\RenPy\amfa_episode018_v043-0.43-pc\game\tl\portuguese\scripts\episode005\e05_007.rpy
[OK] C:\Users\user\Desktop\RenPy\amfa_episode018_v043-0.43-pc\game\tl\portuguese\scripts\episode005\e05_007.rpyc
[OK] C:\Users\user\Desktop\RenPy\amfa_episode018_v043-0.43-pc\game\tl\portuguese\scripts\episode005\e05_008.rpy
[OK] C:\Users\user\Desktop\RenPy\amfa_episode018_v043-0.43-pc\game\tl\portuguese\scripts\episode005\e05_008.rpyc
[OK] C:\Users\user\Desktop\RenPy\amfa_episode018_v043-0.43-pc\game\tl\portuguese\scripts\episode005\e05_009.rpy
[OK] C:\Users\user\Desktop\RenPy\amfa_episode018_v043-0.43-pc\game\tl\portuguese\scripts\episode005\e05_009.rpyc
[OK] C:\Users\user\Desktop\RenPy\amfa_episode018_v043-0.43-pc\game\tl\portuguese\scripts\episode005\e05_010.rpy
[OK] C:\Users\user\Desktop\RenPy\amfa_episode018_v043-0.43-pc\game\tl\portuguese\scripts\episode005\e05_010.rpyc
[OK] C:\Users\user\Desktop\RenPy\amfa_episode018_v043-0.43-pc\game\tl\portuguese\scripts\episode005\e05_011.rpy
[OK] C:\Users\user\Desktop\RenPy\amfa_episode018_v043-0.43-pc\game\tl\portuguese\scripts\episode005\e05_011.rpyc
[OK] C:\Users\user\Desktop\RenPy\amfa_episode018_v043-0.43-pc\game\tl\portuguese\scripts\episode005\e05_012.rpy
[OK] C:\Users\user\Desktop\RenPy\amfa_episode018_v043-0.43-pc\game\tl\portuguese\scripts\episode005\e05_012.rpyc
[OK] C:\Users\user\Desktop\RenPy\amfa_episode018_v043-0.43-pc\game\tl\portuguese\scripts\episode005\e05_013.rpy
[OK] C:\Users\user\Desktop\RenPy\amfa_episode018_v043-0.43-pc\game\tl\portuguese\scripts\episode005\e05_013.rpyc
[OK] C:\Users\user\Desktop\RenPy\amfa_episode018_v043-0.43-pc\game\tl\portuguese\scripts\episode005\e05_014.rpy
[OK] C:\Users\user\Desktop\RenPy\amfa_episode018_v043-0.43-pc\game\tl\portuguese\scripts\episode005\e05_014.rpyc
[OK] C:\Users\user\Desktop\RenPy\amfa_episode018_v043-0.43-pc\game\tl\portuguese\scripts\episode005\e05_015.rpy
[OK] C:\Users\user\Desktop\RenPy\amfa_episode018_v043-0.43-pc\game\tl\portuguese\scripts\episode005\e05_015.rpyc
[OK] C:\Users\user\Desktop\RenPy\amfa_episode018_v043-0.43-pc\game\tl\portuguese\scripts\episode005\e05_016.rpy
[OK] C:\Users\user\Desktop\RenPy\amfa_episode018_v043-0.43-pc\game\tl\portuguese\scripts\episode005\e05_016.rpyc
[OK] C:\Users\user\Desktop\RenPy\amfa_episode018_v043-0.43-pc\game\tl\portuguese\scripts\episode005\e05_017.rpy
[OK] C:\Users\user\Desktop\RenPy\amfa_episode018_v043-0.43-pc\game\tl\portuguese\scripts\episode005\e05_017.rpyc
[OK] C:\Users\user\Desktop\RenPy\amfa_episode018_v043-0.43-pc\game\tl\portuguese\scripts\episode005\e05_018.rpy
[OK] C:\Users\user\Desktop\RenPy\amfa_episode018_v043-0.43-pc\game\tl\portuguese\scripts\episode005\e05_018.rpyc
[OK] C:\Users\user\Desktop\RenPy\amfa_episode018_v043-0.43-pc\game\tl\portuguese\scripts\episode005\e05_019.rpy
[OK] C:\Users\user\Desktop\RenPy\amfa_episode018_v043-0.43-pc\game\tl\portuguese\scripts\episode005\e05_019.rpyc
[OK] C:\Users\user\Desktop\RenPy\amfa_episode018_v043-0.43-pc\game\tl\portuguese\scripts\episode005\e05_020.rpy
[OK] C:\Users\user\Desktop\RenPy\amfa_episode018_v043-0.43-pc\game\tl\portuguese\scripts\episode005\e05_020.rpyc
[OK] C:\Users\user\Desktop\RenPy\amfa_episode018_v043-0.43-pc\game\tl\portuguese\scripts\episode005\e05_021.rpy
[OK] C:\Users\user\Desktop\RenPy\amfa_episode018_v043-0.43-pc\game\tl\portuguese\scripts\episode005\e05_021.rpyc
[OK] C:\Users\user\Desktop\RenPy\amfa_episode018_v043-0.43-pc\game\tl\portuguese\scripts\episode005\e05_022.rpy
[OK] C:\Users\user\Desktop\RenPy\amfa_episode018_v043-0.43-pc\game\tl\portuguese\scripts\episode005\e05_022.rpyc
[OK] C:\Users\user\Desktop\RenPy\amfa_episode018_v043-0.43-pc\game\tl\portuguese\scripts\episode005\e05_023.rpy
[OK] C:\Users\user\Desktop\RenPy\amfa_episode018_v043-0.43-pc\game\tl\portuguese\scripts\episode005\e05_023.rpyc
[OK] C:\Users\user\Desktop\RenPy\amfa_episode018_v043-0.43-pc\game\tl\portuguese\scripts\episode005\e05_024.rpy
[OK] C:\Users\user\Desktop\RenPy\amfa_episode018_v043-0.43-pc\game\tl\portuguese\scripts\episode005\e05_024.rpyc
[OK] C:\Users\user\Desktop\RenPy\amfa_episode018_v043-0.43-pc\game\tl\portuguese\scripts\episode005\e05_025.rpy
[OK] C:\Users\user\Desktop\RenPy\amfa_episode018_v043-0.43-pc\game\tl\portuguese\scripts\episode005\e05_025.rpyc
[OK] C:\Users\user\Desktop\RenPy\amfa_episode018_v043-0.43-pc\game\tl\portuguese\scripts\episode005\e05_026.rpy
[OK] C:\Users\user\Desktop\RenPy\amfa_episode018_v043-0.43-pc\game\tl\portuguese\scripts\episode005\e05_026.rpyc
[OK] C:\Users\user\Desktop\RenPy\amfa_episode018_v043-0.43-pc\game\tl\portuguese\scripts\episode005\e05_027.rpy
[OK] C:\Users\user\Desktop\RenPy\amfa_episode018_v043-0.43-pc\game\tl\portuguese\scripts\episode005\e05_027.rpyc
[OK] C:\Users\user\Desktop\RenPy\amfa_episode018_v043-0.43-pc\game\tl\portuguese\scripts\episode006\e06_001.rpy
[OK] C:\Users\user\Desktop\RenPy\amfa_episode018_v043-0.43-pc\game\tl\portuguese\scripts\episode006\e06_001.rpyc
[OK] C:\Users\user\Desktop\RenPy\amfa_episode018_v043-0.43-pc\game\tl\portuguese\scripts\episode006\e06_002.rpy
[OK] C:\Users\user\Desktop\RenPy\amfa_episode018_v043-0.43-pc\game\tl\portuguese\scripts\episode006\e06_002.rpyc
[OK] C:\Users\user\Desktop\RenPy\amfa_episode018_v043-0.43-pc\game\tl\portuguese\scripts\episode006\e06_003.rpy
[OK] C:\Users\user\Desktop\RenPy\amfa_episode018_v043-0.43-pc\game\tl\portuguese\scripts\episode006\e06_003.rpyc
[OK] C:\Users\user\Desktop\RenPy\amfa_episode018_v043-0.43-pc\game\tl\portuguese\scripts\episode006\e06_004.rpy
[OK] C:\Users\user\Desktop\RenPy\amfa_episode018_v043-0.43-pc\game\tl\portuguese\scripts\episode006\e06_004.rpyc
[OK] C:\Users\user\Desktop\RenPy\amfa_episode018_v043-0.43-pc\game\tl\portuguese\scripts\episode006\e06_005.rpy
[OK] C:\Users\user\Desktop\RenPy\amfa_episode018_v043-0.43-pc\game\tl\portuguese\scripts\episode006\e06_005.rpyc
[OK] C:\Users\user\Desktop\RenPy\amfa_episode018_v043-0.43-pc\game\tl\portuguese\scripts\episode006\e06_006.rpy
[OK] C:\Users\user\Desktop\RenPy\amfa_episode018_v043-0.43-pc\game\tl\portuguese\scripts\episode006\e06_006.rpyc
[OK] C:\Users\user\Desktop\RenPy\amfa_episode018_v043-0.43-pc\game\tl\portuguese\scripts\episode006\e06_007.rpy
[OK] C:\Users\user\Desktop\RenPy\amfa_episode018_v043-0.43-pc\game\tl\portuguese\scripts\episode006\e06_007.rpyc
[OK] C:\Users\user\Desktop\RenPy\amfa_episode018_v043-0.43-pc\game\tl\portuguese\scripts\episode006\e06_008.rpy
[OK] C:\Users\user\Desktop\RenPy\amfa_episode018_v043-0.43-pc\game\tl\portuguese\scripts\episode006\e06_008.rpyc
[OK] C:\Users\user\Desktop\RenPy\amfa_episode018_v043-0.43-pc\game\tl\portuguese\scripts\episode006\e06_009.rpy
[OK] C:\Users\user\Desktop\RenPy\amfa_episode018_v043-0.43-pc\game\tl\portuguese\scripts\episode006\e06_009.rpyc
[OK] C:\Users\user\Desktop\RenPy\amfa_episode018_v043-0.43-pc\game\tl\portuguese\scripts\episode006\e06_010.rpy
[OK] C:\Users\user\Desktop\RenPy\amfa_episode018_v043-0.43-pc\game\tl\portuguese\scripts\episode006\e06_010.rpyc
[OK] C:\Users\user\Desktop\RenPy\amfa_episode018_v043-0.43-pc\game\tl\portuguese\scripts\episode006\e06_011.rpy
[OK] C:\Users\user\Desktop\RenPy\amfa_episode018_v043-0.43-pc\game\tl\portuguese\scripts\episode006\e06_011.rpyc
[OK] C:\Users\user\Desktop\RenPy\amfa_episode018_v043-0.43-pc\game\tl\portuguese\scripts\episode006\e06_012.rpy
[OK] C:\Users\user\Desktop\RenPy\amfa_episode018_v043-0.43-pc\game\tl\portuguese\scripts\episode006\e06_012.rpyc
[OK] C:\Users\user\Desktop\RenPy\amfa_episode018_v043-0.43-pc\game\tl\portuguese\scripts\episode006\e06_013.rpy
[OK] C:\Users\user\Desktop\RenPy\amfa_episode018_v043-0.43-pc\game\tl\portuguese\scripts\episode006\e06_013.rpyc
[OK] C:\Users\user\Desktop\RenPy\amfa_episode018_v043-0.43-pc\game\tl\portuguese\scripts\episode006\e06_014.rpy
[OK] C:\Users\user\Desktop\RenPy\amfa_episode018_v043-0.43-pc\game\tl\portuguese\scripts\episode006\e06_014.rpyc
[OK] C:\Users\user\Desktop\RenPy\amfa_episode018_v043-0.43-pc\game\tl\portuguese\scripts\episode006\e06_015.rpy
[OK] C:\Users\user\Desktop\RenPy\amfa_episode018_v043-0.43-pc\game\tl\portuguese\scripts\episode006\e06_015.rpyc
[OK] C:\Users\user\Desktop\RenPy\amfa_episode018_v043-0.43-pc\game\tl\portuguese\scripts\episode006\e06_016.rpy
[OK] C:\Users\user\Desktop\RenPy\amfa_episode018_v043-0.43-pc\game\tl\portuguese\scripts\episode006\e06_016.rpyc
[OK] C:\Users\user\Desktop\RenPy\amfa_episode018_v043-0.43-pc\game\tl\portuguese\scripts\episode006\e06_017.rpy
[OK] C:\Users\user\Desktop\RenPy\amfa_episode018_v043-0.43-pc\game\tl\portuguese\scripts\episode006\e06_017.rpyc
[OK] C:\Users\user\Desktop\RenPy\amfa_episode018_v043-0.43-pc\game\tl\portuguese\scripts\episode006\e06_018.rpy
[OK] C:\Users\user\Desktop\RenPy\amfa_episode018_v043-0.43-pc\game\tl\portuguese\scripts\episode006\e06_018.rpyc
[OK] C:\Users\user\Desktop\RenPy\amfa_episode018_v043-0.43-pc\game\tl\portuguese\scripts\episode006\e06_019.rpy
[OK] C:\Users\user\Desktop\RenPy\amfa_episode018_v043-0.43-pc\game\tl\portuguese\scripts\episode006\e06_019.rpyc
[OK] C:\Users\user\Desktop\RenPy\amfa_episode018_v043-0.43-pc\game\tl\portuguese\scripts\episode006\e06_020.rpy
[OK] C:\Users\user\Desktop\RenPy\amfa_episode018_v043-0.43-pc\game\tl\portuguese\scripts\episode006\e06_020.rpyc
[OK] C:\Users\user\Desktop\RenPy\amfa_episode018_v043-0.43-pc\game\tl\portuguese\scripts\episode006\e06_021.rpy
[OK] C:\Users\user\Desktop\RenPy\amfa_episode018_v043-0.43-pc\game\tl\portuguese\scripts\episode006\e06_021.rpyc
[OK] C:\Users\user\Desktop\RenPy\amfa_episode018_v043-0.43-pc\game\tl\portuguese\scripts\episode006\e06_022.rpy
[OK] C:\Users\user\Desktop\RenPy\amfa_episode018_v043-0.43-pc\game\tl\portuguese\scripts\episode006\e06_022.rpyc
[OK] C:\Users\user\Desktop\RenPy\amfa_episode018_v043-0.43-pc\game\tl\portuguese\scripts\episode006\e06_023.rpy
[OK] C:\Users\user\Desktop\RenPy\amfa_episode018_v043-0.43-pc\game\tl\portuguese\scripts\episode006\e06_023.rpyc
[OK] C:\Users\user\Desktop\RenPy\amfa_episode018_v043-0.43-pc\game\tl\portuguese\scripts\episode006\e06_024.rpy
[OK] C:\Users\user\Desktop\RenPy\amfa_episode018_v043-0.43-pc\game\tl\portuguese\scripts\episode006\e06_024.rpyc
[OK] C:\Users\user\Desktop\RenPy\amfa_episode018_v043-0.43-pc\game\tl\portuguese\scripts\episode007\e07_001.rpy
[OK] C:\Users\user\Desktop\RenPy\amfa_episode018_v043-0.43-pc\game\tl\portuguese\scripts\episode007\e07_001.rpyc
[OK] C:\Users\user\Desktop\RenPy\amfa_episode018_v043-0.43-pc\game\tl\portuguese\scripts\episode007\e07_002.rpy
[OK] C:\Users\user\Desktop\RenPy\amfa_episode018_v043-0.43-pc\game\tl\portuguese\scripts\episode007\e07_002.rpyc
[OK] C:\Users\user\Desktop\RenPy\amfa_episode018_v043-0.43-pc\game\tl\portuguese\scripts\episode007\e07_003.rpy
[OK] C:\Users\user\Desktop\RenPy\amfa_episode018_v043-0.43-pc\game\tl\portuguese\scripts\episode007\e07_003.rpyc
[OK] C:\Users\user\Desktop\RenPy\amfa_episode018_v043-0.43-pc\game\tl\portuguese\scripts\episode007\e07_004.rpy
[OK] C:\Users\user\Desktop\RenPy\amfa_episode018_v043-0.43-pc\game\tl\portuguese\scripts\episode007\e07_004.rpyc
[OK] C:\Users\user\Desktop\RenPy\amfa_episode018_v043-0.43-pc\game\tl\portuguese\scripts\episode007\e07_005.rpy
[OK] C:\Users\user\Desktop\RenPy\amfa_episode018_v043-0.43-pc\game\tl\portuguese\scripts\episode007\e07_005.rpyc
[OK] C:\Users\user\Desktop\RenPy\amfa_episode018_v043-0.43-pc\game\tl\portuguese\scripts\episode007\e07_006.rpy
[OK] C:\Users\user\Desktop\RenPy\amfa_episode018_v043-0.43-pc\game\tl\portuguese\scripts\episode007\e07_006.rpyc
[OK] C:\Users\user\Desktop\RenPy\amfa_episode018_v043-0.43-pc\game\tl\portuguese\scripts\episode007\e07_007.rpy
[OK] C:\Users\user\Desktop\RenPy\amfa_episode018_v043-0.43-pc\game\tl\portuguese\scripts\episode007\e07_007.rpyc
[OK] C:\Users\user\Desktop\RenPy\amfa_episode018_v043-0.43-pc\game\tl\portuguese\scripts\episode007\e07_008.rpy
[OK] C:\Users\user\Desktop\RenPy\amfa_episode018_v043-0.43-pc\game\tl\portuguese\scripts\episode007\e07_008.rpyc
[OK] C:\Users\user\Desktop\RenPy\amfa_episode018_v043-0.43-pc\game\tl\portuguese\scripts\episode007\e07_009.rpy
[OK] C:\Users\user\Desktop\RenPy\amfa_episode018_v043-0.43-pc\game\tl\portuguese\scripts\episode007\e07_009.rpyc
[OK] C:\Users\user\Desktop\RenPy\amfa_episode018_v043-0.43-pc\game\tl\portuguese\scripts\episode007\e07_010.rpy
[OK] C:\Users\user\Desktop\RenPy\amfa_episode018_v043-0.43-pc\game\tl\portuguese\scripts\episode007\e07_010.rpyc
[OK] C:\Users\user\Desktop\RenPy\amfa_episode018_v043-0.43-pc\game\tl\portuguese\scripts\episode007\e07_011.rpy
[OK] C:\Users\user\Desktop\RenPy\amfa_episode018_v043-0.43-pc\game\tl\portuguese\scripts\episode007\e07_011.rpyc
[OK] C:\Users\user\Desktop\RenPy\amfa_episode018_v043-0.43-pc\game\tl\portuguese\scripts\episode007\e07_012.rpy
[OK] C:\Users\user\Desktop\RenPy\amfa_episode018_v043-0.43-pc\game\tl\portuguese\scripts\episode007\e07_012.rpyc
[OK] C:\Users\user\Desktop\RenPy\amfa_episode018_v043-0.43-pc\game\tl\portuguese\scripts\episode007\e07_013.rpy
[OK] C:\Users\user\Desktop\RenPy\amfa_episode018_v043-0.43-pc\game\tl\portuguese\scripts\episode007\e07_013.rpyc
[OK] C:\Users\user\Desktop\RenPy\amfa_episode018_v043-0.43-pc\game\tl\portuguese\scripts\episode007\e07_014.rpy
[OK] C:\Users\user\Desktop\RenPy\amfa_episode018_v043-0.43-pc\game\tl\portuguese\scripts\episode007\e07_014.rpyc
[OK] C:\Users\user\Desktop\RenPy\amfa_episode018_v043-0.43-pc\game\tl\portuguese\scripts\episode007\e07_015.rpy
[OK] C:\Users\user\Desktop\RenPy\amfa_episode018_v043-0.43-pc\game\tl\portuguese\scripts\episode007\e07_015.rpyc
[OK] C:\Users\user\Desktop\RenPy\amfa_episode018_v043-0.43-pc\game\tl\portuguese\scripts\episode007\e07_016.rpy
[OK] C:\Users\user\Desktop\RenPy\amfa_episode018_v043-0.43-pc\game\tl\portuguese\scripts\episode007\e07_016.rpyc
[OK] C:\Users\user\Desktop\RenPy\amfa_episode018_v043-0.43-pc\game\tl\portuguese\scripts\episode007\e07_017.rpy
[OK] C:\Users\user\Desktop\RenPy\amfa_episode018_v043-0.43-pc\game\tl\portuguese\scripts\episode007\e07_017.rpyc
[OK] C:\Users\user\Desktop\RenPy\amfa_episode018_v043-0.43-pc\game\tl\portuguese\scripts\episode007\e07_018.rpy
[OK] C:\Users\user\Desktop\RenPy\amfa_episode018_v043-0.43-pc\game\tl\portuguese\scripts\episode007\e07_018.rpyc
[OK] C:\Users\user\Desktop\RenPy\amfa_episode018_v043-0.43-pc\game\tl\portuguese\scripts\episode007\e07_019.rpy
[OK] C:\Users\user\Desktop\RenPy\amfa_episode018_v043-0.43-pc\game\tl\portuguese\scripts\episode007\e07_019.rpyc
[OK] C:\Users\user\Desktop\RenPy\amfa_episode018_v043-0.43-pc\game\tl\portuguese\scripts\episode007\e07_020.rpy
[OK] C:\Users\user\Desktop\RenPy\amfa_episode018_v043-0.43-pc\game\tl\portuguese\scripts\episode007\e07_020.rpyc
[OK] C:\Users\user\Desktop\RenPy\amfa_episode018_v043-0.43-pc\game\tl\portuguese\scripts\episode007\e07_021.rpy
[OK] C:\Users\user\Desktop\RenPy\amfa_episode018_v043-0.43-pc\game\tl\portuguese\scripts\episode007\e07_021.rpyc
[OK] C:\Users\user\Desktop\RenPy\amfa_episode018_v043-0.43-pc\game\tl\portuguese\scripts\episode007\e07_022.rpy
[OK] C:\Users\user\Desktop\RenPy\amfa_episode018_v043-0.43-pc\game\tl\portuguese\scripts\episode007\e07_022.rpyc
[OK] C:\Users\user\Desktop\RenPy\amfa_episode018_v043-0.43-pc\game\tl\portuguese\scripts\episode008\e08_001.rpy
[OK] C:\Users\user\Desktop\RenPy\amfa_episode018_v043-0.43-pc\game\tl\portuguese\scripts\episode008\e08_001.rpyc
[OK] C:\Users\user\Desktop\RenPy\amfa_episode018_v043-0.43-pc\game\tl\portuguese\scripts\episode008\e08_002.rpy
[OK] C:\Users\user\Desktop\RenPy\amfa_episode018_v043-0.43-pc\game\tl\portuguese\scripts\episode008\e08_002.rpyc
[OK] C:\Users\user\Desktop\RenPy\amfa_episode018_v043-0.43-pc\game\tl\portuguese\scripts\episode008\e08_003.rpy
[OK] C:\Users\user\Desktop\RenPy\amfa_episode018_v043-0.43-pc\game\tl\portuguese\scripts\episode008\e08_003.rpyc
[OK] C:\Users\user\Desktop\RenPy\amfa_episode018_v043-0.43-pc\game\tl\portuguese\scripts\episode008\e08_004.rpy
[OK] C:\Users\user\Desktop\RenPy\amfa_episode018_v043-0.43-pc\game\tl\portuguese\scripts\episode008\e08_004.rpyc
[OK] C:\Users\user\Desktop\RenPy\amfa_episode018_v043-0.43-pc\game\tl\portuguese\scripts\episode008\e08_005.rpy
[OK] C:\Users\user\Desktop\RenPy\amfa_episode018_v043-0.43-pc\game\tl\portuguese\scripts\episode008\e08_005.rpyc
[OK] C:\Users\user\Desktop\RenPy\amfa_episode018_v043-0.43-pc\game\tl\portuguese\scripts\episode008\e08_006.rpy
[OK] C:\Users\user\Desktop\RenPy\amfa_episode018_v043-0.43-pc\game\tl\portuguese\scripts\episode008\e08_006.rpyc
[OK] C:\Users\user\Desktop\RenPy\amfa_episode018_v043-0.43-pc\game\tl\portuguese\scripts\episode008\e08_007.rpy
[OK] C:\Users\user\Desktop\RenPy\amfa_episode018_v043-0.43-pc\game\tl\portuguese\scripts\episode008\e08_007.rpyc
[OK] C:\Users\user\Desktop\RenPy\amfa_episode018_v043-0.43-pc\game\tl\portuguese\scripts\episode008\e08_008.rpy
[OK] C:\Users\user\Desktop\RenPy\amfa_episode018_v043-0.43-pc\game\tl\portuguese\scripts\episode008\e08_008.rpyc
[OK] C:\Users\user\Desktop\RenPy\amfa_episode018_v043-0.43-pc\game\tl\portuguese\scripts\episode008\e08_009.rpy
[OK] C:\Users\user\Desktop\RenPy\amfa_episode018_v043-0.43-pc\game\tl\portuguese\scripts\episode008\e08_009.rpyc
[OK] C:\Users\user\Desktop\RenPy\amfa_episode018_v043-0.43-pc\game\tl\portuguese\scripts\episode008\e08_010.rpy
[OK] C:\Users\user\Desktop\RenPy\amfa_episode018_v043-0.43-pc\game\tl\portuguese\scripts\episode008\e08_010.rpyc
[OK] C:\Users\user\Desktop\RenPy\amfa_episode018_v043-0.43-pc\game\tl\portuguese\scripts\episode008\e08_011.rpy
[OK] C:\Users\user\Desktop\RenPy\amfa_episode018_v043-0.43-pc\game\tl\portuguese\scripts\episode008\e08_011.rpyc
[OK] C:\Users\user\Desktop\RenPy\amfa_episode018_v043-0.43-pc\game\tl\portuguese\scripts\episode008\e08_012.rpy
[OK] C:\Users\user\Desktop\RenPy\amfa_episode018_v043-0.43-pc\game\tl\portuguese\scripts\episode008\e08_012.rpyc
[OK] C:\Users\user\Desktop\RenPy\amfa_episode018_v043-0.43-pc\game\tl\portuguese\scripts\episode008\e08_013.rpy
[OK] C:\Users\user\Desktop\RenPy\amfa_episode018_v043-0.43-pc\game\tl\portuguese\scripts\episode008\e08_013.rpyc
[OK] C:\Users\user\Desktop\RenPy\amfa_episode018_v043-0.43-pc\game\tl\portuguese\scripts\episode008\e08_014.rpy
[OK] C:\Users\user\Desktop\RenPy\amfa_episode018_v043-0.43-pc\game\tl\portuguese\scripts\episode008\e08_014.rpyc
[OK] C:\Users\user\Desktop\RenPy\amfa_episode018_v043-0.43-pc\game\tl\portuguese\scripts\episode008\e08_015.rpy
[OK] C:\Users\user\Desktop\RenPy\amfa_episode018_v043-0.43-pc\game\tl\portuguese\scripts\episode008\e08_015.rpyc
[OK] C:\Users\user\Desktop\RenPy\amfa_episode018_v043-0.43-pc\game\tl\portuguese\scripts\episode008\e08_016.rpy
[OK] C:\Users\user\Desktop\RenPy\amfa_episode018_v043-0.43-pc\game\tl\portuguese\scripts\episode008\e08_016.rpyc
[OK] C:\Users\user\Desktop\RenPy\amfa_episode018_v043-0.43-pc\game\tl\portuguese\scripts\episode008\e08_017.rpy
[OK] C:\Users\user\Desktop\RenPy\amfa_episode018_v043-0.43-pc\game\tl\portuguese\scripts\episode008\e08_017.rpyc
[OK] C:\Users\user\Desktop\RenPy\amfa_episode018_v043-0.43-pc\game\tl\portuguese\scripts\episode008\e08_018.rpy
[OK] C:\Users\user\Desktop\RenPy\amfa_episode018_v043-0.43-pc\game\tl\portuguese\scripts\episode008\e08_018.rpyc
[OK] C:\Users\user\Desktop\RenPy\amfa_episode018_v043-0.43-pc\game\tl\portuguese\scripts\episode008\e08_019.rpy
[OK] C:\Users\user\Desktop\RenPy\amfa_episode018_v043-0.43-pc\game\tl\portuguese\scripts\episode008\e08_019.rpyc
[OK] C:\Users\user\Desktop\RenPy\amfa_episode018_v043-0.43-pc\game\tl\portuguese\scripts\episode008\e08_020.rpy
[OK] C:\Users\user\Desktop\RenPy\amfa_episode018_v043-0.43-pc\game\tl\portuguese\scripts\episode008\e08_020.rpyc
[OK] C:\Users\user\Desktop\RenPy\amfa_episode018_v043-0.43-pc\game\tl\portuguese\scripts\episode008\e08_021.rpy
[OK] C:\Users\user\Desktop\RenPy\amfa_episode018_v043-0.43-pc\game\tl\portuguese\scripts\episode008\e08_021.rpyc
[OK] C:\Users\user\Desktop\RenPy\amfa_episode018_v043-0.43-pc\game\tl\portuguese\scripts\episode008\e08_022.rpy
[OK] C:\Users\user\Desktop\RenPy\amfa_episode018_v043-0.43-pc\game\tl\portuguese\scripts\episode008\e08_022.rpyc
[OK] C:\Users\user\Desktop\RenPy\amfa_episode018_v043-0.43-pc\game\tl\portuguese\scripts\episode008\e08_023.rpy
[OK] C:\Users\user\Desktop\RenPy\amfa_episode018_v043-0.43-pc\game\tl\portuguese\scripts\episode008\e08_023.rpyc
[OK] C:\Users\user\Desktop\RenPy\amfa_episode018_v043-0.43-pc\game\tl\portuguese\scripts\episode008\e08_024.rpy
[OK] C:\Users\user\Desktop\RenPy\amfa_episode018_v043-0.43-pc\game\tl\portuguese\scripts\episode008\e08_024.rpyc
[OK] C:\Users\user\Desktop\RenPy\amfa_episode018_v043-0.43-pc\game\tl\portuguese\scripts\episode008\e08_025.rpy
[OK] C:\Users\user\Desktop\RenPy\amfa_episode018_v043-0.43-pc\game\tl\portuguese\scripts\episode008\e08_025.rpyc
[OK] C:\Users\user\Desktop\RenPy\amfa_episode018_v043-0.43-pc\game\tl\portuguese\scripts\episode008\e08_026.rpy
[OK] C:\Users\user\Desktop\RenPy\amfa_episode018_v043-0.43-pc\game\tl\portuguese\scripts\episode008\e08_026.rpyc
[OK] C:\Users\user\Desktop\RenPy\amfa_episode018_v043-0.43-pc\game\tl\portuguese\scripts\episode008\e08_027.rpy
[OK] C:\Users\user\Desktop\RenPy\amfa_episode018_v043-0.43-pc\game\tl\portuguese\scripts\episode008\e08_027.rpyc
[OK] C:\Users\user\Desktop\RenPy\amfa_episode018_v043-0.43-pc\game\tl\portuguese\scripts\episode008\e08_028.rpy
[OK] C:\Users\user\Desktop\RenPy\amfa_episode018_v043-0.43-pc\game\tl\portuguese\scripts\episode008\e08_028.rpyc
[OK] C:\Users\user\Desktop\RenPy\amfa_episode018_v043-0.43-pc\game\tl\portuguese\scripts\episode008\e08_029.rpy
[OK] C:\Users\user\Desktop\RenPy\amfa_episode018_v043-0.43-pc\game\tl\portuguese\scripts\episode008\e08_029.rpyc
[OK] C:\Users\user\Desktop\RenPy\amfa_episode018_v043-0.43-pc\game\tl\portuguese\scripts\episode008\e08_030.rpy
[OK] C:\Users\user\Desktop\RenPy\amfa_episode018_v043-0.43-pc\game\tl\portuguese\scripts\episode008\e08_030.rpyc
[OK] C:\Users\user\Desktop\RenPy\amfa_episode018_v043-0.43-pc\game\tl\portuguese\scripts\episode008\e08_031.rpy
[OK] C:\Users\user\Desktop\RenPy\amfa_episode018_v043-0.43-pc\game\tl\portuguese\scripts\episode008\e08_031.rpyc
[OK] C:\Users\user\Desktop\RenPy\amfa_episode018_v043-0.43-pc\game\tl\portuguese\scripts\episode009\e09_001.rpy
[OK] C:\Users\user\Desktop\RenPy\amfa_episode018_v043-0.43-pc\game\tl\portuguese\scripts\episode009\e09_001.rpyc
[OK] C:\Users\user\Desktop\RenPy\amfa_episode018_v043-0.43-pc\game\tl\portuguese\scripts\episode009\e09_002.rpy
[OK] C:\Users\user\Desktop\RenPy\amfa_episode018_v043-0.43-pc\game\tl\portuguese\scripts\episode009\e09_002.rpyc
[OK] C:\Users\user\Desktop\RenPy\amfa_episode018_v043-0.43-pc\game\tl\portuguese\scripts\episode009\e09_003.rpy
[OK] C:\Users\user\Desktop\RenPy\amfa_episode018_v043-0.43-pc\game\tl\portuguese\scripts\episode009\e09_003.rpyc
[OK] C:\Users\user\Desktop\RenPy\amfa_episode018_v043-0.43-pc\game\tl\portuguese\scripts\episode009\e09_004.rpy
[OK] C:\Users\user\Desktop\RenPy\amfa_episode018_v043-0.43-pc\game\tl\portuguese\scripts\episode009\e09_004.rpyc
[OK] C:\Users\user\Desktop\RenPy\amfa_episode018_v043-0.43-pc\game\tl\portuguese\scripts\episode009\e09_005.rpy
[OK] C:\Users\user\Desktop\RenPy\amfa_episode018_v043-0.43-pc\game\tl\portuguese\scripts\episode009\e09_005.rpyc
[OK] C:\Users\user\Desktop\RenPy\amfa_episode018_v043-0.43-pc\game\tl\portuguese\scripts\episode009\e09_006.rpy
[OK] C:\Users\user\Desktop\RenPy\amfa_episode018_v043-0.43-pc\game\tl\portuguese\scripts\episode009\e09_006.rpyc
[OK] C:\Users\user\Desktop\RenPy\amfa_episode018_v043-0.43-pc\game\tl\portuguese\scripts\episode009\e09_007.rpy
[OK] C:\Users\user\Desktop\RenPy\amfa_episode018_v043-0.43-pc\game\tl\portuguese\scripts\episode009\e09_007.rpyc
[OK] C:\Users\user\Desktop\RenPy\amfa_episode018_v043-0.43-pc\game\tl\portuguese\scripts\episode009\e09_008.rpy
[OK] C:\Users\user\Desktop\RenPy\amfa_episode018_v043-0.43-pc\game\tl\portuguese\scripts\episode009\e09_008.rpyc
[OK] C:\Users\user\Desktop\RenPy\amfa_episode018_v043-0.43-pc\game\tl\portuguese\scripts\episode009\e09_009.rpy
[OK] C:\Users\user\Desktop\RenPy\amfa_episode018_v043-0.43-pc\game\tl\portuguese\scripts\episode009\e09_009.rpyc
[OK] C:\Users\user\Desktop\RenPy\amfa_episode018_v043-0.43-pc\game\tl\portuguese\scripts\episode009\e09_010.rpy
[OK] C:\Users\user\Desktop\RenPy\amfa_episode018_v043-0.43-pc\game\tl\portuguese\scripts\episode009\e09_010.rpyc
[OK] C:\Users\user\Desktop\RenPy\amfa_episode018_v043-0.43-pc\game\tl\portuguese\scripts\episode009\e09_011.rpy
[OK] C:\Users\user\Desktop\RenPy\amfa_episode018_v043-0.43-pc\game\tl\portuguese\scripts\episode009\e09_011.rpyc
[OK] C:\Users\user\Desktop\RenPy\amfa_episode018_v043-0.43-pc\game\tl\portuguese\scripts\episode009\e09_012.rpy
[OK] C:\Users\user\Desktop\RenPy\amfa_episode018_v043-0.43-pc\game\tl\portuguese\scripts\episode009\e09_012.rpyc
[OK] C:\Users\user\Desktop\RenPy\amfa_episode018_v043-0.43-pc\game\tl\portuguese\scripts\episode009\e09_013.rpy
[OK] C:\Users\user\Desktop\RenPy\amfa_episode018_v043-0.43-pc\game\tl\portuguese\scripts\episode009\e09_013.rpyc
[OK] C:\Users\user\Desktop\RenPy\amfa_episode018_v043-0.43-pc\game\tl\portuguese\scripts\episode009\e09_014.rpy
[OK] C:\Users\user\Desktop\RenPy\amfa_episode018_v043-0.43-pc\game\tl\portuguese\scripts\episode009\e09_014.rpyc
[OK] C:\Users\user\Desktop\RenPy\amfa_episode018_v043-0.43-pc\game\tl\portuguese\scripts\episode009\e09_015.rpy
[OK] C:\Users\user\Desktop\RenPy\amfa_episode018_v043-0.43-pc\game\tl\portuguese\scripts\episode009\e09_015.rpyc
[OK] C:\Users\user\Desktop\RenPy\amfa_episode018_v043-0.43-pc\game\tl\portuguese\scripts\episode009\e09_016.rpy
[OK] C:\Users\user\Desktop\RenPy\amfa_episode018_v043-0.43-pc\game\tl\portuguese\scripts\episode009\e09_016.rpyc
[OK] C:\Users\user\Desktop\RenPy\amfa_episode018_v043-0.43-pc\game\tl\portuguese\scripts\episode009\e09_017.rpy
[OK] C:\Users\user\Desktop\RenPy\amfa_episode018_v043-0.43-pc\game\tl\portuguese\scripts\episode009\e09_017.rpyc
[OK] C:\Users\user\Desktop\RenPy\amfa_episode018_v043-0.43-pc\game\tl\portuguese\scripts\episode009\e09_018.rpy
[OK] C:\Users\user\Desktop\RenPy\amfa_episode018_v043-0.43-pc\game\tl\portuguese\scripts\episode009\e09_018.rpyc
[OK] C:\Users\user\Desktop\RenPy\amfa_episode018_v043-0.43-pc\game\tl\portuguese\scripts\episode009\e09_019.rpy
[OK] C:\Users\user\Desktop\RenPy\amfa_episode018_v043-0.43-pc\game\tl\portuguese\scripts\episode009\e09_019.rpyc
[OK] C:\Users\user\Desktop\RenPy\amfa_episode018_v043-0.43-pc\game\tl\portuguese\scripts\episode009\e09_020.rpy
[OK] C:\Users\user\Desktop\RenPy\amfa_episode018_v043-0.43-pc\game\tl\portuguese\scripts\episode009\e09_020.rpyc
[OK] C:\Users\user\Desktop\RenPy\amfa_episode018_v043-0.43-pc\game\tl\portuguese\scripts\episode009\e09_021.rpy
[OK] C:\Users\user\Desktop\RenPy\amfa_episode018_v043-0.43-pc\game\tl\portuguese\scripts\episode009\e09_021.rpyc
[OK] C:\Users\user\Desktop\RenPy\amfa_episode018_v043-0.43-pc\game\tl\portuguese\scripts\episode010\e010_001.rpy
[OK] C:\Users\user\Desktop\RenPy\amfa_episode018_v043-0.43-pc\game\tl\portuguese\scripts\episode010\e010_001.rpyc
[OK] C:\Users\user\Desktop\RenPy\amfa_episode018_v043-0.43-pc\game\tl\portuguese\scripts\episode010\e010_002.rpy
[OK] C:\Users\user\Desktop\RenPy\amfa_episode018_v043-0.43-pc\game\tl\portuguese\scripts\episode010\e010_002.rpyc
[OK] C:\Users\user\Desktop\RenPy\amfa_episode018_v043-0.43-pc\game\tl\portuguese\scripts\episode010\e010_003.rpy
[OK] C:\Users\user\Desktop\RenPy\amfa_episode018_v043-0.43-pc\game\tl\portuguese\scripts\episode010\e010_003.rpyc
[OK] C:\Users\user\Desktop\RenPy\amfa_episode018_v043-0.43-pc\game\tl\portuguese\scripts\episode010\e010_004.rpy
[OK] C:\Users\user\Desktop\RenPy\amfa_episode018_v043-0.43-pc\game\tl\portuguese\scripts\episode010\e010_004.rpyc
[OK] C:\Users\user\Desktop\RenPy\amfa_episode018_v043-0.43-pc\game\tl\portuguese\scripts\episode010\e010_005.rpy
[OK] C:\Users\user\Desktop\RenPy\amfa_episode018_v043-0.43-pc\game\tl\portuguese\scripts\episode010\e010_005.rpyc
[OK] C:\Users\user\Desktop\RenPy\amfa_episode018_v043-0.43-pc\game\tl\portuguese\scripts\episode010\e010_006.rpy
[OK] C:\Users\user\Desktop\RenPy\amfa_episode018_v043-0.43-pc\game\tl\portuguese\scripts\episode010\e010_006.rpyc
[OK] C:\Users\user\Desktop\RenPy\amfa_episode018_v043-0.43-pc\game\tl\portuguese\scripts\episode010\e010_007.rpy
[OK] C:\Users\user\Desktop\RenPy\amfa_episode018_v043-0.43-pc\game\tl\portuguese\scripts\episode010\e010_007.rpyc
[OK] C:\Users\user\Desktop\RenPy\amfa_episode018_v043-0.43-pc\game\tl\portuguese\scripts\episode010\e010_008.rpy
[OK] C:\Users\user\Desktop\RenPy\amfa_episode018_v043-0.43-pc\game\tl\portuguese\scripts\episode010\e010_008.rpyc
[OK] C:\Users\user\Desktop\RenPy\amfa_episode018_v043-0.43-pc\game\tl\portuguese\scripts\episode010\e010_009.rpy
[OK] C:\Users\user\Desktop\RenPy\amfa_episode018_v043-0.43-pc\game\tl\portuguese\scripts\episode010\e010_009.rpyc
[OK] C:\Users\user\Desktop\RenPy\amfa_episode018_v043-0.43-pc\game\tl\portuguese\scripts\episode010\e010_010.rpy
[OK] C:\Users\user\Desktop\RenPy\amfa_episode018_v043-0.43-pc\game\tl\portuguese\scripts\episode010\e010_010.rpyc
[OK] C:\Users\user\Desktop\RenPy\amfa_episode018_v043-0.43-pc\game\tl\portuguese\scripts\episode010\e010_011.rpy
[OK] C:\Users\user\Desktop\RenPy\amfa_episode018_v043-0.43-pc\game\tl\portuguese\scripts\episode010\e010_011.rpyc
[OK] C:\Users\user\Desktop\RenPy\amfa_episode018_v043-0.43-pc\game\tl\portuguese\scripts\episode010\e010_012.rpy
[OK] C:\Users\user\Desktop\RenPy\amfa_episode018_v043-0.43-pc\game\tl\portuguese\scripts\episode010\e010_012.rpyc
[OK] C:\Users\user\Desktop\RenPy\amfa_episode018_v043-0.43-pc\game\tl\portuguese\scripts\episode010\e010_013.rpy
[OK] C:\Users\user\Desktop\RenPy\amfa_episode018_v043-0.43-pc\game\tl\portuguese\scripts\episode010\e010_013.rpyc
[OK] C:\Users\user\Desktop\RenPy\amfa_episode018_v043-0.43-pc\game\tl\portuguese\scripts\episode010\e010_014.rpy
[OK] C:\Users\user\Desktop\RenPy\amfa_episode018_v043-0.43-pc\game\tl\portuguese\scripts\episode010\e010_014.rpyc
[OK] C:\Users\user\Desktop\RenPy\amfa_episode018_v043-0.43-pc\game\tl\portuguese\scripts\episode011\e011_001.rpy
[OK] C:\Users\user\Desktop\RenPy\amfa_episode018_v043-0.43-pc\game\tl\portuguese\scripts\episode011\e011_001.rpyc
[OK] C:\Users\user\Desktop\RenPy\amfa_episode018_v043-0.43-pc\game\tl\portuguese\scripts\episode011\e011_002.rpy
[OK] C:\Users\user\Desktop\RenPy\amfa_episode018_v043-0.43-pc\game\tl\portuguese\scripts\episode011\e011_002.rpyc
[OK] C:\Users\user\Desktop\RenPy\amfa_episode018_v043-0.43-pc\game\tl\portuguese\scripts\episode011\e011_003.rpy
[OK] C:\Users\user\Desktop\RenPy\amfa_episode018_v043-0.43-pc\game\tl\portuguese\scripts\episode011\e011_003.rpyc
[OK] C:\Users\user\Desktop\RenPy\amfa_episode018_v043-0.43-pc\game\tl\portuguese\scripts\episode011\e011_004.rpy
[OK] C:\Users\user\Desktop\RenPy\amfa_episode018_v043-0.43-pc\game\tl\portuguese\scripts\episode011\e011_004.rpyc
[OK] C:\Users\user\Desktop\RenPy\amfa_episode018_v043-0.43-pc\game\tl\portuguese\scripts\episode011\e011_005.rpy
[OK] C:\Users\user\Desktop\RenPy\amfa_episode018_v043-0.43-pc\game\tl\portuguese\scripts\episode011\e011_005.rpyc
[OK] C:\Users\user\Desktop\RenPy\amfa_episode018_v043-0.43-pc\game\tl\portuguese\scripts\episode011\e011_006.rpy
[OK] C:\Users\user\Desktop\RenPy\amfa_episode018_v043-0.43-pc\game\tl\portuguese\scripts\episode011\e011_006.rpyc
[OK] C:\Users\user\Desktop\RenPy\amfa_episode018_v043-0.43-pc\game\tl\portuguese\scripts\episode011\e011_007.rpy
[OK] C:\Users\user\Desktop\RenPy\amfa_episode018_v043-0.43-pc\game\tl\portuguese\scripts\episode011\e011_007.rpyc
[OK] C:\Users\user\Desktop\RenPy\amfa_episode018_v043-0.43-pc\game\tl\portuguese\scripts\episode011\e011_008.rpy
[OK] C:\Users\user\Desktop\RenPy\amfa_episode018_v043-0.43-pc\game\tl\portuguese\scripts\episode011\e011_008.rpyc
[OK] C:\Users\user\Desktop\RenPy\amfa_episode018_v043-0.43-pc\game\tl\portuguese\scripts\episode011\e011_009.rpy
[OK] C:\Users\user\Desktop\RenPy\amfa_episode018_v043-0.43-pc\game\tl\portuguese\scripts\episode011\e011_009.rpyc
[OK] C:\Users\user\Desktop\RenPy\amfa_episode018_v043-0.43-pc\game\tl\portuguese\scripts\episode011\e011_010.rpy
[OK] C:\Users\user\Desktop\RenPy\amfa_episode018_v043-0.43-pc\game\tl\portuguese\scripts\episode011\e011_010.rpyc
[OK] C:\Users\user\Desktop\RenPy\amfa_episode018_v043-0.43-pc\game\tl\portuguese\scripts\episode011\e011_011.rpy
[OK] C:\Users\user\Desktop\RenPy\amfa_episode018_v043-0.43-pc\game\tl\portuguese\scripts\episode011\e011_011.rpyc
[OK] C:\Users\user\Desktop\RenPy\amfa_episode018_v043-0.43-pc\game\tl\portuguese\scripts\episode011\e011_012.rpy
[OK] C:\Users\user\Desktop\RenPy\amfa_episode018_v043-0.43-pc\game\tl\portuguese\scripts\episode011\e011_012.rpyc
[OK] C:\Users\user\Desktop\RenPy\amfa_episode018_v043-0.43-pc\game\tl\portuguese\scripts\episode011\e011_013.rpy
[OK] C:\Users\user\Desktop\RenPy\amfa_episode018_v043-0.43-pc\game\tl\portuguese\scripts\episode011\e011_013.rpyc
[OK] C:\Users\user\Desktop\RenPy\amfa_episode018_v043-0.43-pc\game\tl\portuguese\scripts\episode011\e011_014.rpy
[OK] C:\Users\user\Desktop\RenPy\amfa_episode018_v043-0.43-pc\game\tl\portuguese\scripts\episode011\e011_014.rpyc
[OK] C:\Users\user\Desktop\RenPy\amfa_episode018_v043-0.43-pc\game\tl\portuguese\scripts\episode011\e011_015.rpy
[OK] C:\Users\user\Desktop\RenPy\amfa_episode018_v043-0.43-pc\game\tl\portuguese\scripts\episode011\e011_015.rpyc
[OK] C:\Users\user\Desktop\RenPy\amfa_episode018_v043-0.43-pc\game\tl\portuguese\scripts\episode011\e011_016.rpy
[OK] C:\Users\user\Desktop\RenPy\amfa_episode018_v043-0.43-pc\game\tl\portuguese\scripts\episode011\e011_016.rpyc
[OK] C:\Users\user\Desktop\RenPy\amfa_episode018_v043-0.43-pc\game\tl\portuguese\scripts\episode011\e011_017.rpy
[OK] C:\Users\user\Desktop\RenPy\amfa_episode018_v043-0.43-pc\game\tl\portuguese\scripts\episode011\e011_017.rpyc
[OK] C:\Users\user\Desktop\RenPy\amfa_episode018_v043-0.43-pc\game\tl\portuguese\scripts\episode012\e012_001.rpy
[OK] C:\Users\user\Desktop\RenPy\amfa_episode018_v043-0.43-pc\game\tl\portuguese\scripts\episode012\e012_001.rpyc
[OK] C:\Users\user\Desktop\RenPy\amfa_episode018_v043-0.43-pc\game\tl\portuguese\scripts\episode012\e012_002.rpy
[OK] C:\Users\user\Desktop\RenPy\amfa_episode018_v043-0.43-pc\game\tl\portuguese\scripts\episode012\e012_002.rpyc
[OK] C:\Users\user\Desktop\RenPy\amfa_episode018_v043-0.43-pc\game\tl\portuguese\scripts\episode012\e012_003.rpy
[OK] C:\Users\user\Desktop\RenPy\amfa_episode018_v043-0.43-pc\game\tl\portuguese\scripts\episode012\e012_003.rpyc
[OK] C:\Users\user\Desktop\RenPy\amfa_episode018_v043-0.43-pc\game\tl\portuguese\scripts\episode012\e012_004.rpy
[OK] C:\Users\user\Desktop\RenPy\amfa_episode018_v043-0.43-pc\game\tl\portuguese\scripts\episode012\e012_004.rpyc
[OK] C:\Users\user\Desktop\RenPy\amfa_episode018_v043-0.43-pc\game\tl\portuguese\scripts\episode012\e012_005.rpy
[OK] C:\Users\user\Desktop\RenPy\amfa_episode018_v043-0.43-pc\game\tl\portuguese\scripts\episode012\e012_005.rpyc
[OK] C:\Users\user\Desktop\RenPy\amfa_episode018_v043-0.43-pc\game\tl\portuguese\scripts\episode012\e012_006.rpy
[OK] C:\Users\user\Desktop\RenPy\amfa_episode018_v043-0.43-pc\game\tl\portuguese\scripts\episode012\e012_006.rpyc
[OK] C:\Users\user\Desktop\RenPy\amfa_episode018_v043-0.43-pc\game\tl\portuguese\scripts\episode012\e012_007.rpy
[OK] C:\Users\user\Desktop\RenPy\amfa_episode018_v043-0.43-pc\game\tl\portuguese\scripts\episode012\e012_007.rpyc
[OK] C:\Users\user\Desktop\RenPy\amfa_episode018_v043-0.43-pc\game\tl\portuguese\scripts\episode012\e012_008.rpy
[OK] C:\Users\user\Desktop\RenPy\amfa_episode018_v043-0.43-pc\game\tl\portuguese\scripts\episode012\e012_008.rpyc
[OK] C:\Users\user\Desktop\RenPy\amfa_episode018_v043-0.43-pc\game\tl\portuguese\scripts\episode012\e012_009.rpy
[OK] C:\Users\user\Desktop\RenPy\amfa_episode018_v043-0.43-pc\game\tl\portuguese\scripts\episode012\e012_009.rpyc
[OK] C:\Users\user\Desktop\RenPy\amfa_episode018_v043-0.43-pc\game\tl\portuguese\scripts\episode012\e012_010.rpy
[OK] C:\Users\user\Desktop\RenPy\amfa_episode018_v043-0.43-pc\game\tl\portuguese\scripts\episode012\e012_010.rpyc
[OK] C:\Users\user\Desktop\RenPy\amfa_episode018_v043-0.43-pc\game\tl\portuguese\scripts\episode012\e012_011.rpy
[OK] C:\Users\user\Desktop\RenPy\amfa_episode018_v043-0.43-pc\game\tl\portuguese\scripts\episode012\e012_011.rpyc
[OK] C:\Users\user\Desktop\RenPy\amfa_episode018_v043-0.43-pc\game\tl\portuguese\scripts\episode012\e012_012.rpy
[OK] C:\Users\user\Desktop\RenPy\amfa_episode018_v043-0.43-pc\game\tl\portuguese\scripts\episode012\e012_012.rpyc
[OK] C:\Users\user\Desktop\RenPy\amfa_episode018_v043-0.43-pc\game\tl\portuguese\scripts\episode012\e012_013.rpy
[OK] C:\Users\user\Desktop\RenPy\amfa_episode018_v043-0.43-pc\game\tl\portuguese\scripts\episode012\e012_013.rpyc
[OK] C:\Users\user\Desktop\RenPy\amfa_episode018_v043-0.43-pc\game\tl\portuguese\scripts\episode012\e012_014.rpy
[OK] C:\Users\user\Desktop\RenPy\amfa_episode018_v043-0.43-pc\game\tl\portuguese\scripts\episode012\e012_014.rpyc
[OK] C:\Users\user\Desktop\RenPy\amfa_episode018_v043-0.43-pc\game\tl\portuguese\scripts\episode012\e012_015.rpy
[OK] C:\Users\user\Desktop\RenPy\amfa_episode018_v043-0.43-pc\game\tl\portuguese\scripts\episode012\e012_015.rpyc
[OK] C:\Users\user\Desktop\RenPy\amfa_episode018_v043-0.43-pc\game\tl\portuguese\scripts\episode012\e012_016.rpy
[OK] C:\Users\user\Desktop\RenPy\amfa_episode018_v043-0.43-pc\game\tl\portuguese\scripts\episode012\e012_016.rpyc
[OK] C:\Users\user\Desktop\RenPy\amfa_episode018_v043-0.43-pc\game\tl\portuguese\scripts\episode012\e012_017.rpy
[OK] C:\Users\user\Desktop\RenPy\amfa_episode018_v043-0.43-pc\game\tl\portuguese\scripts\episode012\e012_017.rpyc
[OK] C:\Users\user\Desktop\RenPy\amfa_episode018_v043-0.43-pc\game\tl\portuguese\scripts\episode012\e012_018.rpy
[OK] C:\Users\user\Desktop\RenPy\amfa_episode018_v043-0.43-pc\game\tl\portuguese\scripts\episode012\e012_018.rpyc
[OK] C:\Users\user\Desktop\RenPy\amfa_episode018_v043-0.43-pc\game\tl\portuguese\scripts\episode012\e012_019.rpy
[OK] C:\Users\user\Desktop\RenPy\amfa_episode018_v043-0.43-pc\game\tl\portuguese\scripts\episode012\e012_019.rpyc
[OK] C:\Users\user\Desktop\RenPy\amfa_episode018_v043-0.43-pc\game\tl\portuguese\scripts\episode012\e012_020.rpy
[OK] C:\Users\user\Desktop\RenPy\amfa_episode018_v043-0.43-pc\game\tl\portuguese\scripts\episode012\e012_020.rpyc
[OK] C:\Users\user\Desktop\RenPy\amfa_episode018_v043-0.43-pc\game\tl\portuguese\scripts\episode012\e012_021.rpy
[OK] C:\Users\user\Desktop\RenPy\amfa_episode018_v043-0.43-pc\game\tl\portuguese\scripts\episode012\e012_021.rpyc
[OK] C:\Users\user\Desktop\RenPy\amfa_episode018_v043-0.43-pc\game\tl\portuguese\scripts\episode012\e012_022.rpy
[OK] C:\Users\user\Desktop\RenPy\amfa_episode018_v043-0.43-pc\game\tl\portuguese\scripts\episode012\e012_022.rpyc
[OK] C:\Users\user\Desktop\RenPy\amfa_episode018_v043-0.43-pc\game\tl\portuguese\scripts\episode012\e012_023.rpy
[OK] C:\Users\user\Desktop\RenPy\amfa_episode018_v043-0.43-pc\game\tl\portuguese\scripts\episode012\e012_023.rpyc
[OK] C:\Users\user\Desktop\RenPy\amfa_episode018_v043-0.43-pc\game\tl\portuguese\scripts\episode013\e013_001.rpy
[OK] C:\Users\user\Desktop\RenPy\amfa_episode018_v043-0.43-pc\game\tl\portuguese\scripts\episode013\e013_001.rpyc
[OK] C:\Users\user\Desktop\RenPy\amfa_episode018_v043-0.43-pc\game\tl\portuguese\scripts\episode013\e013_002.rpy
[OK] C:\Users\user\Desktop\RenPy\amfa_episode018_v043-0.43-pc\game\tl\portuguese\scripts\episode013\e013_002.rpyc
[OK] C:\Users\user\Desktop\RenPy\amfa_episode018_v043-0.43-pc\game\tl\portuguese\scripts\episode013\e013_003.rpy
[OK] C:\Users\user\Desktop\RenPy\amfa_episode018_v043-0.43-pc\game\tl\portuguese\scripts\episode013\e013_003.rpyc
[OK] C:\Users\user\Desktop\RenPy\amfa_episode018_v043-0.43-pc\game\tl\portuguese\scripts\episode013\e013_004.rpy
[OK] C:\Users\user\Desktop\RenPy\amfa_episode018_v043-0.43-pc\game\tl\portuguese\scripts\episode013\e013_004.rpyc
[OK] C:\Users\user\Desktop\RenPy\amfa_episode018_v043-0.43-pc\game\tl\portuguese\scripts\episode013\e013_005.rpy
[OK] C:\Users\user\Desktop\RenPy\amfa_episode018_v043-0.43-pc\game\tl\portuguese\scripts\episode013\e013_005.rpyc
[OK] C:\Users\user\Desktop\RenPy\amfa_episode018_v043-0.43-pc\game\tl\portuguese\scripts\episode013\e013_006.rpy
[OK] C:\Users\user\Desktop\RenPy\amfa_episode018_v043-0.43-pc\game\tl\portuguese\scripts\episode013\e013_006.rpyc
[OK] C:\Users\user\Desktop\RenPy\amfa_episode018_v043-0.43-pc\game\tl\portuguese\scripts\episode013\e013_007.rpy
[OK] C:\Users\user\Desktop\RenPy\amfa_episode018_v043-0.43-pc\game\tl\portuguese\scripts\episode013\e013_007.rpyc
[OK] C:\Users\user\Desktop\RenPy\amfa_episode018_v043-0.43-pc\game\tl\portuguese\scripts\episode013\e013_008.rpy
[OK] C:\Users\user\Desktop\RenPy\amfa_episode018_v043-0.43-pc\game\tl\portuguese\scripts\episode013\e013_008.rpyc
[OK] C:\Users\user\Desktop\RenPy\amfa_episode018_v043-0.43-pc\game\tl\portuguese\scripts\episode013\e013_009.rpy
[OK] C:\Users\user\Desktop\RenPy\amfa_episode018_v043-0.43-pc\game\tl\portuguese\scripts\episode013\e013_009.rpyc
[OK] C:\Users\user\Desktop\RenPy\amfa_episode018_v043-0.43-pc\game\tl\portuguese\scripts\episode013\e013_010.rpy
[OK] C:\Users\user\Desktop\RenPy\amfa_episode018_v043-0.43-pc\game\tl\portuguese\scripts\episode013\e013_010.rpyc
[OK] C:\Users\user\Desktop\RenPy\amfa_episode018_v043-0.43-pc\game\tl\portuguese\scripts\episode013\e013_011.rpy
[OK] C:\Users\user\Desktop\RenPy\amfa_episode018_v043-0.43-pc\game\tl\portuguese\scripts\episode013\e013_011.rpyc
[OK] C:\Users\user\Desktop\RenPy\amfa_episode018_v043-0.43-pc\game\tl\portuguese\scripts\episode013\e013_012.rpy
[OK] C:\Users\user\Desktop\RenPy\amfa_episode018_v043-0.43-pc\game\tl\portuguese\scripts\episode013\e013_012.rpyc
[OK] C:\Users\user\Desktop\RenPy\amfa_episode018_v043-0.43-pc\game\tl\portuguese\scripts\episode013\e013_013.rpy
[OK] C:\Users\user\Desktop\RenPy\amfa_episode018_v043-0.43-pc\game\tl\portuguese\scripts\episode013\e013_013.rpyc
[OK] C:\Users\user\Desktop\RenPy\amfa_episode018_v043-0.43-pc\game\tl\portuguese\scripts\episode013\e013_014.rpy
[OK] C:\Users\user\Desktop\RenPy\amfa_episode018_v043-0.43-pc\game\tl\portuguese\scripts\episode013\e013_014.rpyc
[OK] C:\Users\user\Desktop\RenPy\amfa_episode018_v043-0.43-pc\game\tl\portuguese\scripts\episode013\e013_015.rpy
[OK] C:\Users\user\Desktop\RenPy\amfa_episode018_v043-0.43-pc\game\tl\portuguese\scripts\episode013\e013_015.rpyc
[OK] C:\Users\user\Desktop\RenPy\amfa_episode018_v043-0.43-pc\game\tl\portuguese\scripts\episode013\e013_016.rpy
[OK] C:\Users\user\Desktop\RenPy\amfa_episode018_v043-0.43-pc\game\tl\portuguese\scripts\episode013\e013_016.rpyc
[OK] C:\Users\user\Desktop\RenPy\amfa_episode018_v043-0.43-pc\game\tl\portuguese\scripts\episode014\e014_001.rpy
[OK] C:\Users\user\Desktop\RenPy\amfa_episode018_v043-0.43-pc\game\tl\portuguese\scripts\episode014\e014_001.rpyc
[OK] C:\Users\user\Desktop\RenPy\amfa_episode018_v043-0.43-pc\game\tl\portuguese\scripts\episode014\e014_002.rpy
[OK] C:\Users\user\Desktop\RenPy\amfa_episode018_v043-0.43-pc\game\tl\portuguese\scripts\episode014\e014_002.rpyc
[OK] C:\Users\user\Desktop\RenPy\amfa_episode018_v043-0.43-pc\game\tl\portuguese\scripts\episode014\e014_003.rpy
[OK] C:\Users\user\Desktop\RenPy\amfa_episode018_v043-0.43-pc\game\tl\portuguese\scripts\episode014\e014_003.rpyc
[OK] C:\Users\user\Desktop\RenPy\amfa_episode018_v043-0.43-pc\game\tl\portuguese\scripts\episode014\e014_004.rpy
[OK] C:\Users\user\Desktop\RenPy\amfa_episode018_v043-0.43-pc\game\tl\portuguese\scripts\episode014\e014_004.rpyc
[OK] C:\Users\user\Desktop\RenPy\amfa_episode018_v043-0.43-pc\game\tl\portuguese\scripts\episode014\e014_005.rpy
[OK] C:\Users\user\Desktop\RenPy\amfa_episode018_v043-0.43-pc\game\tl\portuguese\scripts\episode014\e014_005.rpyc
[OK] C:\Users\user\Desktop\RenPy\amfa_episode018_v043-0.43-pc\game\tl\portuguese\scripts\episode014\e014_006.rpy
[OK] C:\Users\user\Desktop\RenPy\amfa_episode018_v043-0.43-pc\game\tl\portuguese\scripts\episode014\e014_006.rpyc
[OK] C:\Users\user\Desktop\RenPy\amfa_episode018_v043-0.43-pc\game\tl\portuguese\scripts\episode014\e014_007.rpy
[OK] C:\Users\user\Desktop\RenPy\amfa_episode018_v043-0.43-pc\game\tl\portuguese\scripts\episode014\e014_007.rpyc
[OK] C:\Users\user\Desktop\RenPy\amfa_episode018_v043-0.43-pc\game\tl\portuguese\scripts\episode014\e014_008.rpy
[OK] C:\Users\user\Desktop\RenPy\amfa_episode018_v043-0.43-pc\game\tl\portuguese\scripts\episode014\e014_008.rpyc
[OK] C:\Users\user\Desktop\RenPy\amfa_episode018_v043-0.43-pc\game\tl\portuguese\scripts\episode014\e014_009.rpy
[OK] C:\Users\user\Desktop\RenPy\amfa_episode018_v043-0.43-pc\game\tl\portuguese\scripts\episode014\e014_009.rpyc
[OK] C:\Users\user\Desktop\RenPy\amfa_episode018_v043-0.43-pc\game\tl\portuguese\scripts\episode014\e014_010.rpy
[OK] C:\Users\user\Desktop\RenPy\amfa_episode018_v043-0.43-pc\game\tl\portuguese\scripts\episode014\e014_010.rpyc
[OK] C:\Users\user\Desktop\RenPy\amfa_episode018_v043-0.43-pc\game\tl\portuguese\scripts\episode014\e014_011.rpy
[OK] C:\Users\user\Desktop\RenPy\amfa_episode018_v043-0.43-pc\game\tl\portuguese\scripts\episode014\e014_011.rpyc
[OK] C:\Users\user\Desktop\RenPy\amfa_episode018_v043-0.43-pc\game\tl\portuguese\scripts\episode014\e014_012.rpy
[OK] C:\Users\user\Desktop\RenPy\amfa_episode018_v043-0.43-pc\game\tl\portuguese\scripts\episode014\e014_012.rpyc
[OK] C:\Users\user\Desktop\RenPy\amfa_episode018_v043-0.43-pc\game\tl\portuguese\scripts\episode014\e014_013.rpy
[OK] C:\Users\user\Desktop\RenPy\amfa_episode018_v043-0.43-pc\game\tl\portuguese\scripts\episode014\e014_013.rpyc
[OK] C:\Users\user\Desktop\RenPy\amfa_episode018_v043-0.43-pc\game\tl\portuguese\scripts\episode014\e014_014.rpy
[OK] C:\Users\user\Desktop\RenPy\amfa_episode018_v043-0.43-pc\game\tl\portuguese\scripts\episode014\e014_014.rpyc
[OK] C:\Users\user\Desktop\RenPy\amfa_episode018_v043-0.43-pc\game\tl\portuguese\scripts\episode015\e015_001.rpy
[OK] C:\Users\user\Desktop\RenPy\amfa_episode018_v043-0.43-pc\game\tl\portuguese\scripts\episode015\e015_001.rpyc
[OK] C:\Users\user\Desktop\RenPy\amfa_episode018_v043-0.43-pc\game\tl\portuguese\scripts\episode015\e015_002.rpy
[OK] C:\Users\user\Desktop\RenPy\amfa_episode018_v043-0.43-pc\game\tl\portuguese\scripts\episode015\e015_002.rpyc
[OK] C:\Users\user\Desktop\RenPy\amfa_episode018_v043-0.43-pc\game\tl\portuguese\scripts\episode015\e015_003.rpy
[OK] C:\Users\user\Desktop\RenPy\amfa_episode018_v043-0.43-pc\game\tl\portuguese\scripts\episode015\e015_003.rpyc
[OK] C:\Users\user\Desktop\RenPy\amfa_episode018_v043-0.43-pc\game\tl\portuguese\scripts\episode015\e015_004.rpy
[OK] C:\Users\user\Desktop\RenPy\amfa_episode018_v043-0.43-pc\game\tl\portuguese\scripts\episode015\e015_004.rpyc
[OK] C:\Users\user\Desktop\RenPy\amfa_episode018_v043-0.43-pc\game\tl\portuguese\scripts\episode015\e015_005.rpy
[OK] C:\Users\user\Desktop\RenPy\amfa_episode018_v043-0.43-pc\game\tl\portuguese\scripts\episode015\e015_005.rpyc
[OK] C:\Users\user\Desktop\RenPy\amfa_episode018_v043-0.43-pc\game\tl\portuguese\scripts\episode015\e015_006.rpy
[OK] C:\Users\user\Desktop\RenPy\amfa_episode018_v043-0.43-pc\game\tl\portuguese\scripts\episode015\e015_006.rpyc
[OK] C:\Users\user\Desktop\RenPy\amfa_episode018_v043-0.43-pc\game\tl\portuguese\scripts\episode015\e015_007.rpy
[OK] C:\Users\user\Desktop\RenPy\amfa_episode018_v043-0.43-pc\game\tl\portuguese\scripts\episode015\e015_007.rpyc
[OK] C:\Users\user\Desktop\RenPy\amfa_episode018_v043-0.43-pc\game\tl\portuguese\scripts\episode015\e015_008.rpy
[OK] C:\Users\user\Desktop\RenPy\amfa_episode018_v043-0.43-pc\game\tl\portuguese\scripts\episode015\e015_008.rpyc
[OK] C:\Users\user\Desktop\RenPy\amfa_episode018_v043-0.43-pc\game\tl\portuguese\scripts\episode015\e015_009.rpy
[OK] C:\Users\user\Desktop\RenPy\amfa_episode018_v043-0.43-pc\game\tl\portuguese\scripts\episode015\e015_009.rpyc
[OK] C:\Users\user\Desktop\RenPy\amfa_episode018_v043-0.43-pc\game\tl\portuguese\scripts\episode015\e015_010.rpy
[OK] C:\Users\user\Desktop\RenPy\amfa_episode018_v043-0.43-pc\game\tl\portuguese\scripts\episode015\e015_010.rpyc
[OK] C:\Users\user\Desktop\RenPy\amfa_episode018_v043-0.43-pc\game\tl\portuguese\scripts\episode015\e015_011.rpy
[OK] C:\Users\user\Desktop\RenPy\amfa_episode018_v043-0.43-pc\game\tl\portuguese\scripts\episode015\e015_011.rpyc
[OK] C:\Users\user\Desktop\RenPy\amfa_episode018_v043-0.43-pc\game\tl\portuguese\scripts\episode015\e015_012.rpy
[OK] C:\Users\user\Desktop\RenPy\amfa_episode018_v043-0.43-pc\game\tl\portuguese\scripts\episode015\e015_012.rpyc
[OK] C:\Users\user\Desktop\RenPy\amfa_episode018_v043-0.43-pc\game\tl\portuguese\scripts\episode015\e015_013.rpy
[OK] C:\Users\user\Desktop\RenPy\amfa_episode018_v043-0.43-pc\game\tl\portuguese\scripts\episode015\e015_013.rpyc
[OK] C:\Users\user\Desktop\RenPy\amfa_episode018_v043-0.43-pc\game\tl\portuguese\scripts\episode015\e015_014.rpy
[OK] C:\Users\user\Desktop\RenPy\amfa_episode018_v043-0.43-pc\game\tl\portuguese\scripts\episode015\e015_014.rpyc
[OK] C:\Users\user\Desktop\RenPy\amfa_episode018_v043-0.43-pc\game\tl\portuguese\scripts\episode016\e016_001.rpy
[OK] C:\Users\user\Desktop\RenPy\amfa_episode018_v043-0.43-pc\game\tl\portuguese\scripts\episode016\e016_001.rpyc
[OK] C:\Users\user\Desktop\RenPy\amfa_episode018_v043-0.43-pc\game\tl\portuguese\scripts\episode016\e016_002.rpy
[OK] C:\Users\user\Desktop\RenPy\amfa_episode018_v043-0.43-pc\game\tl\portuguese\scripts\episode016\e016_002.rpyc
[OK] C:\Users\user\Desktop\RenPy\amfa_episode018_v043-0.43-pc\game\tl\portuguese\scripts\episode016\e016_003.rpy
[OK] C:\Users\user\Desktop\RenPy\amfa_episode018_v043-0.43-pc\game\tl\portuguese\scripts\episode016\e016_003.rpyc
[OK] C:\Users\user\Desktop\RenPy\amfa_episode018_v043-0.43-pc\game\tl\portuguese\scripts\episode016\e016_004.rpy
[OK] C:\Users\user\Desktop\RenPy\amfa_episode018_v043-0.43-pc\game\tl\portuguese\scripts\episode016\e016_004.rpyc
[OK] C:\Users\user\Desktop\RenPy\amfa_episode018_v043-0.43-pc\game\tl\portuguese\scripts\episode016\e016_005.rpy
[OK] C:\Users\user\Desktop\RenPy\amfa_episode018_v043-0.43-pc\game\tl\portuguese\scripts\episode016\e016_005.rpyc
[OK] C:\Users\user\Desktop\RenPy\amfa_episode018_v043-0.43-pc\game\tl\portuguese\scripts\episode016\e016_006.rpy
[OK] C:\Users\user\Desktop\RenPy\amfa_episode018_v043-0.43-pc\game\tl\portuguese\scripts\episode016\e016_006.rpyc
[OK] C:\Users\user\Desktop\RenPy\amfa_episode018_v043-0.43-pc\game\tl\portuguese\scripts\episode016\e016_007.rpy
[OK] C:\Users\user\Desktop\RenPy\amfa_episode018_v043-0.43-pc\game\tl\portuguese\scripts\episode016\e016_007.rpyc
[OK] C:\Users\user\Desktop\RenPy\amfa_episode018_v043-0.43-pc\game\tl\portuguese\scripts\episode016\e016_008.rpy
[OK] C:\Users\user\Desktop\RenPy\amfa_episode018_v043-0.43-pc\game\tl\portuguese\scripts\episode016\e016_008.rpyc
[OK] C:\Users\user\Desktop\RenPy\amfa_episode018_v043-0.43-pc\game\tl\portuguese\scripts\episode016\e016_009.rpy
[OK] C:\Users\user\Desktop\RenPy\amfa_episode018_v043-0.43-pc\game\tl\portuguese\scripts\episode016\e016_009.rpyc
[OK] C:\Users\user\Desktop\RenPy\amfa_episode018_v043-0.43-pc\game\tl\portuguese\scripts\episode016\e016_010.rpy
[OK] C:\Users\user\Desktop\RenPy\amfa_episode018_v043-0.43-pc\game\tl\portuguese\scripts\episode016\e016_010.rpyc
[OK] C:\Users\user\Desktop\RenPy\amfa_episode018_v043-0.43-pc\game\tl\portuguese\scripts\episode016\e016_011.rpy
[OK] C:\Users\user\Desktop\RenPy\amfa_episode018_v043-0.43-pc\game\tl\portuguese\scripts\episode016\e016_011.rpyc
[OK] C:\Users\user\Desktop\RenPy\amfa_episode018_v043-0.43-pc\game\tl\portuguese\scripts\episode016\e016_013.rpy
[OK] C:\Users\user\Desktop\RenPy\amfa_episode018_v043-0.43-pc\game\tl\portuguese\scripts\episode016\e016_013.rpyc
[OK] C:\Users\user\Desktop\RenPy\amfa_episode018_v043-0.43-pc\game\tl\portuguese\scripts\episode017\e017_001.rpy
[OK] C:\Users\user\Desktop\RenPy\amfa_episode018_v043-0.43-pc\game\tl\portuguese\scripts\episode017\e017_001.rpyc
[OK] C:\Users\user\Desktop\RenPy\amfa_episode018_v043-0.43-pc\game\tl\portuguese\scripts\episode017\e017_002.rpy
[OK] C:\Users\user\Desktop\RenPy\amfa_episode018_v043-0.43-pc\game\tl\portuguese\scripts\episode017\e017_002.rpyc
[OK] C:\Users\user\Desktop\RenPy\amfa_episode018_v043-0.43-pc\game\tl\portuguese\scripts\episode017\e017_003.rpy
[OK] C:\Users\user\Desktop\RenPy\amfa_episode018_v043-0.43-pc\game\tl\portuguese\scripts\episode017\e017_003.rpyc
[OK] C:\Users\user\Desktop\RenPy\amfa_episode018_v043-0.43-pc\game\tl\portuguese\scripts\episode017\e017_004.rpy
[OK] C:\Users\user\Desktop\RenPy\amfa_episode018_v043-0.43-pc\game\tl\portuguese\scripts\episode017\e017_004.rpyc
[OK] C:\Users\user\Desktop\RenPy\amfa_episode018_v043-0.43-pc\game\tl\portuguese\scripts\episode017\e017_005.rpy
[OK] C:\Users\user\Desktop\RenPy\amfa_episode018_v043-0.43-pc\game\tl\portuguese\scripts\episode017\e017_005.rpyc
[OK] C:\Users\user\Desktop\RenPy\amfa_episode018_v043-0.43-pc\game\tl\portuguese\scripts\episode017\e017_006.rpy
[OK] C:\Users\user\Desktop\RenPy\amfa_episode018_v043-0.43-pc\game\tl\portuguese\scripts\episode017\e017_006.rpyc
[OK] C:\Users\user\Desktop\RenPy\amfa_episode018_v043-0.43-pc\game\tl\portuguese\scripts\episode017\e017_007.rpy
[OK] C:\Users\user\Desktop\RenPy\amfa_episode018_v043-0.43-pc\game\tl\portuguese\scripts\episode017\e017_007.rpyc
[OK] C:\Users\user\Desktop\RenPy\amfa_episode018_v043-0.43-pc\game\tl\portuguese\scripts\episode017\e017_008.rpy
[OK] C:\Users\user\Desktop\RenPy\amfa_episode018_v043-0.43-pc\game\tl\portuguese\scripts\episode017\e017_008.rpyc
[OK] C:\Users\user\Desktop\RenPy\amfa_episode018_v043-0.43-pc\game\tl\portuguese\scripts\episode017\e017_009.rpy
[OK] C:\Users\user\Desktop\RenPy\amfa_episode018_v043-0.43-pc\game\tl\portuguese\scripts\episode017\e017_009.rpyc
[OK] C:\Users\user\Desktop\RenPy\amfa_episode018_v043-0.43-pc\game\tl\portuguese\scripts\episode017\e017_010.rpy
[OK] C:\Users\user\Desktop\RenPy\amfa_episode018_v043-0.43-pc\game\tl\portuguese\scripts\episode017\e017_010.rpyc
[OK] C:\Users\user\Desktop\RenPy\amfa_episode018_v043-0.43-pc\game\tl\portuguese\scripts\episode017\e017_011.rpy
[OK] C:\Users\user\Desktop\RenPy\amfa_episode018_v043-0.43-pc\game\tl\portuguese\scripts\episode017\e017_011.rpyc
[OK] C:\Users\user\Desktop\RenPy\amfa_episode018_v043-0.43-pc\game\tl\portuguese\scripts\episode017\e017_013.rpy
[OK] C:\Users\user\Desktop\RenPy\amfa_episode018_v043-0.43-pc\game\tl\portuguese\scripts\episode017\e017_013.rpyc
[OK] C:\Users\user\Desktop\RenPy\amfa_episode018_v043-0.43-pc\game\tl\portuguese\scripts\episode018\e018_001.rpy
[OK] C:\Users\user\Desktop\RenPy\amfa_episode018_v043-0.43-pc\game\tl\portuguese\scripts\episode018\e018_001.rpyc
[OK] C:\Users\user\Desktop\RenPy\amfa_episode018_v043-0.43-pc\game\tl\portuguese\scripts\episode018\e018_002.rpy
[OK] C:\Users\user\Desktop\RenPy\amfa_episode018_v043-0.43-pc\game\tl\portuguese\scripts\episode018\e018_002.rpyc
[OK] C:\Users\user\Desktop\RenPy\amfa_episode018_v043-0.43-pc\game\tl\portuguese\scripts\episode018\e018_003.rpy
[OK] C:\Users\user\Desktop\RenPy\amfa_episode018_v043-0.43-pc\game\tl\portuguese\scripts\episode018\e018_003.rpyc
[OK] C:\Users\user\Desktop\RenPy\amfa_episode018_v043-0.43-pc\game\tl\portuguese\scripts\episode018\e018_004.rpy
[OK] C:\Users\user\Desktop\RenPy\amfa_episode018_v043-0.43-pc\game\tl\portuguese\scripts\episode018\e018_004.rpyc
[OK] C:\Users\user\Desktop\RenPy\amfa_episode018_v043-0.43-pc\game\tl\portuguese\scripts\episode018\e018_005.rpy
[OK] C:\Users\user\Desktop\RenPy\amfa_episode018_v043-0.43-pc\game\tl\portuguese\scripts\episode018\e018_005.rpyc
[OK] C:\Users\user\Desktop\RenPy\amfa_episode018_v043-0.43-pc\game\tl\portuguese\scripts\episode018\e018_006.rpy
[OK] C:\Users\user\Desktop\RenPy\amfa_episode018_v043-0.43-pc\game\tl\portuguese\scripts\episode018\e018_006.rpyc
[OK] C:\Users\user\Desktop\RenPy\amfa_episode018_v043-0.43-pc\game\tl\portuguese\scripts\episode018\e018_007.rpy
[OK] C:\Users\user\Desktop\RenPy\amfa_episode018_v043-0.43-pc\game\tl\portuguese\scripts\episode018\e018_007.rpyc
[OK] C:\Users\user\Desktop\RenPy\amfa_episode018_v043-0.43-pc\game\tl\portuguese\scripts\episode018\e018_008.rpy
[OK] C:\Users\user\Desktop\RenPy\amfa_episode018_v043-0.43-pc\game\tl\portuguese\scripts\episode018\e018_008.rpyc
[OK] C:\Users\user\Desktop\RenPy\amfa_episode018_v043-0.43-pc\game\tl\portuguese\scripts\episode018\e018_009.rpy
[OK] C:\Users\user\Desktop\RenPy\amfa_episode018_v043-0.43-pc\game\tl\portuguese\scripts\episode018\e018_009.rpyc
[OK] C:\Users\user\Desktop\RenPy\amfa_episode018_v043-0.43-pc\game\tl\portuguese\scripts\episode018\e018_010.rpy
[OK] C:\Users\user\Desktop\RenPy\amfa_episode018_v043-0.43-pc\game\tl\portuguese\scripts\episode018\e018_010.rpyc
[OK] C:\Users\user\Desktop\RenPy\amfa_episode018_v043-0.43-pc\game\tl\portuguese\scripts\episode018\e018_011.rpy
[OK] C:\Users\user\Desktop\RenPy\amfa_episode018_v043-0.43-pc\game\tl\portuguese\scripts\episode018\e018_011.rpyc
[OK] C:\Users\user\Desktop\RenPy\amfa_episode018_v043-0.43-pc\game\tl\portuguese\scripts\episode018\e018_012.rpy
[OK] C:\Users\user\Desktop\RenPy\amfa_episode018_v043-0.43-pc\game\tl\portuguese\scripts\episode018\e018_012.rpyc
[OK] C:\Users\user\Desktop\RenPy\amfa_episode018_v043-0.43-pc\game\tl\portuguese\scripts\episode018\e018_013.rpy
[OK] C:\Users\user\Desktop\RenPy\amfa_episode018_v043-0.43-pc\game\tl\portuguese\scripts\episode018\e018_013.rpyc
[OK] C:\Users\user\Desktop\RenPy\amfa_episode018_v043-0.43-pc\game\tl\portuguese\scripts\episode018\e018_014.rpy
[OK] C:\Users\user\Desktop\RenPy\amfa_episode018_v043-0.43-pc\game\tl\portuguese\scripts\episode018\e018_014.rpyc
[OK] C:\Users\user\Desktop\RenPy\amfa_episode018_v043-0.43-pc\game\tl\portuguese\scripts\episode018\e018_015.rpy
[OK] C:\Users\user\Desktop\RenPy\amfa_episode018_v043-0.43-pc\game\tl\portuguese\scripts\episode018\e018_015.rpyc
[OK] C:\Users\user\Desktop\RenPy\amfa_episode018_v043-0.43-pc\game\tl\portuguese\scripts\episode018\e018_016.rpy
[OK] C:\Users\user\Desktop\RenPy\amfa_episode018_v043-0.43-pc\game\tl\portuguese\scripts\episode018\e018_016.rpyc
[OK] C:\Users\user\Desktop\RenPy\amfa_episode018_v043-0.43-pc\game\tl\portuguese\scripts\episode018\e018_017.rpy
[OK] C:\Users\user\Desktop\RenPy\amfa_episode018_v043-0.43-pc\game\tl\portuguese\scripts\episode018\e018_017.rpyc
[OK] C:\Users\user\Desktop\RenPy\amfa_episode018_v043-0.43-pc\game\tl\portuguese\scripts\episode018\e018_018.rpy
[OK] C:\Users\user\Desktop\RenPy\amfa_episode018_v043-0.43-pc\game\tl\portuguese\scripts\episode018\e018_018.rpyc
[OK] C:\Users\user\Desktop\RenPy\amfa_episode018_v043-0.43-pc\game\tl\portuguese\scripts\episode018\e018_019.rpy
[OK] C:\Users\user\Desktop\RenPy\amfa_episode018_v043-0.43-pc\game\tl\portuguese\scripts\episode018\e018_019.rpyc
[OK] C:\Users\user\Desktop\RenPy\amfa_episode018_v043-0.43-pc\game\tl\portuguese\scripts\episode018\e018_020.rpy
[OK] C:\Users\user\Desktop\RenPy\amfa_episode018_v043-0.43-pc\game\tl\portuguese\scripts\episode018\e018_020.rpyc
[OK] C:\Users\user\Desktop\RenPy\amfa_episode018_v043-0.43-pc\game\tl\portuguese\scripts\episode018\e018_021.rpy
[OK] C:\Users\user\Desktop\RenPy\amfa_episode018_v043-0.43-pc\game\tl\portuguese\scripts\episode018\e018_021.rpyc
[OK] C:\Users\user\Desktop\RenPy\amfa_episode018_v043-0.43-pc\game\tl\portuguese\scripts\episode018\e018_022.rpy
[OK] C:\Users\user\Desktop\RenPy\amfa_episode018_v043-0.43-pc\game\tl\portuguese\scripts\episode018\e018_022.rpyc
[OK] C:\Users\user\Desktop\RenPy\amfa_episode018_v043-0.43-pc\game\tl\portuguese\scripts\episode018\e018_023.rpy
[OK] C:\Users\user\Desktop\RenPy\amfa_episode018_v043-0.43-pc\game\tl\portuguese\scripts\episode018\e018_023.rpyc
[OK] C:\Users\user\Desktop\RenPy\amfa_episode018_v043-0.43-pc\game\tl\portuguese\scripts\episode018\e018_024.rpy
[OK] C:\Users\user\Desktop\RenPy\amfa_episode018_v043-0.43-pc\game\tl\portuguese\scripts\episode018\e018_024.rpyc
[OK] C:\Users\user\Desktop\RenPy\amfa_episode018_v043-0.43-pc\game\tl\portuguese\scripts\episode018\e018_025.rpy
[OK] C:\Users\user\Desktop\RenPy\amfa_episode018_v043-0.43-pc\game\tl\portuguese\scripts\episode018\e018_025.rpyc
[OK] C:\Users\user\Desktop\RenPy\amfa_episode018_v043-0.43-pc\game\tl\portuguese\scripts\episode018\e018_026.rpy
[OK] C:\Users\user\Desktop\RenPy\amfa_episode018_v043-0.43-pc\game\tl\portuguese\scripts\episode018\e018_026.rpyc
[OK] C:\Users\user\Desktop\RenPy\amfa_episode018_v043-0.43-pc\game\tl\portuguese\scripts\episode018\e018_027.rpy
[OK] C:\Users\user\Desktop\RenPy\amfa_episode018_v043-0.43-pc\game\tl\portuguese\scripts\episode018\e018_027.rpyc
[OK] C:\Users\user\Desktop\RenPy\amfa_episode018_v043-0.43-pc\game\tl\portuguese\scripts\episode018\e018_028.rpy
[OK] C:\Users\user\Desktop\RenPy\amfa_episode018_v043-0.43-pc\game\tl\portuguese\scripts\episode018\e018_028.rpyc
[OK] C:\Users\user\Desktop\RenPy\amfa_episode018_v043-0.43-pc\game\tl\portuguese\scripts\episode018\e018_029.rpy
[OK] C:\Users\user\Desktop\RenPy\amfa_episode018_v043-0.43-pc\game\tl\portuguese\scripts\episode018\e018_029.rpyc
[OK] C:\Users\user\Desktop\RenPy\amfa_episode018_v043-0.43-pc\game\tl\portuguese\scripts\episode018\e018_030.rpy
[OK] C:\Users\user\Desktop\RenPy\amfa_episode018_v043-0.43-pc\game\tl\portuguese\scripts\episode018\e018_030.rpyc
[OK] C:\Users\user\Desktop\RenPy\amfa_episode018_v043-0.43-pc\game\tl\portuguese\scripts\episode018\e018_031.rpy
[OK] C:\Users\user\Desktop\RenPy\amfa_episode018_v043-0.43-pc\game\tl\portuguese\scripts\episode018\e018_031.rpyc
[OK] C:\Users\user\Desktop\RenPy\amfa_episode018_v043-0.43-pc\game\tl\portuguese\scripts\episode018\e018_032.rpy
[OK] C:\Users\user\Desktop\RenPy\amfa_episode018_v043-0.43-pc\game\tl\portuguese\scripts\episode018\e018_032.rpyc
[OK] C:\Users\user\Desktop\RenPy\amfa_episode018_v043-0.43-pc\game\tl\portuguese\scripts\episode018\e018_033.rpy
[OK] C:\Users\user\Desktop\RenPy\amfa_episode018_v043-0.43-pc\game\tl\portuguese\scripts\episode018\e018_033.rpyc
[OK] C:\Users\user\Desktop\RenPy\amfa_episode018_v043-0.43-pc\game\tl\portuguese\scripts\episode018\e018_034.rpy
[OK] C:\Users\user\Desktop\RenPy\amfa_episode018_v043-0.43-pc\game\tl\portuguese\scripts\episode018\e018_034.rpyc
[OK] C:\Users\user\Desktop\RenPy\amfa_episode018_v043-0.43-pc\game\tl\portuguese\scripts\episode018\e018_035.rpy
[OK] C:\Users\user\Desktop\RenPy\amfa_episode018_v043-0.43-pc\game\tl\portuguese\scripts\episode018\e018_035.rpyc
[OK] C:\Users\user\Desktop\RenPy\amfa_episode018_v043-0.43-pc\game\tl\portuguese\scripts\episode018\e018_036.rpy
[OK] C:\Users\user\Desktop\RenPy\amfa_episode018_v043-0.43-pc\game\tl\portuguese\scripts\episode018\e018_036.rpyc
[OK] C:\Users\user\Desktop\RenPy\amfa_episode018_v043-0.43-pc\game\tl\portuguese\scripts\episode018\e018_037.rpy
[OK] C:\Users\user\Desktop\RenPy\amfa_episode018_v043-0.43-pc\game\tl\portuguese\scripts\episode018\e018_037.rpyc
[OK] C:\Users\user\Desktop\RenPy\amfa_episode018_v043-0.43-pc\game\tl\portuguese\scripts\episode018\e018_038.rpy
[OK] C:\Users\user\Desktop\RenPy\amfa_episode018_v043-0.43-pc\game\tl\portuguese\scripts\episode018\e018_038.rpyc
[OK] C:\Users\user\Desktop\RenPy\amfa_episode018_v043-0.43-pc\game\tl\portuguese\scripts\episode018\e018_039.rpy
[OK] C:\Users\user\Desktop\RenPy\amfa_episode018_v043-0.43-pc\game\tl\portuguese\scripts\episode018\e018_039.rpyc
[OK] C:\Users\user\Desktop\RenPy\amfa_episode018_v043-0.43-pc\game\tl\portuguese\scripts\episode018\e018_040.rpy
[OK] C:\Users\user\Desktop\RenPy\amfa_episode018_v043-0.43-pc\game\tl\portuguese\scripts\episode018\e018_040.rpyc
[OK] C:\Users\user\Desktop\RenPy\amfa_episode018_v043-0.43-pc\game\tl\portuguese\scripts\episode018\e018_041.rpy
[OK] C:\Users\user\Desktop\RenPy\amfa_episode018_v043-0.43-pc\game\tl\portuguese\scripts\episode018\e018_041.rpyc
[OK] C:\Users\user\Desktop\RenPy\amfa_episode018_v043-0.43-pc\game\tl\portuguese\scripts\episode018\e018_042.rpy
[OK] C:\Users\user\Desktop\RenPy\amfa_episode018_v043-0.43-pc\game\tl\portuguese\scripts\episode018\e018_042.rpyc
[OK] C:\Users\user\Desktop\RenPy\amfa_episode018_v043-0.43-pc\game\tl\portuguese\scripts\episode018\e018_043.rpy
[OK] C:\Users\user\Desktop\RenPy\amfa_episode018_v043-0.43-pc\game\tl\portuguese\scripts\episode018\e018_043.rpyc
[OK] C:\Users\user\Desktop\RenPy\amfa_episode018_v043-0.43-pc\game\tl\portuguese\scripts\episode004\episode003\e03_001.rpy
[OK] C:\Users\user\Desktop\RenPy\amfa_episode018_v043-0.43-pc\game\tl\portuguese\scripts\episode004\episode003\e03_001.rpyc
[OK] C:\Users\user\Desktop\RenPy\amfa_episode018_v043-0.43-pc\game\tl\portuguese\scripts\episode004\episode003\e03_002.rpy
[OK] C:\Users\user\Desktop\RenPy\amfa_episode018_v043-0.43-pc\game\tl\portuguese\scripts\episode004\episode003\e03_002.rpyc
[OK] C:\Users\user\Desktop\RenPy\amfa_episode018_v043-0.43-pc\game\tl\portuguese\scripts\episode004\episode003\e03_003.rpy
[OK] C:\Users\user\Desktop\RenPy\amfa_episode018_v043-0.43-pc\game\tl\portuguese\scripts\episode004\episode003\e03_003.rpyc
[OK] C:\Users\user\Desktop\RenPy\amfa_episode018_v043-0.43-pc\game\tl\portuguese\scripts\episode004\episode003\e03_004.rpy
[OK] C:\Users\user\Desktop\RenPy\amfa_episode018_v043-0.43-pc\game\tl\portuguese\scripts\episode004\episode003\e03_004.rpyc
[OK] C:\Users\user\Desktop\RenPy\amfa_episode018_v043-0.43-pc\game\tl\portuguese\scripts\episode004\episode003\e03_005.rpy
[OK] C:\Users\user\Desktop\RenPy\amfa_episode018_v043-0.43-pc\game\tl\portuguese\scripts\episode004\episode003\e03_005.rpyc
[OK] C:\Users\user\Desktop\RenPy\amfa_episode018_v043-0.43-pc\game\tl\portuguese\scripts\episode004\episode003\e03_006.rpy
[OK] C:\Users\user\Desktop\RenPy\amfa_episode018_v043-0.43-pc\game\tl\portuguese\scripts\episode004\episode003\e03_006.rpyc
[OK] C:\Users\user\Desktop\RenPy\amfa_episode018_v043-0.43-pc\game\tl\portuguese\scripts\episode004\episode003\e03_007.rpy
[OK] C:\Users\user\Desktop\RenPy\amfa_episode018_v043-0.43-pc\game\tl\portuguese\scripts\episode004\episode003\e03_007.rpyc
[OK] C:\Users\user\Desktop\RenPy\amfa_episode018_v043-0.43-pc\game\tl\portuguese\scripts\episode004\episode003\e03_008.rpy
[OK] C:\Users\user\Desktop\RenPy\amfa_episode018_v043-0.43-pc\game\tl\portuguese\scripts\episode004\episode003\e03_008.rpyc
[OK] C:\Users\user\Desktop\RenPy\amfa_episode018_v043-0.43-pc\game\tl\portuguese\scripts\episode004\episode003\e03_009.rpy
[OK] C:\Users\user\Desktop\RenPy\amfa_episode018_v043-0.43-pc\game\tl\portuguese\scripts\episode004\episode003\e03_009.rpyc
[OK] C:\Users\user\Desktop\RenPy\amfa_episode018_v043-0.43-pc\game\tl\portuguese\scripts\episode004\episode003\e03_010.rpy
[OK] C:\Users\user\Desktop\RenPy\amfa_episode018_v043-0.43-pc\game\tl\portuguese\scripts\episode004\episode003\e03_010.rpyc
[OK] C:\Users\user\Desktop\RenPy\amfa_episode018_v043-0.43-pc\game\tl\portuguese\scripts\episode004\episode003\e03_011.rpy
[OK] C:\Users\user\Desktop\RenPy\amfa_episode018_v043-0.43-pc\game\tl\portuguese\scripts\episode004\episode003\e03_011.rpyc
[OK] C:\Users\user\Desktop\RenPy\amfa_episode018_v043-0.43-pc\game\tl\portuguese\scripts\episode004\episode003\e03_012.rpy
[OK] C:\Users\user\Desktop\RenPy\amfa_episode018_v043-0.43-pc\game\tl\portuguese\scripts\episode004\episode003\e03_012.rpyc
[OK] C:\Users\user\Desktop\RenPy\amfa_episode018_v043-0.43-pc\game\tl\portuguese\scripts\episode004\episode003\e03_013.rpy
[OK] C:\Users\user\Desktop\RenPy\amfa_episode018_v043-0.43-pc\game\tl\portuguese\scripts\episode004\episode003\e03_013.rpyc
[OK] C:\Users\user\Desktop\RenPy\amfa_episode018_v043-0.43-pc\game\tl\portuguese\scripts\episode004\episode003\e03_014.rpy
[OK] C:\Users\user\Desktop\RenPy\amfa_episode018_v043-0.43-pc\game\tl\portuguese\scripts\episode004\episode003\e03_014.rpyc
[OK] C:\Users\user\Desktop\RenPy\amfa_episode018_v043-0.43-pc\game\tl\portuguese\scripts\episode004\episode003\e03_015.rpy
[OK] C:\Users\user\Desktop\RenPy\amfa_episode018_v043-0.43-pc\game\tl\portuguese\scripts\episode004\episode003\e03_015.rpyc
[OK] C:\Users\user\Desktop\RenPy\amfa_episode018_v043-0.43-pc\game\tl\portuguese\scripts\episode004\episode003\e03_016.rpy
[OK] C:\Users\user\Desktop\RenPy\amfa_episode018_v043-0.43-pc\game\tl\portuguese\scripts\episode004\episode003\e03_016.rpyc
[OK] C:\Users\user\Desktop\RenPy\amfa_episode018_v043-0.43-pc\game\tl\portuguese\scripts\episode004\episode003\e03_017.rpy
[OK] C:\Users\user\Desktop\RenPy\amfa_episode018_v043-0.43-pc\game\tl\portuguese\scripts\episode004\episode003\e03_017.rpyc
[OK] C:\Users\user\Desktop\RenPy\amfa_episode018_v043-0.43-pc\game\tl\portuguese\scripts\episode004\episode003\e03_018.rpy
[OK] C:\Users\user\Desktop\RenPy\amfa_episode018_v043-0.43-pc\game\tl\portuguese\scripts\episode004\episode003\e03_018.rpyc
[OK] C:\Users\user\Desktop\RenPy\amfa_episode018_v043-0.43-pc\game\tl\portuguese\scripts\episode004\episode003\e03_019.rpy
[OK] C:\Users\user\Desktop\RenPy\amfa_episode018_v043-0.43-pc\game\tl\portuguese\scripts\episode004\episode003\e03_019.rpyc
[OK] C:\Users\user\Desktop\RenPy\amfa_episode018_v043-0.43-pc\game\tl\portuguese\scripts\episode004\episode003\e03_020.rpy
[OK] C:\Users\user\Desktop\RenPy\amfa_episode018_v043-0.43-pc\game\tl\portuguese\scripts\episode004\episode003\e03_020.rpyc
CÓPIA CONCLUÍDA: 2386 arquivos → C:\Users\user\Desktop\RenPy\____MINHAS FERRAMENTAS RENPY\PACOTE WELLS MANAGER CORRIGIDO\bosta\amfa_episode018_v043-0.43-pc\game
